trial_index,arm_name,trial_status,generation_method,result,n_samples,n_windows,disjoint_training_windows
0,0_0,COMPLETED,Sobol,0.328986975397973946400043132599,878,163,True
1,1_0,COMPLETED,Sobol,0.326261456825856277497166502144,951,62,False
2,2_0,COMPLETED,Sobol,0.325504100337674850962343953142,129,145,False
3,3_0,COMPLETED,Sobol,0.328986975397973946400043132599,117,132,True
4,4_0,COMPLETED,Sobol,0.318234442836468844895136953710,924,86,False
5,5_0,COMPLETED,Sobol,0.328986975397973946400043132599,405,235,True
6,6_0,COMPLETED,Sobol,0.318253738543174180541939222167,819,46,False
7,7_0,COMPLETED,Sobol,0.275318379160636728109068371850,151,86,False
8,8_0,COMPLETED,Sobol,0.296362759286058818908315970475,357,38,False
9,9_0,COMPLETED,Sobol,0.319447660395561938706521232234,977,97,False
10,10_0,COMPLETED,Sobol,0.328986975397973946400043132599,116,54,True
11,11_0,COMPLETED,Sobol,0.328986975397973946400043132599,371,126,True
12,12_0,COMPLETED,Sobol,0.328986975397973946400043132599,212,123,True
13,13_0,COMPLETED,Sobol,0.328986975397973946400043132599,287,35,True
14,14_0,COMPLETED,Sobol,0.328986975397973946400043132599,685,96,True
15,15_0,COMPLETED,Sobol,0.305517366136034751455952118704,507,161,False
16,16_0,COMPLETED,Sobol,0.328986975397973946400043132599,123,42,True
17,17_0,COMPLETED,Sobol,0.347255185721177084268163071101,209,105,False
18,18_0,COMPLETED,Sobol,0.292507235890014483103982456669,270,167,False
19,19_0,COMPLETED,Sobol,0.302040520984081073407878648140,486,132,False
20,20_0,COMPLETED,BoTorch,0.274843222383019725185704373871,152,25,False
21,21_0,COMPLETED,BoTorch,0.301420646406174608245009949314,441,218,False
22,22_0,COMPLETED,BoTorch,0.300529425952725470772008975473,390,250,False
23,23_0,COMPLETED,BoTorch,0.328986975397973946400043132599,1000,250,True
24,24_0,COMPLETED,BoTorch,0.328986975397973946400043132599,1000,25,True
25,25_0,COMPLETED,BoTorch,0.299066570188133096230842511432,440,25,False
26,26_0,COMPLETED,BoTorch,0.292056198745779038716818831745,318,78,False
27,27_0,COMPLETED,BoTorch,0.328986975397973946400043132599,100,250,True
28,28_0,COMPLETED,BoTorch,0.300810419681620810905542384717,451,160,False
29,29_0,COMPLETED,BoTorch,0.321953690303907413827744221635,1000,25,False
30,30_0,COMPLETED,BoTorch,0.300009647853352601210019656719,442,104,False
31,31_0,COMPLETED,BoTorch,0.303680656054027942047923716018,466,71,False
32,32_0,COMPLETED,BoTorch,0.296224071394114774058436978521,404,107,False
33,33_0,COMPLETED,BoTorch,0.293312831644959026711205751781,305,39,False
34,34_0,COMPLETED,BoTorch,0.293535938253738581948937280686,302,50,False
35,35_0,COMPLETED,BoTorch,0.366292812349252261405752051360,100,250,False
36,36_0,COMPLETED,BoTorch,0.264861312108055968472797303548,100,25,False
37,37_0,COMPLETED,BoTorch,0.286560540279787723250137787545,289,25,False
38,36_0,COMPLETED,BoTorch,0.264861312108055968472797303548,100,25,False
39,39_0,COMPLETED,BoTorch,0.328986975397973946400043132599,1000,65,True
40,40_0,COMPLETED,BoTorch,0.301731789676796924304369440506,426,148,False
41,24_0,COMPLETED,BoTorch,0.328986975397973946400043132599,1000,25,True
42,42_0,COMPLETED,BoTorch,0.307696575012059825304788773792,581,236,False
43,43_0,COMPLETED,BoTorch,0.304446454413892952928222257469,563,151,False
44,44_0,COMPLETED,BoTorch,0.302655571635311093636744317337,448,226,False
45,45_0,COMPLETED,BoTorch,0.308854317414375301176221455535,570,235,False
46,27_0,COMPLETED,BoTorch,0.328986975397973946400043132599,100,250,True
47,47_0,COMPLETED,BoTorch,0.291746261456825806135384482332,310,250,False
48,36_0,COMPLETED,BoTorch,0.264861312108055968472797303548,100,25,False
49,49_0,COMPLETED,BoTorch,0.328986975397973946400043132599,956,69,True
50,36_0,COMPLETED,BoTorch,0.264861312108055968472797303548,100,25,False
51,24_0,COMPLETED,BoTorch,0.328986975397973946400043132599,1000,25,True
52,36_0,COMPLETED,BoTorch,0.264861312108055968472797303548,100,25,False
53,36_0,COMPLETED,BoTorch,0.264861312108055968472797303548,100,25,False
54,36_0,COMPLETED,BoTorch,0.264861312108055968472797303548,100,25,False
55,36_0,COMPLETED,BoTorch,0.264861312108055968472797303548,100,25,False
56,36_0,COMPLETED,BoTorch,0.264861312108055968472797303548,100,25,False
57,57_0,COMPLETED,BoTorch,0.312941389290882776563762490696,652,250,False
58,24_0,COMPLETED,BoTorch,0.328986975397973946400043132599,1000,25,True
59,59_0,RUNNING,BoTorch,,125,48,False
60,60_0,COMPLETED,BoTorch,0.269288470815243652367598770070,123,42,False
61,61_0,COMPLETED,BoTorch,0.294008683068017417916450995108,320,170,False
62,62_0,COMPLETED,BoTorch,0.313212735166425448873894765711,579,159,False
63,63_0,COMPLETED,BoTorch,0.270857452966714928876967860560,123,46,False
64,63_0,COMPLETED,BoTorch,0.270857452966714928876967860560,123,46,False
65,65_0,COMPLETED,BoTorch,0.313833815726000997514688606316,683,225,False
66,66_0,COMPLETED,BoTorch,0.319536903039073783006074336299,774,250,False
67,63_0,COMPLETED,BoTorch,0.270857452966714928876967860560,123,46,False
68,68_0,COMPLETED,BoTorch,0.310701881331403750863273671712,648,208,False
69,69_0,COMPLETED,BoTorch,0.271148094548962825811599941517,123,45,False
70,69_0,COMPLETED,BoTorch,0.271148094548962825811599941517,123,45,False
71,71_0,COMPLETED,BoTorch,0.312427641099855324391398880834,725,226,False
72,72_0,COMPLETED,BoTorch,0.317257597684515224578660763655,758,242,False
73,73_0,COMPLETED,BoTorch,0.317761698022190008927623239288,865,250,False
74,74_0,COMPLETED,BoTorch,0.328986975397973946400043132599,526,63,True
75,75_0,COMPLETED,BoTorch,0.270680173661360323755786794209,122,39,False
76,76_0,COMPLETED,BoTorch,0.267215388326097480486964741431,111,25,False
77,77_0,COMPLETED,BoTorch,0.305510130246020250588401268033,530,33,False
78,78_0,COMPLETED,BoTorch,0.312721900627110471759806387126,729,178,False
79,79_0,COMPLETED,BoTorch,0.269232995658466034427647173288,112,25,False
80,80_0,COMPLETED,BoTorch,0.318338157260009690929791759118,823,250,False
81,76_0,COMPLETED,BoTorch,0.267215388326097480486964741431,111,25,False
82,82_0,COMPLETED,BoTorch,0.328986975397973946400043132599,526,109,True
83,83_0,COMPLETED,BoTorch,0.328986975397973946400043132599,576,250,True
84,76_0,COMPLETED,BoTorch,0.267215388326097480486964741431,111,25,False
85,85_0,COMPLETED,BoTorch,0.328986975397973946400043132599,535,144,True
86,86_0,COMPLETED,BoTorch,0.311863241678726477168481778790,697,25,False
87,87_0,COMPLETED,BoTorch,0.315069946936806566384348116117,707,25,False
88,88_0,COMPLETED,BoTorch,0.328986975397973946400043132599,557,111,True
89,89_0,COMPLETED,BoTorch,0.328986975397973946400043132599,479,25,True
90,90_0,COMPLETED,BoTorch,0.321057645923781942443042680679,845,250,False
91,91_0,COMPLETED,BoTorch,0.328986975397973946400043132599,622,199,True
92,92_0,COMPLETED,BoTorch,0.271739025566811398526567700173,137,42,False
93,93_0,COMPLETED,BoTorch,0.325823685479980751367179436784,1000,250,False
94,94_0,COMPLETED,BoTorch,0.313047515677761678531965117145,676,25,False
95,95_0,COMPLETED,BoTorch,0.328986975397973946400043132599,585,250,True
96,96_0,COMPLETED,BoTorch,0.311389290882778557723042922589,643,37,False
97,97_0,COMPLETED,BoTorch,0.328986975397973946400043132599,500,160,True
98,98_0,COMPLETED,BoTorch,0.328986975397973946400043132599,532,250,True
99,99_0,COMPLETED,BoTorch,0.328986975397973946400043132599,474,87,True
100,100_0,COMPLETED,BoTorch,0.328986975397973946400043132599,451,145,True
101,101_0,COMPLETED,BoTorch,0.328986975397973946400043132599,515,140,True
102,102_0,COMPLETED,BoTorch,0.328986975397973946400043132599,501,250,True
103,103_0,COMPLETED,BoTorch,0.328986975397973946400043132599,517,147,True
104,104_0,COMPLETED,BoTorch,0.273961649782923255536104534258,139,47,False
105,105_0,COMPLETED,BoTorch,0.328986975397973946400043132599,472,142,True
106,106_0,COMPLETED,BoTorch,0.328986975397973946400043132599,630,250,True
107,107_0,COMPLETED,BoTorch,0.328986975397973946400043132599,270,250,True
108,108_0,COMPLETED,BoTorch,0.328986975397973946400043132599,588,250,True
109,109_0,COMPLETED,BoTorch,0.328986975397973946400043132599,755,250,True
110,110_0,COMPLETED,BoTorch,0.266495417269657530745519125048,104,26,False
111,111_0,COMPLETED,BoTorch,0.328986975397973946400043132599,406,25,True
112,112_0,COMPLETED,BoTorch,0.328986975397973946400043132599,762,250,True
113,36_0,COMPLETED,BoTorch,0.264861312108055968472797303548,100,25,False
114,36_0,COMPLETED,BoTorch,0.264861312108055968472797303548,100,25,False
115,36_0,COMPLETED,BoTorch,0.264861312108055968472797303548,100,25,False
116,36_0,COMPLETED,BoTorch,0.264861312108055968472797303548,100,25,False
117,117_0,COMPLETED,BoTorch,0.289293294741919893020565268671,278,250,False
118,118_0,COMPLETED,BoTorch,0.322358900144717797076054921490,869,147,False
119,36_0,COMPLETED,BoTorch,0.264861312108055968472797303548,100,25,False
120,120_0,COMPLETED,BoTorch,0.291649782923299571990582990111,293,210,False
121,36_0,COMPLETED,BoTorch,0.264861312108055968472797303548,100,25,False
122,36_0,COMPLETED,BoTorch,0.264861312108055968472797303548,100,25,False
123,36_0,COMPLETED,BoTorch,0.264861312108055968472797303548,100,25,False
124,124_0,RUNNING,BoTorch,,728,250,True
125,125_0,COMPLETED,BoTorch,0.328986975397973946400043132599,904,250,True
126,36_0,COMPLETED,BoTorch,0.264861312108055968472797303548,100,25,False
127,36_0,COMPLETED,BoTorch,0.264861312108055968472797303548,100,25,False
128,36_0,COMPLETED,BoTorch,0.264861312108055968472797303548,100,25,False
129,129_0,COMPLETED,BoTorch,0.328986975397973946400043132599,728,217,True
130,36_0,COMPLETED,BoTorch,0.264861312108055968472797303548,100,25,False
131,36_0,COMPLETED,BoTorch,0.264861312108055968472797303548,100,25,False
132,36_0,COMPLETED,BoTorch,0.264861312108055968472797303548,100,25,False
133,36_0,COMPLETED,BoTorch,0.264861312108055968472797303548,100,25,False
134,36_0,COMPLETED,BoTorch,0.264861312108055968472797303548,100,25,False
135,36_0,COMPLETED,BoTorch,0.264861312108055968472797303548,100,25,False
136,36_0,COMPLETED,BoTorch,0.264861312108055968472797303548,100,25,False
137,36_0,COMPLETED,BoTorch,0.264861312108055968472797303548,100,25,False
138,36_0,COMPLETED,BoTorch,0.264861312108055968472797303548,100,25,False
139,36_0,COMPLETED,BoTorch,0.264861312108055968472797303548,100,25,False
140,36_0,COMPLETED,BoTorch,0.264861312108055968472797303548,100,25,False
141,141_0,COMPLETED,BoTorch,0.328986975397973946400043132599,794,25,True
142,36_0,COMPLETED,BoTorch,0.264861312108055968472797303548,100,25,False
143,36_0,COMPLETED,BoTorch,0.264861312108055968472797303548,100,25,False
144,36_0,COMPLETED,BoTorch,0.264861312108055968472797303548,100,25,False
145,36_0,COMPLETED,BoTorch,0.264861312108055968472797303548,100,25,False
146,36_0,COMPLETED,BoTorch,0.264861312108055968472797303548,100,25,False
147,36_0,COMPLETED,BoTorch,0.264861312108055968472797303548,100,25,False
148,36_0,COMPLETED,BoTorch,0.264861312108055968472797303548,100,25,False
149,36_0,COMPLETED,BoTorch,0.264861312108055968472797303548,100,25,False
150,36_0,COMPLETED,BoTorch,0.264861312108055968472797303548,100,25,False
151,36_0,COMPLETED,BoTorch,0.264861312108055968472797303548,100,25,False
152,152_0,COMPLETED,BoTorch,0.328986975397973946400043132599,812,25,True
153,153_0,COMPLETED,BoTorch,0.328986975397973946400043132599,880,165,True
154,36_0,COMPLETED,BoTorch,0.264861312108055968472797303548,100,25,False
155,36_0,COMPLETED,BoTorch,0.264861312108055968472797303548,100,25,False
156,156_0,COMPLETED,BoTorch,0.328986975397973946400043132599,682,95,True
157,36_0,COMPLETED,BoTorch,0.264861312108055968472797303548,100,25,False
158,36_0,COMPLETED,BoTorch,0.264861312108055968472797303548,100,25,False
159,159_0,COMPLETED,BoTorch,0.328986975397973946400043132599,685,103,True
160,36_0,COMPLETED,BoTorch,0.264861312108055968472797303548,100,25,False
161,161_0,COMPLETED,BoTorch,0.328986975397973946400043132599,712,88,True
162,162_0,COMPLETED,BoTorch,0.328986975397973946400043132599,829,64,True
163,163_0,COMPLETED,BoTorch,0.328986975397973946400043132599,819,25,True
164,164_0,COMPLETED,BoTorch,0.328986975397973946400043132599,800,114,True
165,36_0,COMPLETED,BoTorch,0.264861312108055968472797303548,100,25,False
166,166_0,COMPLETED,BoTorch,0.328986975397973946400043132599,674,110,True
167,167_0,COMPLETED,BoTorch,0.328986975397973946400043132599,773,25,True
168,36_0,COMPLETED,BoTorch,0.264861312108055968472797303548,100,25,False
169,169_0,COMPLETED,BoTorch,0.321876507477086293285140072840,928,250,False
170,170_0,COMPLETED,BoTorch,0.328986975397973946400043132599,708,91,True
171,36_0,COMPLETED,BoTorch,0.264861312108055968472797303548,100,25,False
172,36_0,COMPLETED,BoTorch,0.264861312108055968472797303548,100,25,False
173,173_0,COMPLETED,BoTorch,0.328986975397973946400043132599,696,100,True
174,36_0,COMPLETED,BoTorch,0.264861312108055968472797303548,100,25,False
175,36_0,COMPLETED,BoTorch,0.264861312108055968472797303548,100,25,False
176,36_0,COMPLETED,BoTorch,0.264861312108055968472797303548,100,25,False
177,36_0,COMPLETED,BoTorch,0.264861312108055968472797303548,100,25,False
178,36_0,COMPLETED,BoTorch,0.264861312108055968472797303548,100,25,False
179,36_0,COMPLETED,BoTorch,0.264861312108055968472797303548,100,25,False
180,36_0,COMPLETED,BoTorch,0.264861312108055968472797303548,100,25,False
181,36_0,COMPLETED,BoTorch,0.264861312108055968472797303548,100,25,False
182,36_0,COMPLETED,BoTorch,0.264861312108055968472797303548,100,25,False
183,36_0,COMPLETED,BoTorch,0.264861312108055968472797303548,100,25,False
184,36_0,COMPLETED,BoTorch,0.264861312108055968472797303548,100,25,False
185,36_0,COMPLETED,BoTorch,0.264861312108055968472797303548,100,25,False
186,36_0,COMPLETED,BoTorch,0.264861312108055968472797303548,100,25,False
187,36_0,COMPLETED,BoTorch,0.264861312108055968472797303548,100,25,False
188,36_0,COMPLETED,BoTorch,0.264861312108055968472797303548,100,25,False
189,36_0,COMPLETED,BoTorch,0.264861312108055968472797303548,100,25,False
190,36_0,COMPLETED,BoTorch,0.264861312108055968472797303548,100,25,False
191,36_0,COMPLETED,BoTorch,0.264861312108055968472797303548,100,25,False
192,36_0,COMPLETED,BoTorch,0.264861312108055968472797303548,100,25,False
193,36_0,COMPLETED,BoTorch,0.264861312108055968472797303548,100,25,False
194,36_0,COMPLETED,BoTorch,0.264861312108055968472797303548,100,25,False
195,36_0,COMPLETED,BoTorch,0.264861312108055968472797303548,100,25,False
196,36_0,COMPLETED,BoTorch,0.264861312108055968472797303548,100,25,False
197,36_0,COMPLETED,BoTorch,0.264861312108055968472797303548,100,25,False
198,36_0,COMPLETED,BoTorch,0.264861312108055968472797303548,100,25,False
199,36_0,COMPLETED,BoTorch,0.264861312108055968472797303548,100,25,False
200,36_0,COMPLETED,BoTorch,0.264861312108055968472797303548,100,25,False
201,36_0,COMPLETED,BoTorch,0.264861312108055968472797303548,100,25,False
202,36_0,COMPLETED,BoTorch,0.264861312108055968472797303548,100,25,False
203,36_0,COMPLETED,BoTorch,0.264861312108055968472797303548,100,25,False
204,36_0,COMPLETED,BoTorch,0.264861312108055968472797303548,100,25,False
205,36_0,COMPLETED,BoTorch,0.264861312108055968472797303548,100,25,False
206,36_0,COMPLETED,BoTorch,0.264861312108055968472797303548,100,25,False
207,36_0,COMPLETED,BoTorch,0.264861312108055968472797303548,100,25,False
208,36_0,COMPLETED,BoTorch,0.264861312108055968472797303548,100,25,False
209,36_0,COMPLETED,BoTorch,0.264861312108055968472797303548,100,25,False
210,36_0,COMPLETED,BoTorch,0.264861312108055968472797303548,100,25,False
211,36_0,COMPLETED,BoTorch,0.264861312108055968472797303548,100,25,False
212,36_0,COMPLETED,BoTorch,0.264861312108055968472797303548,100,25,False
213,36_0,COMPLETED,BoTorch,0.264861312108055968472797303548,100,25,False
214,36_0,COMPLETED,BoTorch,0.264861312108055968472797303548,100,25,False
215,36_0,COMPLETED,BoTorch,0.264861312108055968472797303548,100,25,False
216,36_0,COMPLETED,BoTorch,0.264861312108055968472797303548,100,25,False
217,36_0,COMPLETED,BoTorch,0.264861312108055968472797303548,100,25,False
218,36_0,COMPLETED,BoTorch,0.264861312108055968472797303548,100,25,False
219,36_0,COMPLETED,BoTorch,0.264861312108055968472797303548,100,25,False
220,36_0,COMPLETED,BoTorch,0.264861312108055968472797303548,100,25,False
221,36_0,COMPLETED,BoTorch,0.264861312108055968472797303548,100,25,False
222,36_0,COMPLETED,BoTorch,0.264861312108055968472797303548,100,25,False
223,36_0,COMPLETED,BoTorch,0.264861312108055968472797303548,100,25,False
224,36_0,COMPLETED,BoTorch,0.264861312108055968472797303548,100,25,False
225,225_0,COMPLETED,BoTorch,0.267549445248432271604599463899,121,78,False
226,36_0,COMPLETED,BoTorch,0.264861312108055968472797303548,100,25,False
227,36_0,COMPLETED,BoTorch,0.264861312108055968472797303548,100,25,False
228,36_0,COMPLETED,BoTorch,0.264861312108055968472797303548,100,25,False
229,36_0,COMPLETED,BoTorch,0.264861312108055968472797303548,100,25,False
230,36_0,RUNNING,BoTorch,,100,25,False
231,36_0,COMPLETED,BoTorch,0.264861312108055968472797303548,100,25,False
232,36_0,COMPLETED,BoTorch,0.264861312108055968472797303548,100,25,False
233,36_0,COMPLETED,BoTorch,0.264861312108055968472797303548,100,25,False
234,36_0,COMPLETED,BoTorch,0.264861312108055968472797303548,100,25,False
235,36_0,COMPLETED,BoTorch,0.264861312108055968472797303548,100,25,False
236,36_0,COMPLETED,BoTorch,0.264861312108055968472797303548,100,25,False
237,36_0,COMPLETED,BoTorch,0.264861312108055968472797303548,100,25,False
238,36_0,COMPLETED,BoTorch,0.264861312108055968472797303548,100,25,False
239,239_0,COMPLETED,BoTorch,0.303071635311143228186381293199,571,90,False
240,36_0,COMPLETED,BoTorch,0.264861312108055968472797303548,100,25,False
241,36_0,COMPLETED,BoTorch,0.264861312108055968472797303548,100,25,False
242,36_0,COMPLETED,BoTorch,0.264861312108055968472797303548,100,25,False
243,36_0,COMPLETED,BoTorch,0.264861312108055968472797303548,100,25,False
244,244_0,COMPLETED,BoTorch,0.306473709599614063670003361040,568,93,False
245,36_0,COMPLETED,BoTorch,0.264861312108055968472797303548,100,25,False
246,36_0,COMPLETED,BoTorch,0.264861312108055968472797303548,100,25,False
247,36_0,COMPLETED,BoTorch,0.264861312108055968472797303548,100,25,False
248,36_0,COMPLETED,BoTorch,0.264861312108055968472797303548,100,25,False
249,36_0,COMPLETED,BoTorch,0.264861312108055968472797303548,100,25,False
250,36_0,COMPLETED,BoTorch,0.264861312108055968472797303548,100,25,False
251,36_0,COMPLETED,BoTorch,0.264861312108055968472797303548,100,25,False
252,36_0,COMPLETED,BoTorch,0.264861312108055968472797303548,100,25,False
253,253_0,COMPLETED,BoTorch,0.310180897250361797823359211179,633,99,False
254,36_0,COMPLETED,BoTorch,0.264861312108055968472797303548,100,25,False
255,36_0,COMPLETED,BoTorch,0.264861312108055968472797303548,100,25,False
256,256_0,COMPLETED,BoTorch,0.321927158707187688335693565023,1000,155,False
257,36_0,COMPLETED,BoTorch,0.264861312108055968472797303548,100,25,False
258,36_0,COMPLETED,BoTorch,0.264861312108055968472797303548,100,25,False
259,36_0,COMPLETED,BoTorch,0.264861312108055968472797303548,100,25,False
260,36_0,COMPLETED,BoTorch,0.264861312108055968472797303548,100,25,False
261,36_0,COMPLETED,BoTorch,0.264861312108055968472797303548,100,25,False
262,36_0,COMPLETED,BoTorch,0.264861312108055968472797303548,100,25,False
263,36_0,COMPLETED,BoTorch,0.264861312108055968472797303548,100,25,False
264,36_0,COMPLETED,BoTorch,0.264861312108055968472797303548,100,25,False
265,36_0,COMPLETED,BoTorch,0.264861312108055968472797303548,100,25,False
266,36_0,COMPLETED,BoTorch,0.264861312108055968472797303548,100,25,False
267,267_0,COMPLETED,BoTorch,0.328986975397973946400043132599,232,185,True
268,268_0,COMPLETED,BoTorch,0.328986975397973946400043132599,1000,136,True
269,269_0,COMPLETED,BoTorch,0.327807525325615078948260361358,1000,186,False
270,270_0,COMPLETED,BoTorch,0.317878678244090662197152141744,865,146,False
271,271_0,COMPLETED,BoTorch,0.328986975397973946400043132599,114,193,True
272,272_0,COMPLETED,BoTorch,0.328986975397973946400043132599,264,184,True
273,36_0,COMPLETED,BoTorch,0.264861312108055968472797303548,100,25,False
274,36_0,COMPLETED,BoTorch,0.264861312108055968472797303548,100,25,False
275,36_0,COMPLETED,BoTorch,0.264861312108055968472797303548,100,25,False
276,276_0,COMPLETED,BoTorch,0.328986975397973946400043132599,188,190,True
277,277_0,COMPLETED,BoTorch,0.319558610709117174586424425797,862,202,False
278,36_0,COMPLETED,BoTorch,0.264861312108055968472797303548,100,25,False
279,36_0,COMPLETED,BoTorch,0.264861312108055968472797303548,100,25,False
280,280_0,COMPLETED,BoTorch,0.328986975397973946400043132599,161,166,True
281,36_0,COMPLETED,BoTorch,0.264861312108055968472797303548,100,25,False
282,36_0,COMPLETED,BoTorch,0.264861312108055968472797303548,100,25,False
283,36_0,COMPLETED,BoTorch,0.264861312108055968472797303548,100,25,False
284,36_0,COMPLETED,BoTorch,0.264861312108055968472797303548,100,25,False
285,36_0,COMPLETED,BoTorch,0.264861312108055968472797303548,100,25,False
286,36_0,COMPLETED,BoTorch,0.264861312108055968472797303548,100,25,False
287,36_0,COMPLETED,BoTorch,0.264861312108055968472797303548,100,25,False
288,288_0,COMPLETED,BoTorch,0.318431017848528674640817826003,801,124,False
289,36_0,COMPLETED,BoTorch,0.264861312108055968472797303548,100,25,False
290,36_0,COMPLETED,BoTorch,0.264861312108055968472797303548,100,25,False
291,36_0,COMPLETED,BoTorch,0.264861312108055968472797303548,100,25,False
292,36_0,COMPLETED,BoTorch,0.264861312108055968472797303548,100,25,False
293,36_0,COMPLETED,BoTorch,0.264861312108055968472797303548,100,25,False
294,36_0,COMPLETED,BoTorch,0.264861312108055968472797303548,100,25,False
295,36_0,COMPLETED,BoTorch,0.264861312108055968472797303548,100,25,False
296,36_0,COMPLETED,BoTorch,0.264861312108055968472797303548,100,25,False
297,36_0,COMPLETED,BoTorch,0.264861312108055968472797303548,100,25,False
298,298_0,COMPLETED,BoTorch,0.316766763145200247464572385070,820,43,False
299,36_0,COMPLETED,BoTorch,0.264861312108055968472797303548,100,25,False
300,300_0,COMPLETED,BoTorch,0.316505065123010131955538781767,823,132,False
301,301_0,COMPLETED,BoTorch,0.315887602508441833748520366498,822,121,False
302,36_0,COMPLETED,BoTorch,0.264861312108055968472797303548,100,25,False
303,36_0,COMPLETED,BoTorch,0.264861312108055968472797303548,100,25,False
304,36_0,COMPLETED,BoTorch,0.264861312108055968472797303548,100,25,False
305,36_0,COMPLETED,BoTorch,0.264861312108055968472797303548,100,25,False
306,36_0,COMPLETED,BoTorch,0.264861312108055968472797303548,100,25,False
307,36_0,COMPLETED,BoTorch,0.264861312108055968472797303548,100,25,False
308,36_0,COMPLETED,BoTorch,0.264861312108055968472797303548,100,25,False
309,36_0,COMPLETED,BoTorch,0.264861312108055968472797303548,100,25,False
310,36_0,COMPLETED,BoTorch,0.264861312108055968472797303548,100,25,False
311,36_0,COMPLETED,BoTorch,0.264861312108055968472797303548,100,25,False
312,36_0,COMPLETED,BoTorch,0.264861312108055968472797303548,100,25,False
313,36_0,COMPLETED,BoTorch,0.264861312108055968472797303548,100,25,False
314,36_0,COMPLETED,BoTorch,0.264861312108055968472797303548,100,25,False
315,36_0,COMPLETED,BoTorch,0.264861312108055968472797303548,100,25,False
316,36_0,COMPLETED,BoTorch,0.264861312108055968472797303548,100,25,False
317,36_0,COMPLETED,BoTorch,0.264861312108055968472797303548,100,25,False
318,36_0,COMPLETED,BoTorch,0.264861312108055968472797303548,100,25,False
319,36_0,COMPLETED,BoTorch,0.264861312108055968472797303548,100,25,False
320,36_0,COMPLETED,BoTorch,0.264861312108055968472797303548,100,25,False
321,36_0,COMPLETED,BoTorch,0.264861312108055968472797303548,100,25,False
322,322_0,COMPLETED,BoTorch,0.317793053545586068331374463014,874,25,False
323,36_0,COMPLETED,BoTorch,0.264861312108055968472797303548,100,25,False
324,36_0,COMPLETED,BoTorch,0.264861312108055968472797303548,100,25,False
325,36_0,COMPLETED,BoTorch,0.264861312108055968472797303548,100,25,False
326,36_0,COMPLETED,BoTorch,0.264861312108055968472797303548,100,25,False
327,322_0,COMPLETED,BoTorch,0.317793053545586068331374463014,874,25,False
328,36_0,COMPLETED,BoTorch,0.264861312108055968472797303548,100,25,False
329,36_0,COMPLETED,BoTorch,0.264861312108055968472797303548,100,25,False
330,36_0,COMPLETED,BoTorch,0.264861312108055968472797303548,100,25,False
331,36_0,COMPLETED,BoTorch,0.264861312108055968472797303548,100,25,False
332,36_0,COMPLETED,BoTorch,0.264861312108055968472797303548,100,25,False
333,36_0,COMPLETED,BoTorch,0.264861312108055968472797303548,100,25,False
334,36_0,COMPLETED,BoTorch,0.264861312108055968472797303548,100,25,False
335,36_0,COMPLETED,BoTorch,0.264861312108055968472797303548,100,25,False
336,36_0,RUNNING,BoTorch,,100,25,False
337,36_0,COMPLETED,BoTorch,0.264861312108055968472797303548,100,25,False
338,36_0,COMPLETED,BoTorch,0.264861312108055968472797303548,100,25,False
339,339_0,COMPLETED,BoTorch,0.296500241196333780280269820651,367,74,False
340,36_0,COMPLETED,BoTorch,0.264861312108055968472797303548,100,25,False
341,36_0,COMPLETED,BoTorch,0.264861312108055968472797303548,100,25,False
342,342_0,COMPLETED,BoTorch,0.307613362276893398394861378620,582,25,False
343,36_0,COMPLETED,BoTorch,0.264861312108055968472797303548,100,25,False
344,36_0,COMPLETED,BoTorch,0.264861312108055968472797303548,100,25,False
345,36_0,COMPLETED,BoTorch,0.264861312108055968472797303548,100,25,False
346,36_0,COMPLETED,BoTorch,0.264861312108055968472797303548,100,25,False
347,36_0,COMPLETED,BoTorch,0.264861312108055968472797303548,100,25,False
348,36_0,COMPLETED,BoTorch,0.264861312108055968472797303548,100,25,False
349,36_0,COMPLETED,BoTorch,0.264861312108055968472797303548,100,25,False
350,36_0,COMPLETED,BoTorch,0.264861312108055968472797303548,100,25,False
351,342_0,COMPLETED,BoTorch,0.307613362276893398394861378620,582,25,False
352,36_0,COMPLETED,BoTorch,0.264861312108055968472797303548,100,25,False
353,36_0,COMPLETED,BoTorch,0.264861312108055968472797303548,100,25,False
354,36_0,COMPLETED,BoTorch,0.264861312108055968472797303548,100,25,False
355,355_0,COMPLETED,BoTorch,0.328986975397973946400043132599,616,25,True
356,36_0,COMPLETED,BoTorch,0.264861312108055968472797303548,100,25,False
357,36_0,COMPLETED,BoTorch,0.264861312108055968472797303548,100,25,False
358,36_0,COMPLETED,BoTorch,0.264861312108055968472797303548,100,25,False
359,36_0,COMPLETED,BoTorch,0.264861312108055968472797303548,100,25,False
360,36_0,COMPLETED,BoTorch,0.264861312108055968472797303548,100,25,False
361,36_0,COMPLETED,BoTorch,0.264861312108055968472797303548,100,25,False
362,36_0,COMPLETED,BoTorch,0.264861312108055968472797303548,100,25,False
363,36_0,COMPLETED,BoTorch,0.264861312108055968472797303548,100,25,False
364,36_0,COMPLETED,BoTorch,0.264861312108055968472797303548,100,25,False
365,36_0,COMPLETED,BoTorch,0.264861312108055968472797303548,100,25,False
366,36_0,COMPLETED,BoTorch,0.264861312108055968472797303548,100,25,False
367,36_0,COMPLETED,BoTorch,0.264861312108055968472797303548,100,25,False
368,36_0,COMPLETED,BoTorch,0.264861312108055968472797303548,100,25,False
369,36_0,COMPLETED,BoTorch,0.264861312108055968472797303548,100,25,False
370,36_0,COMPLETED,BoTorch,0.264861312108055968472797303548,100,25,False
371,36_0,COMPLETED,BoTorch,0.264861312108055968472797303548,100,25,False
372,36_0,COMPLETED,BoTorch,0.264861312108055968472797303548,100,25,False
373,36_0,COMPLETED,BoTorch,0.264861312108055968472797303548,100,25,False
374,36_0,COMPLETED,BoTorch,0.264861312108055968472797303548,100,25,False
375,36_0,COMPLETED,BoTorch,0.264861312108055968472797303548,100,25,False
376,36_0,COMPLETED,BoTorch,0.264861312108055968472797303548,100,25,False
377,36_0,COMPLETED,BoTorch,0.264861312108055968472797303548,100,25,False
378,36_0,COMPLETED,BoTorch,0.264861312108055968472797303548,100,25,False
379,36_0,COMPLETED,BoTorch,0.264861312108055968472797303548,100,25,False
380,36_0,COMPLETED,BoTorch,0.264861312108055968472797303548,100,25,False
381,381_0,COMPLETED,BoTorch,0.293787988422576029634569749760,339,120,False
382,36_0,COMPLETED,BoTorch,0.264861312108055968472797303548,100,25,False
383,36_0,COMPLETED,BoTorch,0.264861312108055968472797303548,100,25,False
384,36_0,COMPLETED,BoTorch,0.264861312108055968472797303548,100,25,False
385,36_0,COMPLETED,BoTorch,0.264861312108055968472797303548,100,25,False
386,36_0,COMPLETED,BoTorch,0.264861312108055968472797303548,100,25,False
387,387_0,COMPLETED,BoTorch,0.292752050168837429922064075072,306,231,False
388,36_0,COMPLETED,BoTorch,0.264861312108055968472797303548,100,25,False
389,36_0,COMPLETED,BoTorch,0.264861312108055968472797303548,100,25,False
390,36_0,COMPLETED,BoTorch,0.264861312108055968472797303548,100,25,False
391,36_0,COMPLETED,BoTorch,0.264861312108055968472797303548,100,25,False
392,36_0,COMPLETED,BoTorch,0.264861312108055968472797303548,100,25,False
393,36_0,COMPLETED,BoTorch,0.264861312108055968472797303548,100,25,False
394,36_0,COMPLETED,BoTorch,0.264861312108055968472797303548,100,25,False
395,36_0,COMPLETED,BoTorch,0.264861312108055968472797303548,100,25,False
396,36_0,COMPLETED,BoTorch,0.264861312108055968472797303548,100,25,False
397,36_0,COMPLETED,BoTorch,0.264861312108055968472797303548,100,25,False
398,36_0,COMPLETED,BoTorch,0.264861312108055968472797303548,100,25,False
399,36_0,COMPLETED,BoTorch,0.264861312108055968472797303548,100,25,False
400,36_0,COMPLETED,BoTorch,0.264861312108055968472797303548,100,25,False
401,36_0,COMPLETED,BoTorch,0.264861312108055968472797303548,100,25,False
402,36_0,COMPLETED,BoTorch,0.264861312108055968472797303548,100,25,False
403,36_0,COMPLETED,BoTorch,0.264861312108055968472797303548,100,25,False
404,36_0,COMPLETED,BoTorch,0.264861312108055968472797303548,100,25,False
405,405_0,COMPLETED,BoTorch,0.328986975397973946400043132599,100,25,True
406,36_0,COMPLETED,BoTorch,0.264861312108055968472797303548,100,25,False
407,36_0,COMPLETED,BoTorch,0.264861312108055968472797303548,100,25,False
408,36_0,COMPLETED,BoTorch,0.264861312108055968472797303548,100,25,False
409,36_0,COMPLETED,BoTorch,0.264861312108055968472797303548,100,25,False
410,36_0,COMPLETED,BoTorch,0.264861312108055968472797303548,100,25,False
411,36_0,COMPLETED,BoTorch,0.264861312108055968472797303548,100,25,False
412,36_0,COMPLETED,BoTorch,0.264861312108055968472797303548,100,25,False
413,36_0,COMPLETED,BoTorch,0.264861312108055968472797303548,100,25,False
414,36_0,COMPLETED,BoTorch,0.264861312108055968472797303548,100,25,False
415,36_0,COMPLETED,BoTorch,0.264861312108055968472797303548,100,25,False
416,36_0,COMPLETED,BoTorch,0.264861312108055968472797303548,100,25,False
417,36_0,COMPLETED,BoTorch,0.264861312108055968472797303548,100,25,False
418,36_0,COMPLETED,BoTorch,0.264861312108055968472797303548,100,25,False
419,36_0,COMPLETED,BoTorch,0.264861312108055968472797303548,100,25,False
420,36_0,COMPLETED,BoTorch,0.264861312108055968472797303548,100,25,False
421,36_0,COMPLETED,BoTorch,0.264861312108055968472797303548,100,25,False
422,36_0,COMPLETED,BoTorch,0.264861312108055968472797303548,100,25,False
423,36_0,COMPLETED,BoTorch,0.264861312108055968472797303548,100,25,False
424,36_0,COMPLETED,BoTorch,0.264861312108055968472797303548,100,25,False
425,36_0,COMPLETED,BoTorch,0.264861312108055968472797303548,100,25,False
426,36_0,COMPLETED,BoTorch,0.264861312108055968472797303548,100,25,False
427,36_0,COMPLETED,BoTorch,0.264861312108055968472797303548,100,25,False
428,36_0,COMPLETED,BoTorch,0.264861312108055968472797303548,100,25,False
429,36_0,COMPLETED,BoTorch,0.264861312108055968472797303548,100,25,False
430,36_0,COMPLETED,BoTorch,0.264861312108055968472797303548,100,25,False
431,36_0,COMPLETED,BoTorch,0.264861312108055968472797303548,100,25,False
432,36_0,COMPLETED,BoTorch,0.264861312108055968472797303548,100,25,False
433,36_0,COMPLETED,BoTorch,0.264861312108055968472797303548,100,25,False
434,36_0,COMPLETED,BoTorch,0.264861312108055968472797303548,100,25,False
435,36_0,COMPLETED,BoTorch,0.264861312108055968472797303548,100,25,False
436,36_0,COMPLETED,BoTorch,0.264861312108055968472797303548,100,25,False
437,36_0,COMPLETED,BoTorch,0.264861312108055968472797303548,100,25,False
438,36_0,COMPLETED,BoTorch,0.264861312108055968472797303548,100,25,False
439,36_0,COMPLETED,BoTorch,0.264861312108055968472797303548,100,25,False
440,36_0,COMPLETED,BoTorch,0.264861312108055968472797303548,100,25,False
441,36_0,COMPLETED,BoTorch,0.264861312108055968472797303548,100,25,False
442,36_0,COMPLETED,BoTorch,0.264861312108055968472797303548,100,25,False
443,36_0,COMPLETED,BoTorch,0.264861312108055968472797303548,100,25,False
444,36_0,COMPLETED,BoTorch,0.264861312108055968472797303548,100,25,False
445,36_0,COMPLETED,BoTorch,0.264861312108055968472797303548,100,25,False
446,36_0,COMPLETED,BoTorch,0.264861312108055968472797303548,100,25,False
447,36_0,COMPLETED,BoTorch,0.264861312108055968472797303548,100,25,False
448,36_0,COMPLETED,BoTorch,0.264861312108055968472797303548,100,25,False
449,36_0,RUNNING,BoTorch,,100,25,False
450,36_0,COMPLETED,BoTorch,0.264861312108055968472797303548,100,25,False
451,36_0,COMPLETED,BoTorch,0.264861312108055968472797303548,100,25,False
452,36_0,COMPLETED,BoTorch,0.264861312108055968472797303548,100,25,False
453,36_0,COMPLETED,BoTorch,0.264861312108055968472797303548,100,25,False
454,36_0,COMPLETED,BoTorch,0.264861312108055968472797303548,100,25,False
455,36_0,COMPLETED,BoTorch,0.264861312108055968472797303548,100,25,False
456,36_0,COMPLETED,BoTorch,0.264861312108055968472797303548,100,25,False
457,36_0,COMPLETED,BoTorch,0.264861312108055968472797303548,100,25,False
458,36_0,COMPLETED,BoTorch,0.264861312108055968472797303548,100,25,False
459,36_0,COMPLETED,BoTorch,0.264861312108055968472797303548,100,25,False
460,36_0,COMPLETED,BoTorch,0.264861312108055968472797303548,100,25,False
461,36_0,COMPLETED,BoTorch,0.264861312108055968472797303548,100,25,False
462,36_0,COMPLETED,BoTorch,0.264861312108055968472797303548,100,25,False
463,36_0,COMPLETED,BoTorch,0.264861312108055968472797303548,100,25,False
464,36_0,COMPLETED,BoTorch,0.264861312108055968472797303548,100,25,False
465,36_0,COMPLETED,BoTorch,0.264861312108055968472797303548,100,25,False
466,36_0,COMPLETED,BoTorch,0.264861312108055968472797303548,100,25,False
467,36_0,COMPLETED,BoTorch,0.264861312108055968472797303548,100,25,False
468,36_0,COMPLETED,BoTorch,0.264861312108055968472797303548,100,25,False
469,36_0,COMPLETED,BoTorch,0.264861312108055968472797303548,100,25,False
470,36_0,COMPLETED,BoTorch,0.264861312108055968472797303548,100,25,False
471,36_0,COMPLETED,BoTorch,0.264861312108055968472797303548,100,25,False
472,36_0,COMPLETED,BoTorch,0.264861312108055968472797303548,100,25,False
473,36_0,COMPLETED,BoTorch,0.264861312108055968472797303548,100,25,False
474,36_0,COMPLETED,BoTorch,0.264861312108055968472797303548,100,25,False
475,36_0,COMPLETED,BoTorch,0.264861312108055968472797303548,100,25,False
476,36_0,COMPLETED,BoTorch,0.264861312108055968472797303548,100,25,False
477,36_0,COMPLETED,BoTorch,0.264861312108055968472797303548,100,25,False
478,36_0,COMPLETED,BoTorch,0.264861312108055968472797303548,100,25,False
479,36_0,COMPLETED,BoTorch,0.264861312108055968472797303548,100,25,False
480,36_0,COMPLETED,BoTorch,0.264861312108055968472797303548,100,25,False
481,36_0,COMPLETED,BoTorch,0.264861312108055968472797303548,100,25,False
482,36_0,COMPLETED,BoTorch,0.264861312108055968472797303548,100,25,False
483,483_0,COMPLETED,BoTorch,0.292872648335745333625368402863,248,25,False
484,36_0,COMPLETED,BoTorch,0.264861312108055968472797303548,100,25,False
485,36_0,COMPLETED,BoTorch,0.264861312108055968472797303548,100,25,False
486,36_0,COMPLETED,BoTorch,0.264861312108055968472797303548,100,25,False
487,36_0,COMPLETED,BoTorch,0.264861312108055968472797303548,100,25,False
488,36_0,COMPLETED,BoTorch,0.264861312108055968472797303548,100,25,False
489,36_0,COMPLETED,BoTorch,0.264861312108055968472797303548,100,25,False
490,36_0,COMPLETED,BoTorch,0.264861312108055968472797303548,100,25,False
491,36_0,COMPLETED,BoTorch,0.264861312108055968472797303548,100,25,False
492,36_0,COMPLETED,BoTorch,0.264861312108055968472797303548,100,25,False
493,493_0,COMPLETED,BoTorch,0.282150265315967208046288305923,209,25,False
494,36_0,COMPLETED,BoTorch,0.264861312108055968472797303548,100,25,False
495,36_0,COMPLETED,BoTorch,0.264861312108055968472797303548,100,25,False
496,36_0,COMPLETED,BoTorch,0.264861312108055968472797303548,100,25,False
497,36_0,COMPLETED,BoTorch,0.264861312108055968472797303548,100,25,False
498,498_0,COMPLETED,BoTorch,0.269436806560540254018576433737,126,80,False
499,36_0,COMPLETED,BoTorch,0.264861312108055968472797303548,100,25,False
