trial_index,arm_name,trial_status,generation_method,result,n_samples,const,max_depth,threshold
0,0_0,COMPLETED,Sobol,0.296618570327128572294839159440,769,0.179557363688945759161441628748,4,0.684567558765411421362045985006
1,1_0,COMPLETED,Sobol,0.293038880934023526769749423693,200,0.793849396519362926483154296875,4,0.584290709905326499651323501894
2,2_0,COMPLETED,Sobol,0.298050446084370479482572591223,721,0.281833939626812912671027788747,3,0.548442964069545402239214126894
3,3_0,COMPLETED,Sobol,0.286925872893490474524469391326,119,0.481403946131467863622788172506,4,0.417066838219761870654167523753
4,4_0,COMPLETED,Sobol,0.294746117413812069862899534201,225,0.219617746211588388272062388751,2,0.776847092993557586382280533144
5,5_0,COMPLETED,Sobol,0.290946139442669893249160395499,134,0.765126441605389118194580078125,3,0.701942122541368007659912109375
6,6_0,COMPLETED,Sobol,0.292763520211477001886635207484,200,0.746354395803064063485976475931,4,0.704542430862784563316836283775
7,7_0,COMPLETED,Sobol,0.290009912986011642033190582879,207,0.507500544004142351006692024384,3,0.204876374453306198120117187500
8,8_0,COMPLETED,Sobol,0.300804053309835839336017215828,916,0.316926635522395416799668055319,4,0.705207260511815592352036219381
9,9_0,COMPLETED,Sobol,0.288412820795241775506667636364,135,0.634223212115466616900505414378,2,0.652044752985239117748506032513
10,10_0,COMPLETED,Sobol,0.292653375922458436342310506006,574,0.755943340808153174670280805003,2,0.270165017060935541692856531881
11,11_0,COMPLETED,Sobol,0.296122921026544805300773077761,475,0.533335997816175244601311078441,2,0.448894356191158361291115852509
12,12_0,COMPLETED,Sobol,0.297830157506333348393923188269,512,0.396652586106211013650124641572,4,0.599712880328297615051269531250
13,13_0,COMPLETED,Sobol,0.285769357858794981197547713236,142,0.115800998918712150231868918127,4,0.742901873216033070690400563763
14,14_0,COMPLETED,Sobol,0.294966405991849311973851399671,967,0.668990551866590954510627398122,3,0.707836289703846155418887065025
15,15_0,COMPLETED,Sobol,0.293479458090098010991653154633,220,0.559539464954286969167185361584,4,0.473165405727922983025734993134
16,16_0,COMPLETED,Sobol,0.298986672541028730698542403843,907,0.972348522208630994256850499369,2,0.336468357220292113574089398753
17,17_0,COMPLETED,Sobol,0.295462055292433078967917481350,718,0.660013105254620313644409179688,3,0.672342156805098123406594368134
18,18_0,COMPLETED,Sobol,0.300748981165326556563854865090,632,0.320575515180826164929328569997,4,0.320075014792382761541489344381
19,19_0,COMPLETED,Sobol,0.293314241656570051652863639902,204,0.419829713460058040475075813447,3,0.637583696842193736742387955019
20,20_0,COMPLETED,BoTorch,0.284888203546646123776042713871,100,0.178817477458164175718735577902,4,0.612318582597064509087658734643
21,21_0,COMPLETED,BoTorch,0.285328780702720607997946444812,100,0.166096812229695856011346677406,4,0.800000000000000044408920985006
22,22_0,COMPLETED,BoTorch,0.285328780702720607997946444812,100,0.384949810979415718570351145900,3,0.346852249515900434850834699319
23,23_0,COMPLETED,BoTorch,0.285824430003304374992012526491,122,0.100000000000000005551115123126,4,0.570140123873906334850403254677
24,24_0,COMPLETED,BoTorch,0.285218636413701931431319280819,100,0.625955711458969332738888624590,2,0.318947038178190145352175477456
25,25_0,COMPLETED,BoTorch,0.285328780702720607997946444812,100,0.270486862757708834692493837792,4,0.658530852418251155810935415502
26,26_0,COMPLETED,BoTorch,0.286154862870360182647289093438,100,0.100000000000000005551115123126,3,0.693723366458314338878210492112
27,27_0,COMPLETED,BoTorch,0.290064985130521035827655396133,143,0.100000000000000005551115123126,4,0.800000000000000044408920985006
28,28_0,COMPLETED,BoTorch,0.285328780702720607997946444812,100,0.579674771598672200489943406865,3,0.200000000000000011102230246252
29,29_0,COMPLETED,BoTorch,0.288467892939751058278829987103,100,0.100000000000000005551115123126,4,0.684444219083301330641688764445
30,30_0,COMPLETED,BoTorch,0.285328780702720607997946444812,100,0.285605756310100822314979041039,3,0.543310363468470391978826228296
31,31_0,COMPLETED,BoTorch,0.284888203546646123776042713871,100,0.183098479853907675218849249177,4,0.510293711603962640843690223846
32,32_0,COMPLETED,BoTorch,0.285328780702720607997946444812,100,0.791020412958522545210371390567,3,0.200000000000000011102230246252
33,33_0,COMPLETED,BoTorch,0.287641810772111483629487338476,148,0.100000000000000005551115123126,4,0.630613912475584736938571950304
34,34_0,COMPLETED,BoTorch,0.284998347835664689320367415348,100,0.209669280375856165177239631703,4,0.336619098613069600567371253419
35,35_0,COMPLETED,BoTorch,0.284888203546646123776042713871,100,0.354009725358397697725365560473,4,0.200000000000000011102230246252
36,36_0,COMPLETED,BoTorch,0.285218636413701931431319280819,100,0.860091372833587608504046784219,2,0.411238472239769281557641988911
37,37_0,COMPLETED,BoTorch,0.287476594338583524290697823744,100,0.100000000000000005551115123126,4,0.480384007833607129533959323453
38,38_0,COMPLETED,BoTorch,0.285328780702720607997946444812,100,0.662137609176870700622430376825,3,0.246987728661824501585897451150
39,39_0,COMPLETED,BoTorch,0.284888203546646123776042713871,100,0.233335951135688307589433065914,3,0.304177652883512728010373393772
40,40_0,COMPLETED,BoTorch,0.285328780702720607997946444812,100,0.422841435041076407763682709628,2,0.200000000000000011102230246252
41,41_0,COMPLETED,BoTorch,0.285218636413701931431319280819,100,0.909710362196232136255957811954,2,0.200000000000000011102230246252
42,42_0,COMPLETED,BoTorch,0.286980945037999757296631742065,100,0.100000000000000005551115123126,2,0.200000000000000011102230246252
43,43_0,COMPLETED,BoTorch,0.285218636413701931431319280819,100,0.541617983654499979273566623306,3,0.409797974348826921087152186374
44,44_0,COMPLETED,BoTorch,0.285328780702720607997946444812,100,0.269760893808887347589120508928,2,0.346548974969344891761124927143
45,45_0,COMPLETED,BoTorch,0.285218636413701931431319280819,100,0.639194822828227038336024179443,2,0.200000000000000011102230246252
46,46_0,COMPLETED,BoTorch,0.285218636413701931431319280819,100,0.427933794673768019833914877381,2,0.438816486938387706473463367729
47,47_0,COMPLETED,BoTorch,0.285218636413701931431319280819,100,0.521871732680072253351966082846,2,0.200000000000000011102230246252
48,48_0,COMPLETED,BoTorch,0.285218636413701931431319280819,100,1.000000000000000000000000000000,2,0.324347418889465166635943660367
49,49_0,COMPLETED,BoTorch,0.286925872893490474524469391326,100,0.100000000000000005551115123126,4,0.200000000000000011102230246252
50,50_0,COMPLETED,BoTorch,0.284888203546646123776042713871,100,0.100000000000000005551115123126,3,0.200000000000000011102230246252
51,51_0,COMPLETED,BoTorch,0.285438924991739173542271146289,100,0.427573606081281254454040663404,4,0.200000000000000011102230246252
52,52_0,COMPLETED,BoTorch,0.285438924991739173542271146289,100,0.291015047525964298813505592989,4,0.358822731145480855463603120370
53,53_0,COMPLETED,BoTorch,0.287421522194074241518535473006,100,0.100000000000000005551115123126,3,0.388374443291003790257320815726
54,54_0,COMPLETED,BoTorch,0.285328780702720607997946444812,100,1.000000000000000000000000000000,4,0.200000000000000011102230246252
55,55_0,COMPLETED,BoTorch,0.285438924991739173542271146289,100,0.358173282486457189577322424157,3,0.200000000000000011102230246252
56,56_0,COMPLETED,BoTorch,0.285328780702720607997946444812,100,1.000000000000000000000000000000,3,0.200000000000000011102230246252
57,57_0,COMPLETED,BoTorch,0.284943275691155406548205064610,142,1.000000000000000000000000000000,2,0.200000000000000011102230246252
58,58_0,COMPLETED,BoTorch,0.288963542240334825272896068782,123,0.812338561718944696110611403128,2,0.200000000000000011102230246252
59,59_0,COMPLETED,BoTorch,0.289404119396409309494799799722,131,1.000000000000000000000000000000,3,0.200000000000000011102230246252
60,60_0,COMPLETED,BoTorch,0.285218636413701931431319280819,100,0.284409846148573286495064849078,2,0.680337460491085677105616014160
61,61_0,COMPLETED,BoTorch,0.280372287696882938057285628020,136,0.195518013588302175254085568668,3,0.200000000000000011102230246252
62,62_0,COMPLETED,BoTorch,0.285328780702720607997946444812,100,0.320164226433103493718590470962,4,0.423908990863908097246337547404
63,63_0,COMPLETED,BoTorch,0.285273708558211214203481631557,141,0.912690057016043665427673658996,2,0.200000000000000011102230246252
64,64_0,COMPLETED,BoTorch,0.285328780702720607997946444812,100,1.000000000000000000000000000000,4,0.382552280461466942540482705226
65,65_0,COMPLETED,BoTorch,0.285218636413701931431319280819,100,0.397955310164891606916626187740,4,0.800000000000000044408920985006
66,66_0,COMPLETED,BoTorch,0.285218636413701931431319280819,100,0.828593850442731483241232126602,2,0.200000000000000011102230246252
67,67_0,COMPLETED,BoTorch,0.279050556228659596413876897714,108,1.000000000000000000000000000000,3,0.200000000000000011102230246252
68,68_0,COMPLETED,BoTorch,0.284392554246062356781976632192,133,0.993096025468156784477002929634,2,0.200000000000000011102230246252
69,69_0,COMPLETED,BoTorch,0.284337482101553074009814281453,141,0.179897476667295441732363769916,2,0.200000000000000011102230246252
70,70_0,COMPLETED,BoTorch,0.289238902962881350156010284991,138,0.100000000000000005551115123126,4,0.200000000000000011102230246252
71,71_0,COMPLETED,BoTorch,0.286209935014869465419451444177,144,0.356366974601144081979953170958,3,0.200000000000000011102230246252
72,72_0,COMPLETED,BoTorch,0.287641810772111483629487338476,134,0.100000000000000005551115123126,2,0.200000000000000011102230246252
73,73_0,COMPLETED,BoTorch,0.286815728604471908980144689849,142,0.100000000000000005551115123126,3,0.200000000000000011102230246252
74,74_0,COMPLETED,BoTorch,0.290009912986011642033190582879,150,0.410769052352913832670822102955,2,0.200000000000000011102230246252
75,75_0,COMPLETED,BoTorch,0.290450490142086126255094313819,132,0.100000000000000005551115123126,3,0.200000000000000011102230246252
76,76_0,COMPLETED,BoTorch,0.285273708558211214203481631557,141,0.297771436663977373537903758915,4,0.200000000000000011102230246252
77,77_0,COMPLETED,BoTorch,0.288853397951316259728571367305,144,0.100000000000000005551115123126,2,0.200000000000000011102230246252
78,78_0,COMPLETED,BoTorch,0.282960678488820338571940737893,135,0.100000000000000005551115123126,3,0.293579571476167477950269812936
79,79_0,COMPLETED,BoTorch,0.283566472078422782132633983565,141,0.352268393914146660250708009698,2,0.200000000000000011102230246252
80,80_0,COMPLETED,BoTorch,0.289349047251900026722637448984,138,0.110783829879258777229011911913,2,0.200000000000000011102230246252
81,81_0,COMPLETED,BoTorch,0.289128758673862784611685583513,138,0.344641565714975728340618843504,3,0.200000000000000011102230246252
82,82_0,COMPLETED,BoTorch,0.288633109373279017617619501834,128,0.104782806984311388509567564142,3,0.200000000000000011102230246252
83,83_0,COMPLETED,BoTorch,0.285218636413701931431319280819,100,1.000000000000000000000000000000,2,0.200000000000000011102230246252
84,84_0,COMPLETED,BoTorch,0.285218636413701931431319280819,100,1.000000000000000000000000000000,3,0.398383198156441409309991286136
85,85_0,COMPLETED,BoTorch,0.285328780702720607997946444812,100,0.765357555447992443653504324175,4,0.200000000000000011102230246252
86,86_0,COMPLETED,BoTorch,0.285218636413701931431319280819,100,1.000000000000000000000000000000,2,0.564967991994544727063498612551
87,87_0,COMPLETED,BoTorch,0.285328780702720607997946444812,100,0.691377220392203617471693632979,4,0.385564421944849078371930772846
88,88_0,COMPLETED,BoTorch,0.285218636413701931431319280819,100,0.349197712726325493193257898383,3,0.744925537295982431729157724476
89,89_0,COMPLETED,BoTorch,0.285218636413701931431319280819,100,1.000000000000000000000000000000,3,0.313939683012984360743757861201
90,90_0,COMPLETED,BoTorch,0.285218636413701931431319280819,100,1.000000000000000000000000000000,2,0.739387922178985190768685242801
91,91_0,COMPLETED,BoTorch,0.285328780702720607997946444812,100,0.520556345756132299307239463815,4,0.625751177418093051940672921774
92,92_0,COMPLETED,BoTorch,0.285328780702720607997946444812,100,0.899242156480864696099786215200,4,0.200000000000000011102230246252
93,93_0,COMPLETED,BoTorch,0.284888203546646123776042713871,100,0.281060179359338468962903334614,3,0.200000000000000011102230246252
94,94_0,COMPLETED,BoTorch,0.285438924991739173542271146289,100,0.100000000000000005551115123126,2,0.800000000000000044408920985006
95,95_0,COMPLETED,BoTorch,0.285218636413701931431319280819,100,1.000000000000000000000000000000,3,0.800000000000000044408920985006
96,96_0,COMPLETED,BoTorch,0.285328780702720607997946444812,100,0.367814266755175922618548156606,4,0.602559771548226041915086170775
97,97_0,COMPLETED,BoTorch,0.285218636413701931431319280819,100,1.000000000000000000000000000000,4,0.785260500601631550310344209720
98,98_0,COMPLETED,BoTorch,0.285218636413701931431319280819,100,1.000000000000000000000000000000,4,0.516999050797131820544905167480
99,99_0,COMPLETED,BoTorch,0.285218636413701931431319280819,100,1.000000000000000000000000000000,2,0.390508661296323333900204488600
100,100_0,COMPLETED,BoTorch,0.285218636413701931431319280819,100,0.580252612203764339682265926967,2,0.800000000000000044408920985006
101,101_0,COMPLETED,BoTorch,0.285218636413701931431319280819,100,1.000000000000000000000000000000,4,0.800000000000000044408920985006
102,102_0,COMPLETED,BoTorch,0.285218636413701931431319280819,100,0.432247715942113308607019916963,3,0.519262095959112324194961729518
103,103_0,COMPLETED,BoTorch,0.285218636413701931431319280819,100,0.465262734069874728248805695330,2,0.622119548210290362888486015436
104,104_0,COMPLETED,BoTorch,0.285218636413701931431319280819,100,0.317161112471009198898741487938,2,0.579081237761454481471901090117
105,105_0,COMPLETED,BoTorch,0.285328780702720607997946444812,100,0.307502294693420386018090084690,3,0.417798898481892444500829242315
106,106_0,COMPLETED,BoTorch,0.285328780702720607997946444812,100,0.125425087096521364893320082956,2,0.800000000000000044408920985006
107,107_0,COMPLETED,BoTorch,0.285438924991739173542271146289,100,0.653496242017264639123652614217,4,0.200000000000000011102230246252
108,101_0,COMPLETED,BoTorch,0.285218636413701931431319280819,100,1.000000000000000000000000000000,4,0.800000000000000044408920985006
109,109_0,COMPLETED,BoTorch,0.285218636413701931431319280819,100,0.857098854977714541547584303771,3,0.372992394291094209179959761968
110,110_0,COMPLETED,BoTorch,0.285218636413701931431319280819,100,1.000000000000000000000000000000,3,0.623484463904158792146859013883
111,111_0,COMPLETED,BoTorch,0.296508426038109895728211995447,287,1.000000000000000000000000000000,2,0.200000000000000011102230246252
112,112_0,COMPLETED,BoTorch,0.285218636413701931431319280819,100,0.788746489764244218534372521390,4,0.800000000000000044408920985006
113,113_0,COMPLETED,BoTorch,0.285218636413701931431319280819,100,0.646774774932152185513700715092,2,0.483402304101228252886102154662
114,114_0,COMPLETED,BoTorch,0.285218636413701931431319280819,100,0.346851953112389921329850039911,2,0.800000000000000044408920985006
115,115_0,COMPLETED,BoTorch,0.285218636413701931431319280819,100,1.000000000000000000000000000000,2,0.800000000000000044408920985006
116,116_0,COMPLETED,BoTorch,0.285328780702720607997946444812,100,0.233383952882170481180068577487,2,0.531567435485934103311933540681
117,117_0,COMPLETED,BoTorch,0.287421522194074241518535473006,343,1.000000000000000000000000000000,2,0.200000000000000011102230246252
118,118_0,COMPLETED,BoTorch,0.291111355876197852587949910230,336,0.828081991070277134703303545393,2,0.200000000000000011102230246252
119,119_0,COMPLETED,BoTorch,0.300253331864742789569788783410,380,0.474033850860019478901108413993,2,0.200000000000000011102230246252
120,120_0,COMPLETED,BoTorch,0.292598303777949153570148155268,356,0.831229460367008288201873256185,2,0.204300670342650647626214777119
121,121_0,COMPLETED,BoTorch,0.285218636413701931431319280819,100,0.343643042985201430106201314629,3,0.800000000000000044408920985006
122,122_0,COMPLETED,BoTorch,0.285218636413701931431319280819,100,0.814039802987516769583464792959,4,0.581742537653108238160371001868
123,123_0,COMPLETED,BoTorch,0.285328780702720607997946444812,100,0.508178103698920025088625607168,4,0.434834805374892496843131084461
124,124_0,COMPLETED,BoTorch,0.285218636413701931431319280819,100,0.619112990334443225037830416113,4,0.800000000000000044408920985006
125,125_0,COMPLETED,BoTorch,0.285218636413701931431319280819,100,0.759275514527912087636707383353,2,0.800000000000000044408920985006
126,126_0,COMPLETED,BoTorch,0.289459191540918592266962150461,295,1.000000000000000000000000000000,2,0.247024782033900408562132611223
127,127_0,COMPLETED,BoTorch,0.285218636413701931431319280819,100,0.767062041687756490659921837505,4,0.800000000000000044408920985006
128,128_0,COMPLETED,BoTorch,0.283456327789404105566006819572,107,0.979066738859888596735459032061,3,0.226162409380527368307767233091
129,129_0,COMPLETED,BoTorch,0.290064985130521035827655396133,109,1.000000000000000000000000000000,3,0.200000000000000011102230246252
130,130_0,COMPLETED,BoTorch,0.280262143407864261490658464027,108,1.000000000000000000000000000000,2,0.576483043668023942274203363922
131,131_0,COMPLETED,BoTorch,0.280096926974336413174171411811,108,1.000000000000000000000000000000,4,0.200000000000000011102230246252
132,132_0,RUNNING,BoTorch,,108,0.827926161482887001952235550561,3,0.200000000000000011102230246252
133,133_0,COMPLETED,BoTorch,0.279050556228659596413876897714,108,1.000000000000000000000000000000,2,0.200000000000000011102230246252
134,134_0,COMPLETED,BoTorch,0.280262143407864261490658464027,108,1.000000000000000000000000000000,4,0.586248925548114474537442220026
135,135_0,COMPLETED,BoTorch,0.283456327789404105566006819572,107,0.819430296144358805143781410152,3,0.526801248954669509849679798208
136,136_0,COMPLETED,BoTorch,0.289624407974446551605751665193,109,0.853667023177145045664815370401,3,0.378182157321190315357739564206
137,137_0,COMPLETED,BoTorch,0.281914307743143521811646223796,107,1.000000000000000000000000000000,4,0.799877619134160333658201125218
138,138_0,COMPLETED,BoTorch,0.289238902962881350156010284991,109,1.000000000000000000000000000000,4,0.200000000000000011102230246252
139,139_0,COMPLETED,BoTorch,0.284007049234497155332235251990,107,0.999968726225602622115218309773,2,0.200000000000000011102230246252
140,140_0,COMPLETED,BoTorch,0.283896904945478589787910550513,107,1.000000000000000000000000000000,4,0.200000000000000011102230246252
141,141_0,COMPLETED,BoTorch,0.292267870910893234892569125805,431,1.000000000000000000000000000000,2,0.800000000000000044408920985006
142,142_0,COMPLETED,BoTorch,0.285218636413701931431319280819,100,1.000000000000000000000000000000,3,0.510864858331890769882477343344
143,143_0,COMPLETED,BoTorch,0.285218636413701931431319280819,100,1.000000000000000000000000000000,4,0.569990745518046293405234337115
144,144_0,COMPLETED,BoTorch,0.297114219627712339288905241119,405,1.000000000000000000000000000000,4,0.800000000000000044408920985006
145,145_0,COMPLETED,BoTorch,0.294360612402246979435460616514,457,1.000000000000000000000000000000,3,0.800000000000000044408920985006
146,146_0,COMPLETED,BoTorch,0.289844696552483793716703530663,470,0.876927057534962917095811008039,2,0.800000000000000044408920985006
147,147_0,COMPLETED,BoTorch,0.285218636413701931431319280819,100,1.000000000000000000000000000000,4,0.609179155357959523087174602551
148,148_0,COMPLETED,BoTorch,0.293864963101663212441394534835,418,0.866425851412028547038346459885,4,0.461375642329410640130049614527
149,149_0,COMPLETED,BoTorch,0.279050556228659596413876897714,108,1.000000000000000000000000000000,3,0.327052477705765953785999045067
150,150_0,COMPLETED,BoTorch,0.295351911003414513423592779873,530,1.000000000000000000000000000000,2,0.800000000000000044408920985006
151,151_0,COMPLETED,BoTorch,0.295737416014979603851031697559,437,0.891500859174904625170654526300,3,0.599380105424832887450747875846
152,152_0,COMPLETED,BoTorch,0.299757682564159022575722701731,408,0.956882463491530721455546881771,3,0.739967263343734638070259279630
153,153_0,COMPLETED,BoTorch,0.293204097367551486108538938424,460,1.000000000000000000000000000000,2,0.800000000000000044408920985006
154,154_0,COMPLETED,BoTorch,0.300418548298270748908578298142,486,0.794464014810841057112611451885,3,0.800000000000000044408920985006
155,155_0,COMPLETED,BoTorch,0.293975107390681777985719236312,456,0.956895177724336298830110081326,3,0.703049755182721947122104211303
156,156_0,COMPLETED,BoTorch,0.285328780702720607997946444812,100,0.351694496799406119968978146062,2,0.200000000000000011102230246252
157,157_0,COMPLETED,BoTorch,0.285218636413701931431319280819,100,0.332249148327572685346353864588,2,0.800000000000000044408920985006
158,158_0,COMPLETED,BoTorch,0.287146161471527716635421256797,100,0.100000000000000005551115123126,2,0.467968542994602276774429583384
159,159_0,COMPLETED,BoTorch,0.295517127436942361740079832089,388,1.000000000000000000000000000000,4,0.200000000000000011102230246252
160,160_0,COMPLETED,BoTorch,0.285218636413701931431319280819,100,0.463222914027314525142742240860,2,0.800000000000000044408920985006
161,161_0,COMPLETED,BoTorch,0.285328780702720607997946444812,100,0.243029145210275188127013734629,2,0.457928619495715505394173305831
162,162_0,COMPLETED,BoTorch,0.288853397951316259728571367305,122,1.000000000000000000000000000000,3,0.630980500979821279372572462307
163,163_0,COMPLETED,BoTorch,0.285218636413701931431319280819,100,1.000000000000000000000000000000,4,0.489519423569913791904895106200
164,164_0,COMPLETED,BoTorch,0.285218636413701931431319280819,100,1.000000000000000000000000000000,2,0.285825988507109385317050964659
165,165_0,COMPLETED,BoTorch,0.289734552263465117150076366670,126,1.000000000000000000000000000000,4,0.441763672274622654079223593726
166,166_0,COMPLETED,BoTorch,0.285218636413701931431319280819,100,1.000000000000000000000000000000,2,0.478360508781016213752934618242
167,167_0,RUNNING,BoTorch,,357,0.875385912798097742815173205599,4,0.226601519216319768901257702964
168,168_0,COMPLETED,BoTorch,0.296618570327128572294839159440,320,1.000000000000000000000000000000,4,0.800000000000000044408920985006
169,169_0,COMPLETED,BoTorch,0.285218636413701931431319280819,100,0.321729756357146678968916830854,3,0.683755908700369063879520581395
170,101_0,COMPLETED,BoTorch,0.285218636413701931431319280819,100,1.000000000000000000000000000000,4,0.800000000000000044408920985006
171,171_0,COMPLETED,BoTorch,0.285218636413701931431319280819,100,0.386537347469540937261456292617,3,0.452237361452681341233983403072
172,172_0,RUNNING,BoTorch,,100,0.442851076644879659838238694647,4,0.800000000000000044408920985006
173,173_0,COMPLETED,BoTorch,0.285218636413701931431319280819,100,0.749131453576931782833980832947,3,0.800000000000000044408920985006
174,174_0,COMPLETED,BoTorch,0.286154862870360182647289093438,100,0.100000000000000005551115123126,3,0.664759815216902749668292926799
175,101_0,COMPLETED,BoTorch,0.285218636413701931431319280819,100,1.000000000000000000000000000000,4,0.800000000000000044408920985006
176,176_0,COMPLETED,BoTorch,0.288357748650732492734505285625,146,0.913304063965983736750331445364,4,0.200000000000000011102230246252
177,177_0,COMPLETED,BoTorch,0.303117083379226825989860572008,1000,0.100000000000000005551115123126,2,0.800000000000000044408920985006
178,178_0,COMPLETED,BoTorch,0.285218636413701931431319280819,100,0.819078586996064061942490752699,3,0.692991140352794854351259346004
179,179_0,COMPLETED,BoTorch,0.285218636413701931431319280819,100,1.000000000000000000000000000000,2,0.680629625518879510792658038554
180,180_0,COMPLETED,BoTorch,0.297114219627712339288905241119,973,0.305107133977624012111107276723,2,0.432554944918137618259379451047
181,181_0,COMPLETED,BoTorch,0.285218636413701931431319280819,100,0.534444286896483711224448143184,3,0.656934345072449410452009033179
182,182_0,COMPLETED,BoTorch,0.285218636413701931431319280819,100,0.672670510253995712623975578026,3,0.800000000000000044408920985006
183,183_0,COMPLETED,BoTorch,0.285438924991739173542271146289,100,0.638551236345445638598050663859,4,0.200000000000000011102230246252
184,184_0,COMPLETED,BoTorch,0.290230201564048884144142448349,306,0.715467724796295279077185114147,4,0.216068289981710598413044976951
185,185_0,RUNNING,BoTorch,,100,0.100000000000000005551115123126,4,0.800000000000000044408920985006
186,186_0,COMPLETED,BoTorch,0.285438924991739173542271146289,100,0.586083897691065947022082127660,4,0.200000000000000011102230246252
187,187_0,COMPLETED,BoTorch,0.285218636413701931431319280819,100,0.510475990023492864899878895812,3,0.800000000000000044408920985006
188,188_0,COMPLETED,BoTorch,0.285218636413701931431319280819,100,0.795401824410743141235968778346,4,0.534324789819474177399172276637
189,189_0,COMPLETED,BoTorch,0.285218636413701931431319280819,100,0.339778087826879238164679009060,2,0.731206601191827898489350445743
190,190_0,COMPLETED,BoTorch,0.287476594338583524290697823744,100,0.100000000000000005551115123126,4,0.384868761607754572562356543131
191,191_0,COMPLETED,BoTorch,0.285328780702720607997946444812,100,0.411990047714558271785278975585,3,0.200000000000000011102230246252
192,192_0,COMPLETED,BoTorch,0.285218636413701931431319280819,100,0.494244745014250086434515196743,4,0.800000000000000044408920985006
193,193_0,COMPLETED,BoTorch,0.285218636413701931431319280819,100,0.492121881994626031442408020666,2,0.800000000000000044408920985006
194,194_0,COMPLETED,BoTorch,0.285218636413701931431319280819,100,0.539176992910849639528692023305,3,0.570562078682359752335173652682
195,195_0,COMPLETED,BoTorch,0.285218636413701931431319280819,100,0.415548916567664350374400328292,3,0.629518865148736117554051361367
196,196_0,COMPLETED,BoTorch,0.285218636413701931431319280819,100,0.375181757746088417881935583864,3,0.577394412181205685108409397799
197,197_0,COMPLETED,BoTorch,0.285218636413701931431319280819,100,0.604616181213158521146056045836,2,0.800000000000000044408920985006
198,185_0,COMPLETED,BoTorch,0.288357748650732492734505285625,100,0.100000000000000005551115123126,4,0.800000000000000044408920985006
199,199_0,COMPLETED,BoTorch,0.285218636413701931431319280819,100,0.537220651300486240486975475505,2,0.474532449837979597440096313221
200,200_0,COMPLETED,BoTorch,0.285218636413701931431319280819,100,0.588490529623626468236352593522,2,0.200000000000000011102230246252
201,201_0,COMPLETED,BoTorch,0.285438924991739173542271146289,100,0.100000000000000005551115123126,2,0.737202112089112127080170466797
202,202_0,COMPLETED,BoTorch,0.285604141425267132881060661020,100,0.140746335796367305626120014495,3,0.560868113737998830181652465399
203,203_0,COMPLETED,BoTorch,0.285328780702720607997946444812,100,0.487523414397231569239465898136,3,0.200000000000000011102230246252
204,204_0,COMPLETED,BoTorch,0.303282299812754674306347624224,1000,1.000000000000000000000000000000,4,0.200000000000000011102230246252
205,205_0,COMPLETED,BoTorch,0.285218636413701931431319280819,100,0.426118778389122376815123516280,4,0.692454935790626446845408281661
206,206_0,COMPLETED,BoTorch,0.284888203546646123776042713871,100,0.292291847043283425922055585033,4,0.200000000000000011102230246252
207,207_0,COMPLETED,BoTorch,0.283896904945478589787910550513,136,0.179146558813183642833166686614,2,0.514741080584647847651069696440
208,208_0,COMPLETED,BoTorch,0.284117193523515831898862415983,136,0.243861686375428515782814997692,4,0.414171844315302017935920275704
209,209_0,COMPLETED,BoTorch,0.284557770679590316120766146923,136,0.233879209865910042687175973697,2,0.200000000000000011102230246252
210,210_0,COMPLETED,BoTorch,0.279050556228659596413876897714,108,1.000000000000000000000000000000,3,0.271336873343197226837730795523
211,211_0,COMPLETED,BoTorch,0.281473730587069037589742492855,136,0.100000000000000005551115123126,2,0.200000000000000011102230246252
212,212_0,COMPLETED,BoTorch,0.284667914968608881665090848401,142,0.587982981474156396473063068697,2,0.485059096243542320348041130273
213,213_0,COMPLETED,BoTorch,0.283786760656459913221283386520,136,0.100000000000000005551115123126,3,0.544227788723395944359140230517
214,214_0,COMPLETED,BoTorch,0.281969379887652804583808574534,136,0.304483693404447808283919130190,4,0.200000000000000011102230246252
215,215_0,COMPLETED,BoTorch,0.285549069280757739086595847766,136,0.247889120401724505349250193831,2,0.478325259102194366711557904637
216,216_0,COMPLETED,BoTorch,0.284117193523515831898862415983,136,0.295928000250786249480938749912,2,0.200000000000000011102230246252
217,217_0,COMPLETED,BoTorch,0.285769357858794981197547713236,142,0.710146769314897063907210394973,4,0.200000000000000011102230246252
218,218_0,COMPLETED,BoTorch,0.283456327789404105566006819572,136,0.100000000000000005551115123126,4,0.200000000000000011102230246252
219,219_0,COMPLETED,BoTorch,0.283786760656459913221283386520,136,0.100000000000000005551115123126,4,0.262983781682892103770399216955
220,220_0,COMPLETED,BoTorch,0.285273708558211214203481631557,141,0.335391238046071293865679763258,3,0.800000000000000044408920985006
221,221_0,COMPLETED,BoTorch,0.285989646436832223308499578707,136,0.577799123900583633250960247096,3,0.200000000000000011102230246252
222,222_0,COMPLETED,BoTorch,0.283951977089987872560072901251,136,0.693033489466276075852135818423,2,0.200000000000000011102230246252
223,223_0,COMPLETED,BoTorch,0.283786760656459913221283386520,144,0.755528120360757560192155324330,2,0.200000000000000011102230246252
224,224_0,COMPLETED,BoTorch,0.281914307743143521811646223796,121,0.434987241136139290986761807289,4,0.411229533725951279521382275561
225,225_0,COMPLETED,BoTorch,0.287862099350148725740439203946,137,0.801053149092940453002142930927,2,0.200000000000000011102230246252
226,226_0,RUNNING,BoTorch,,136,0.529006030573744179257289488305,3,0.200000000000000011102230246252
227,227_0,COMPLETED,BoTorch,0.285218636413701931431319280819,135,0.956088272559062923861006311199,2,0.200000000000000011102230246252
228,228_0,COMPLETED,BoTorch,0.285273708558211214203481631557,141,0.589865722877299658577499030798,3,0.800000000000000044408920985006
229,229_0,COMPLETED,BoTorch,0.287862099350148725740439203946,137,0.901949690655759250823564343591,4,0.626123362268657057683185485075
230,230_0,COMPLETED,BoTorch,0.284557770679590316120766146923,144,0.814709982695090206838983704074,3,0.662762920886289630395538097218
231,231_0,COMPLETED,BoTorch,0.285273708558211214203481631557,141,0.390367101025506646472251759405,2,0.800000000000000044408920985006
232,232_0,COMPLETED,BoTorch,0.287751955061130049173812039953,143,0.809467463388898855747299876384,2,0.567620844966029380884720012546
233,233_0,COMPLETED,BoTorch,0.287751955061130049173812039953,143,0.823817437307699962367735224689,2,0.526810516369289105753637159069
234,234_0,COMPLETED,BoTorch,0.281914307743143521811646223796,121,0.373997288752769829756061881199,2,0.691675549147858115262010869628
235,235_0,COMPLETED,BoTorch,0.288853397951316259728571367305,122,0.478995137977272000817663410999,4,0.800000000000000044408920985006
236,236_0,COMPLETED,BoTorch,0.288357748650732492734505285625,122,0.430292392699505366060463984468,4,0.200000000000000011102230246252
237,237_0,COMPLETED,BoTorch,0.281914307743143521811646223796,121,0.301729491111216829857255561365,4,0.799999884559750906731778741232
238,238_0,COMPLETED,BoTorch,0.279050556228659596413876897714,108,0.847659141739042443219886990846,2,0.233598064027858792757186279232
239,239_0,COMPLETED,BoTorch,0.281914307743143521811646223796,121,0.642478650847360777120798047690,4,0.284494317658181283814400330812
240,240_0,COMPLETED,BoTorch,0.281914307743143521811646223796,121,0.300318477474537326443737583759,3,0.200000000000000011102230246252
241,241_0,COMPLETED,BoTorch,0.281914307743143521811646223796,121,0.600855604676369670080759988195,4,0.799562720676648686080056904757
242,242_0,COMPLETED,BoTorch,0.291607005176781619582015991909,120,0.241192163602629461305326685761,4,0.460882465827727183516060449620
243,243_0,COMPLETED,BoTorch,0.281914307743143521811646223796,121,0.625201765660296504556470154057,4,0.580000296856238439779929194628
244,244_0,COMPLETED,BoTorch,0.284502698535080922326301333669,121,0.250726469999186518666789424969,4,0.277649162902254498241916280676
245,245_0,COMPLETED,BoTorch,0.290340345853067560710769612342,145,0.584013182605311653716739783704,2,0.654371870580812808881887576717
246,246_0,COMPLETED,BoTorch,0.279270844806696727502526300668,108,0.931056340582933628091666378168,2,0.258868904673573874131164984647
247,247_0,COMPLETED,BoTorch,0.286540367881925273074728011125,148,0.774944932668447661328059439256,4,0.624078542529035829034000926185
248,248_0,COMPLETED,BoTorch,0.283015750633329621344103088632,121,0.604080399945493118352146666439,2,0.331856693430154114921037944441
249,249_0,COMPLETED,BoTorch,0.294140323824209737324508751044,120,0.649205215668988810939765699004,3,0.499514475960462334125367078741
250,250_0,COMPLETED,BoTorch,0.293699746668135253102605020104,120,0.789731800701347741444635630614,4,0.473544897129477559971633127134
251,251_0,COMPLETED,BoTorch,0.290340345853067560710769612342,145,0.402646435366116883791676173132,2,0.629131922277261557141514458635
252,252_0,COMPLETED,BoTorch,0.281914307743143521811646223796,121,0.597872240548220079681129845994,3,0.528081120085982513856492914783
253,253_0,COMPLETED,BoTorch,0.294140323824209737324508751044,120,0.672576584692428536271791017498,3,0.683308627045199901139937992411
254,254_0,COMPLETED,BoTorch,0.286980945037999757296631742065,121,0.133740526382815305694862217933,2,0.509846726668204963672792473517
255,255_0,COMPLETED,BoTorch,0.290340345853067560710769612342,145,0.567677211129134273726037918095,3,0.485937662571209572082153727024
256,256_0,COMPLETED,BoTorch,0.283291111355876146227217304840,101,0.683660008266984253744169564015,3,0.612854411423088718535723273817
257,257_0,COMPLETED,BoTorch,0.292102654477365386576082073589,120,0.864354462490241726158046731143,3,0.200000000000000011102230246252
258,258_0,COMPLETED,BoTorch,0.291937438043837427237292558857,120,0.979275813867895084108283754176,2,0.783680271693660612797316389333
259,259_0,COMPLETED,BoTorch,0.285934574292322940536337227968,121,0.432765090076818181863416157285,2,0.229662417690795345182053210920
260,260_0,COMPLETED,BoTorch,0.293093953078532920564214236947,874,0.531017758697271413659279915009,4,0.629594424925744577947739344381
261,261_0,COMPLETED,BoTorch,0.288688181517788300389781852573,140,0.440898177942369406956402144715,2,0.200000000000000011102230246252
262,262_0,COMPLETED,BoTorch,0.290175129419539601371980097611,140,0.100000000000000005551115123126,3,0.463591401711738626545411534607
263,263_0,COMPLETED,BoTorch,0.281638947020596996928532007587,101,0.262769198773446510664086872566,3,0.200000000000000011102230246252
264,264_0,COMPLETED,BoTorch,0.299592466130631174259235649515,357,0.421760785798012238778653681948,4,0.209365742268198928854872065131
265,265_0,COMPLETED,BoTorch,0.280923009141975987823514060437,101,0.198831362116527743388871840580,2,0.624918515234376137357230618363
266,266_0,COMPLETED,BoTorch,0.287421522194074241518535473006,140,0.607947570853156760151136950299,4,0.728972688554274439454161438334
267,267_0,COMPLETED,BoTorch,0.291386716598744377471064126439,875,0.425346858823126283688509374770,2,0.652642573715641938214560013876
268,268_0,COMPLETED,BoTorch,0.288688181517788300389781852573,140,0.795045066476992245974031447986,2,0.425357450416481763788567604934
269,269_0,COMPLETED,BoTorch,0.289183830818372067383847934252,106,1.000000000000000000000000000000,4,0.800000000000000044408920985006
270,270_0,COMPLETED,BoTorch,0.288908470095825542500733718043,140,0.292513851310422290374901876930,3,0.563148556186527926570306590293
271,271_0,COMPLETED,BoTorch,0.283291111355876146227217304840,101,0.388197174359140473320906039589,2,0.704941586213047477471604906896
272,272_0,COMPLETED,BoTorch,0.283291111355876146227217304840,101,0.329210064200202379147697229200,3,0.800000000000000044408920985006
273,273_0,COMPLETED,BoTorch,0.281308514153541189273255440639,101,0.386362234327053966076448432432,2,0.280173226728228086379601791123
274,274_0,COMPLETED,BoTorch,0.279270844806696727502526300668,108,1.000000000000000000000000000000,3,0.485041066690058531030160793307
275,275_0,COMPLETED,BoTorch,0.287476594338583524290697823744,102,0.355057150298940582544560129463,3,0.609140286073968195701411332266
276,276_0,COMPLETED,BoTorch,0.293644674523625970330442669365,342,0.919054343321301314695404016675,4,0.775403220123862091384125960758
277,277_0,COMPLETED,BoTorch,0.281198369864522512706628276646,101,0.974348159053836759824207547354,4,0.202056550336747686724692130156
278,278_0,COMPLETED,BoTorch,0.283125894922348297910730252624,101,1.000000000000000000000000000000,4,0.800000000000000044408920985006
279,279_0,COMPLETED,BoTorch,0.281308514153541189273255440639,101,0.339845532767469649115810170770,2,0.281495683487864356564500667446
280,280_0,COMPLETED,BoTorch,0.286595440026434666869192824379,144,0.997969911446551005695937419659,4,0.200000000000000011102230246252
281,281_0,COMPLETED,BoTorch,0.281638947020596996928532007587,101,0.399121237526260497219254830270,4,0.503515445716535836595539876726
282,282_0,COMPLETED,BoTorch,0.281253442009031795478790627385,101,0.920902670376129939278087022103,2,0.200000000000000011102230246252
283,283_0,COMPLETED,BoTorch,0.286595440026434666869192824379,101,0.100000000000000005551115123126,2,0.200000000000000011102230246252
284,284_0,COMPLETED,BoTorch,0.281198369864522512706628276646,101,0.879623454044248243022252609080,3,0.200000000000000011102230246252
285,285_0,COMPLETED,BoTorch,0.293259169512060768880701289163,468,0.687105029177673021223426985671,4,0.678110727736390472841776499990
286,286_0,COMPLETED,BoTorch,0.285493997136248456314433497027,102,0.893699689683265297013292638439,3,0.200000000000000011102230246252
287,287_0,COMPLETED,BoTorch,0.292983808789514243997587072954,342,0.781674128555828628961421600252,3,0.716514345322489143441657688527
288,288_0,COMPLETED,BoTorch,0.281198369864522512706628276646,101,0.749549943653286976363858684635,4,0.200000000000000011102230246252
289,289_0,COMPLETED,BoTorch,0.282354884899218006033549954736,101,0.811437928530874708066278344631,4,0.512486565828633722219365154160
290,290_0,COMPLETED,BoTorch,0.286870800748981191752307040588,148,0.488089845058091387208776268380,2,0.200000000000000011102230246252
291,291_0,COMPLETED,BoTorch,0.283291111355876146227217304840,101,0.999999987274373114409797835833,2,0.432058622879172682385018333662
292,292_0,COMPLETED,BoTorch,0.281914307743143521811646223796,121,0.828790352078744185781999931351,4,0.271826076944031103099774782095
293,293_0,COMPLETED,BoTorch,0.293920035246172495213556885574,118,0.361378284795742188428846475290,3,0.444047269170259772952391585932
294,294_0,COMPLETED,BoTorch,0.286870800748981191752307040588,102,0.849791530698910890784247840202,2,0.200000000000000011102230246252
295,185_0,COMPLETED,BoTorch,0.288357748650732492734505285625,100,0.100000000000000005551115123126,4,0.800000000000000044408920985006
296,296_0,COMPLETED,BoTorch,0.285218636413701931431319280819,100,0.496381081466202189744763018098,2,0.329259378537570923661803590221
297,83_0,COMPLETED,BoTorch,0.285218636413701931431319280819,100,1.000000000000000000000000000000,2,0.200000000000000011102230246252
298,83_0,COMPLETED,BoTorch,0.285218636413701931431319280819,100,1.000000000000000000000000000000,2,0.200000000000000011102230246252
299,299_0,COMPLETED,BoTorch,0.285218636413701931431319280819,100,0.905683892203302143286691716639,3,0.800000000000000044408920985006
300,83_0,COMPLETED,BoTorch,0.285218636413701931431319280819,100,1.000000000000000000000000000000,2,0.200000000000000011102230246252
301,83_0,COMPLETED,BoTorch,0.285218636413701931431319280819,100,1.000000000000000000000000000000,2,0.200000000000000011102230246252
302,83_0,COMPLETED,BoTorch,0.285218636413701931431319280819,100,1.000000000000000000000000000000,2,0.200000000000000011102230246252
303,303_0,COMPLETED,BoTorch,0.285218636413701931431319280819,100,0.859194970320032780364272184670,3,0.497546377451658305979265151109
304,83_0,COMPLETED,BoTorch,0.285218636413701931431319280819,100,1.000000000000000000000000000000,2,0.200000000000000011102230246252
305,305_0,COMPLETED,BoTorch,0.285218636413701931431319280819,100,1.000000000000000000000000000000,3,0.271721598229404170954381925185
306,306_0,COMPLETED,BoTorch,0.285218636413701931431319280819,100,0.327585732137790464069126983304,2,0.501594037102137457750927751476
307,83_0,COMPLETED,BoTorch,0.285218636413701931431319280819,100,1.000000000000000000000000000000,2,0.200000000000000011102230246252
308,308_0,COMPLETED,BoTorch,0.285218636413701931431319280819,100,0.256614649902521307911484882425,2,0.800000000000000044408920985006
309,309_0,COMPLETED,BoTorch,0.285218636413701931431319280819,100,0.680149274786067681297652143257,4,0.800000000000000044408920985006
310,310_0,RUNNING,BoTorch,,789,1.000000000000000000000000000000,2,0.800000000000000044408920985006
311,311_0,COMPLETED,BoTorch,0.285218636413701931431319280819,100,0.326073792383983152021187379432,2,0.427072437793009296314039602294
312,312_0,COMPLETED,BoTorch,0.285218636413701931431319280819,100,0.277690048737403438749993256351,2,0.800000000000000044408920985006
313,313_0,COMPLETED,BoTorch,0.292488159488930477003520991275,789,0.461104125668460484988031566900,2,0.558490567294724238323055942601
314,314_0,RUNNING,BoTorch,,100,0.743565594613862179684815600922,3,0.513406265471625822272017103387
315,315_0,COMPLETED,BoTorch,0.285328780702720607997946444812,100,0.575770066483886622243915098807,4,0.351470789748313361400278154179
316,316_0,COMPLETED,BoTorch,0.285218636413701931431319280819,100,0.552969375833803900022189736774,4,0.800000000000000044408920985006
317,317_0,COMPLETED,BoTorch,0.285218636413701931431319280819,100,0.865293179314119642597802339878,2,0.749320964386531729317653116595
318,318_0,COMPLETED,BoTorch,0.285328780702720607997946444812,100,0.625509408452764703589821237983,4,0.574372690881568503940002301533
319,83_0,COMPLETED,BoTorch,0.285218636413701931431319280819,100,1.000000000000000000000000000000,2,0.200000000000000011102230246252
320,83_0,COMPLETED,BoTorch,0.285218636413701931431319280819,100,1.000000000000000000000000000000,2,0.200000000000000011102230246252
321,83_0,COMPLETED,BoTorch,0.285218636413701931431319280819,100,1.000000000000000000000000000000,2,0.200000000000000011102230246252
322,322_0,COMPLETED,BoTorch,0.293424385945588728219490803895,132,0.765863142777596483945501404378,4,0.327794091786804631105667340307
323,323_0,COMPLETED,BoTorch,0.289183830818372067383847934252,131,0.448024007378751587538090461749,4,0.314787447358427563415261829505
324,324_0,COMPLETED,BoTorch,0.279270844806696727502526300668,108,0.547187679006647109680727680825,3,0.677814005062404079104965148872
325,325_0,COMPLETED,BoTorch,0.283015750633329621344103088632,121,0.810012754517705380052916552813,2,0.345828844946860280984424207418
326,326_0,COMPLETED,BoTorch,0.279050556228659596413876897714,108,1.000000000000000000000000000000,3,0.295966175793617114475608786961
327,327_0,COMPLETED,BoTorch,0.279270844806696727502526300668,108,1.000000000000000000000000000000,3,0.356549088612972631118225308455
328,328_0,COMPLETED,BoTorch,0.290230201564048884144142448349,344,1.000000000000000000000000000000,2,0.200000000000000011102230246252
329,329_0,COMPLETED,BoTorch,0.294140323824209737324508751044,132,0.703031378684943253354333592142,2,0.232597859765709624735308125310
330,330_0,COMPLETED,BoTorch,0.292047582332855992781617260334,132,0.744700515254135830822690422792,3,0.732961588055752510939555577352
331,331_0,COMPLETED,BoTorch,0.290946139442669893249160395499,131,0.559255751765373454453822432697,4,0.496695505042695828468168883774
332,332_0,COMPLETED,BoTorch,0.286209935014869465419451444177,147,0.488486940999286023412651047693,4,0.617909211970323779539171482611
333,333_0,COMPLETED,BoTorch,0.279270844806696727502526300668,108,0.731249794269268171831299696350,3,0.575900539308130787752304513560
334,334_0,RUNNING,BoTorch,,108,0.659525106429545204811404346401,2,0.414965576351546738820275095350
335,335_0,COMPLETED,BoTorch,0.280262143407864261490658464027,108,0.860289181169299532747629655205,3,0.621403974573101036682487574581
336,336_0,COMPLETED,BoTorch,0.279050556228659596413876897714,108,0.686621725531830762179197336081,3,0.321331660625882808979270066629
337,337_0,COMPLETED,BoTorch,0.280262143407864261490658464027,108,0.775680077326724615183195510326,3,0.765095585774862696482045976154
338,338_0,COMPLETED,BoTorch,0.279050556228659596413876897714,108,0.755986415837068159717659909802,3,0.447955303988349928800971611054
339,339_0,COMPLETED,BoTorch,0.279270844806696727502526300668,108,1.000000000000000000000000000000,3,0.362316615319076218426630475733
340,340_0,COMPLETED,BoTorch,0.286209935014869465419451444177,147,0.584809881453425828290448862390,3,0.606091771328936435025980244973
341,341_0,COMPLETED,BoTorch,0.300363476153761466136415947403,542,0.567144298527622492400723785977,2,0.640739819164433455078722090548
342,342_0,COMPLETED,BoTorch,0.279050556228659596413876897714,108,1.000000000000000000000000000000,3,0.308573508728000600598306846223
343,343_0,COMPLETED,BoTorch,0.285218636413701931431319280819,100,0.769709317415815719165550490288,2,0.500582777128644407227398005489
344,344_0,COMPLETED,BoTorch,0.285218636413701931431319280819,100,0.661037574141976280728272286069,3,0.746922623477147995529890067701
345,345_0,COMPLETED,BoTorch,0.285218636413701931431319280819,100,1.000000000000000000000000000000,3,0.389721735973463490054768953996
346,346_0,COMPLETED,BoTorch,0.285218636413701931431319280819,100,0.935393795205001321590998486499,3,0.400905635298875240302152178629
347,347_0,COMPLETED,BoTorch,0.285218636413701931431319280819,100,0.945465634849333769196277899027,3,0.362413854238589905332190710396
348,348_0,COMPLETED,BoTorch,0.285328780702720607997946444812,100,1.000000000000000000000000000000,4,0.281761424460074294540135042553
349,349_0,COMPLETED,BoTorch,0.285328780702720607997946444812,100,0.923970451027794847931318145129,4,0.359052428107143828395209084192
350,350_0,COMPLETED,BoTorch,0.285218636413701931431319280819,100,1.000000000000000000000000000000,3,0.355222631954872691828484221332
351,351_0,COMPLETED,BoTorch,0.285328780702720607997946444812,100,0.346507955831221348130810611110,2,0.200000000000000011102230246252
352,352_0,COMPLETED,BoTorch,0.285218636413701931431319280819,100,0.543441167414440373661932426330,4,0.751495950193355577440001979994
353,353_0,COMPLETED,BoTorch,0.285218636413701931431319280819,100,1.000000000000000000000000000000,2,0.356605573828709387917967887915
354,354_0,COMPLETED,BoTorch,0.285218636413701931431319280819,100,0.875923336801282759189746229822,3,0.335059727282235986223213330959
355,355_0,COMPLETED,BoTorch,0.297169291772221622061067591858,737,0.942588657760047299305483647913,2,0.800000000000000044408920985006
356,356_0,COMPLETED,BoTorch,0.285218636413701931431319280819,100,0.748011522755665847483896868653,2,0.371803986075063985783373254890
357,357_0,COMPLETED,BoTorch,0.285218636413701931431319280819,100,0.908630430001408639917315213097,4,0.800000000000000044408920985006
358,358_0,COMPLETED,BoTorch,0.301850424055512767118614192441,682,0.848769155119617479954285954591,2,0.311320259711274416325466063427
359,359_0,COMPLETED,BoTorch,0.298821456107500771359752889111,727,0.925147217394715060123644434498,2,0.793218865307228293559660414758
360,360_0,COMPLETED,BoTorch,0.300088115431214941253301731194,817,1.000000000000000000000000000000,2,0.635956305155788492733393013623
361,361_0,COMPLETED,BoTorch,0.297279436061240187605392293335,784,1.000000000000000000000000000000,2,0.632755333053425905731614875549
362,362_0,COMPLETED,BoTorch,0.285218636413701931431319280819,100,0.725682405508452088582771466463,3,0.420817281081158123257068837120
363,363_0,COMPLETED,BoTorch,0.278940411939640919847249733721,108,0.839084716881272507649214276171,3,0.200000000000000011102230246252
364,364_0,COMPLETED,BoTorch,0.279050556228659596413876897714,108,0.775706180071359940875197480636,3,0.287211329509643009672004154709
365,365_0,COMPLETED,BoTorch,0.285604141425267132881060661020,136,1.000000000000000000000000000000,2,0.516948449540925336620489360939
366,366_0,COMPLETED,BoTorch,0.279270844806696727502526300668,108,0.652715812399090822282232693397,3,0.538781503324197164062070442014
367,367_0,COMPLETED,BoTorch,0.289293975107390632928172635729,470,0.129883551836970423387640494184,2,0.671337513224865789496220713772
368,368_0,COMPLETED,BoTorch,0.286209935014869465419451444177,147,0.126312645333904599587171446728,2,0.468133144359302477699458222560
369,369_0,COMPLETED,BoTorch,0.297169291772221622061067591858,790,0.877323461494527778725682765071,4,0.665695876604833536305250163423
370,370_0,COMPLETED,BoTorch,0.280262143407864261490658464027,108,0.634159146482898283814222395449,4,0.614541299737245472201152551861
371,371_0,COMPLETED,BoTorch,0.297554796783786712488506509544,334,0.615588050997825320109768654220,4,0.418224938579480176592539919511
372,372_0,COMPLETED,BoTorch,0.279050556228659596413876897714,108,0.663585615859651589687473460799,3,0.520799148216694596236209235940
373,373_0,COMPLETED,BoTorch,0.279050556228659596413876897714,108,1.000000000000000000000000000000,3,0.295901562927273709124875722409
374,374_0,COMPLETED,BoTorch,0.279050556228659596413876897714,108,0.941939112478402007511135707318,3,0.200000000000000011102230246252
375,375_0,COMPLETED,BoTorch,0.289899768696993076488865881402,296,0.606204066115995976460339988989,2,0.691636013888441092412051602878
376,376_0,COMPLETED,BoTorch,0.289789624407974399922238717409,126,0.360802492587028789117198357417,3,0.233371017567772343070942042687
377,377_0,COMPLETED,BoTorch,0.285163564269192648659156930080,149,0.821344353322974507491949225368,4,0.452785104327192988726835665148
378,378_0,COMPLETED,BoTorch,0.280262143407864261490658464027,108,0.572497688632799706098808201205,3,0.721650478231562031439239035535
379,379_0,COMPLETED,BoTorch,0.289789624407974399922238717409,333,0.119745143665789616216343915767,2,0.622858187223498505069585462479
380,380_0,COMPLETED,BoTorch,0.290725850864632651138208530028,297,0.572119152152188892301865053014,4,0.252409513597130374940036290354
381,381_0,COMPLETED,BoTorch,0.288027315783676574056926256162,125,0.149921055700249272746304995962,3,0.723538440277484928842000044824
382,382_0,COMPLETED,BoTorch,0.278940411939640919847249733721,108,0.433167780743998975800934658764,3,0.491160305973127153666979438640
383,383_0,COMPLETED,BoTorch,0.278940411939640919847249733721,108,0.439721476498541985478141214116,3,0.491035130099368999356812537371
384,384_0,COMPLETED,BoTorch,0.292818592355986395681100020738,612,0.319033482205122731478752484691,2,0.674374244734645023058305923769
385,385_0,COMPLETED,BoTorch,0.287862099350148725740439203946,125,0.715803694455670158625082422077,2,0.430496076691956996995713780052
386,386_0,COMPLETED,BoTorch,0.278940411939640919847249733721,108,0.435516437202817408014254851878,3,0.496263347247793917826896858969
387,387_0,COMPLETED,BoTorch,0.291276572309725700904436962446,298,0.688845290453992342705191731511,2,0.364852686838055273454983762349
388,388_0,COMPLETED,BoTorch,0.291441788743253660243226477178,300,0.345101170973003801289991088197,4,0.276905671347681570093612890560
389,389_0,COMPLETED,BoTorch,0.278940411939640919847249733721,108,0.433233479515099939582967181195,3,0.490719193429342059875608583752
390,390_0,COMPLETED,BoTorch,0.279050556228659596413876897714,108,0.430744038700940801156491488655,3,0.526015186082991692551047435700
391,391_0,COMPLETED,BoTorch,0.278940411939640919847249733721,108,0.441533948709074253180517644068,3,0.484229678034154786825382643656
392,392_0,COMPLETED,BoTorch,0.279050556228659596413876897714,108,0.518574187077068926576828289399,3,0.497426713456130875634642052319
393,393_0,COMPLETED,BoTorch,0.279050556228659596413876897714,108,0.518831807720019355656404513866,3,0.488809106777320367953620916524
394,394_0,COMPLETED,BoTorch,0.285163564269192648659156930080,149,0.527267021201936247898345300200,4,0.582806701664871140700086016295
395,395_0,COMPLETED,BoTorch,0.279050556228659596413876897714,108,0.518983633241679398473422679672,3,0.488733273383903488173984897003
396,396_0,COMPLETED,BoTorch,0.279050556228659596413876897714,108,0.519608514125181275566944805178,3,0.478526030483827746753178189465
397,397_0,COMPLETED,BoTorch,0.279050556228659596413876897714,108,0.518069265093745290329252384254,3,0.493814076142934044177934538311
398,398_0,COMPLETED,BoTorch,0.285273708558211214203481631557,141,1.000000000000000000000000000000,4,0.781309911625544861735193080676
399,399_0,COMPLETED,BoTorch,0.285328780702720607997946444812,149,0.374772770132353105765332657029,3,0.544431740861973212375346520275
400,400_0,COMPLETED,BoTorch,0.280262143407864261490658464027,108,0.479734628732583101573538897355,4,0.467246355394784429471144449053
401,401_0,COMPLETED,BoTorch,0.285053419980174083114832228603,152,0.449805442812826972165396455239,3,0.488114355320856729836265230915
402,402_0,COMPLETED,BoTorch,0.283456327789404105566006819572,107,0.394048777039265107902110685245,4,0.695924476738605246595170683577
403,403_0,COMPLETED,BoTorch,0.279050556228659596413876897714,108,0.485219641300954518392529735138,3,0.544576105291492584825618905597
404,404_0,COMPLETED,BoTorch,0.279050556228659596413876897714,108,0.396472581489590525372079810040,2,0.312809872518817477793362513694
405,405_0,COMPLETED,BoTorch,0.290230201564048884144142448349,209,0.340995737811665755589984883045,2,0.517365898852744754421451034432
406,406_0,COMPLETED,BoTorch,0.279050556228659596413876897714,108,0.449626310888963764966774760978,3,0.499956625221870676334390282136
407,407_0,RUNNING,BoTorch,,877,0.688107543483078010204678776063,2,0.374787519187230466766180825289
408,408_0,COMPLETED,BoTorch,0.285108492124683365886994579341,210,0.440532131638879942414632751024,2,0.352489795724450272196293099114
409,409_0,COMPLETED,BoTorch,0.280372287696882938057285628020,152,0.630873357158082792572884045512,2,0.781362083632988868586721764586
410,410_0,COMPLETED,BoTorch,0.287641810772111483629487338476,106,0.313451890262590571190060018125,3,0.319787260025966690868415298610
411,411_0,COMPLETED,BoTorch,0.281638947020596996928532007587,101,0.514849490137525123145678662695,4,0.200000000000000011102230246252
412,412_0,COMPLETED,BoTorch,0.292322943055402628687033939059,293,0.880406827522119961315638647648,4,0.219085635736898098890890196344
413,413_0,COMPLETED,BoTorch,0.279325916951206121296991113923,108,0.367007742885556043077599497337,3,0.307705319881438843498955293398
414,414_0,COMPLETED,BoTorch,0.279325916951206121296991113923,108,0.394715003853915336051727535960,3,0.360792435707713188275391757998
415,415_0,COMPLETED,BoTorch,0.281969379887652804583808574534,152,0.767826228657558451651254927128,3,0.800000000000000044408920985006
416,416_0,COMPLETED,BoTorch,0.282905606344311055799778387154,152,0.741742060254327983948030578176,2,0.386306686767372786661667305452
417,417_0,COMPLETED,BoTorch,0.282575173477255248144501820207,152,0.729632989677174714771012986603,3,0.711460125175196411717593036883
418,418_0,COMPLETED,BoTorch,0.284117193523515831898862415983,151,0.767322295534190623733650227223,2,0.699041715104094407706725178286
419,419_0,COMPLETED,BoTorch,0.288412820795241775506667636364,153,0.932993725062010059723149879574,2,0.295401011174526884062174758583
420,420_0,COMPLETED,BoTorch,0.279325916951206121296991113923,108,0.382481124443396658385552200343,3,0.251364065947366599473866699554
421,421_0,COMPLETED,BoTorch,0.286320079303888141986078608170,153,0.623579682631386189584077328618,2,0.800000000000000044408920985006
422,422_0,COMPLETED,BoTorch,0.279325916951206121296991113923,108,0.325212428692509880612249162368,3,0.295035188018432648071609492035
423,423_0,COMPLETED,BoTorch,0.279050556228659596413876897714,108,0.435902271436965249584716275422,2,0.425140366221556154080474243528
424,424_0,COMPLETED,BoTorch,0.279050556228659596413876897714,108,0.708554734070600211737200879725,3,0.380803442759677257534178806964
425,425_0,COMPLETED,BoTorch,0.301905496200022049890776543180,328,0.906370356001680699264966278861,4,0.279384287589389601613731883845
426,426_0,COMPLETED,BoTorch,0.278940411939640919847249733721,108,0.332146525054038521673760442354,2,0.200000000000000011102230246252
427,427_0,COMPLETED,BoTorch,0.280372287696882938057285628020,152,0.787160366003497591336213190516,2,0.800000000000000044408920985006
428,428_0,COMPLETED,BoTorch,0.298821456107500771359752889111,954,0.603724400141488315441051781818,3,0.567647453770046883647637514514
429,429_0,COMPLETED,BoTorch,0.280372287696882938057285628020,152,0.578157609151459750407298088248,2,0.800000000000000044408920985006
430,430_0,COMPLETED,BoTorch,0.279050556228659596413876897714,108,0.403169554708506350237939841463,2,0.413548320351045717302440607455
431,431_0,COMPLETED,BoTorch,0.293699746668135253102605020104,329,0.903813404754384319694793248345,3,0.420754969547359358728044753661
432,432_0,COMPLETED,BoTorch,0.278940411939640919847249733721,108,0.356121459760811998052076887689,2,0.200000000000000011102230246252
433,433_0,COMPLETED,BoTorch,0.293259169512060768880701289163,530,0.766525665003749856474257740047,2,0.743441145268714409510835139372
434,434_0,COMPLETED,BoTorch,0.292047582332855992781617260334,211,0.443240986517338120265208090132,3,0.774619749946934943451992694463
435,435_0,COMPLETED,BoTorch,0.291331644454235094698901775701,211,0.719116323162267812030279401370,2,0.560447850011962733773884792754
436,436_0,COMPLETED,BoTorch,0.284612842824099598892928497662,151,1.000000000000000000000000000000,4,0.800000000000000044408920985006
437,437_0,COMPLETED,BoTorch,0.291166428020707135360112260969,211,0.231768649091980916132627044135,3,0.739516115603226831254346507194
438,438_0,COMPLETED,BoTorch,0.290009912986011642033190582879,150,0.916428631837954088545927788800,4,0.800000000000000044408920985006
439,439_0,COMPLETED,BoTorch,0.278940411939640919847249733721,108,0.321346124557125800702550577626,2,0.200000000000000011102230246252
440,440_0,COMPLETED,BoTorch,0.291056283731688458793485096976,211,0.708514579968206881233072635951,2,0.252262766976825369980019786453
441,441_0,COMPLETED,BoTorch,0.278940411939640919847249733721,108,0.844083767357400871489403471060,3,0.200000000000000011102230246252
442,442_0,COMPLETED,BoTorch,0.300969269743363798674806730560,344,0.144361651712485050680356835073,2,0.497926161918553156215949684338
443,443_0,COMPLETED,BoTorch,0.291496860887762943015388827916,758,0.524418244049278836627081545885,4,0.409158553079630671334143698914
444,444_0,COMPLETED,BoTorch,0.287146161471527716635421256797,153,0.100000000000000005551115123126,3,0.345837338497483270938204213962
445,445_0,COMPLETED,BoTorch,0.296012776737526128734145913768,758,0.359302075589273184341720934754,3,0.429124784818826709997807711261
446,446_0,COMPLETED,BoTorch,0.295131622425377271312640914402,759,0.889168723673551930630765127717,3,0.226877840579513961882796024838
447,447_0,COMPLETED,BoTorch,0.292157726621874669348244424327,757,0.523109411953387448690477867785,3,0.693174437011801369834529396030
448,448_0,COMPLETED,BoTorch,0.293093953078532920564214236947,308,0.803662785608411422977326310502,2,0.365327645086008900854324110696
449,449_0,COMPLETED,BoTorch,0.292873664500495678453262371477,760,0.686277079930088462766946122429,3,0.768421117980781831491299271875
450,450_0,COMPLETED,BoTorch,0.278940411939640919847249733721,108,0.326292015389153422511014923657,2,0.244667543887781002709402855544
451,451_0,COMPLETED,BoTorch,0.278940411939640919847249733721,108,0.352134948343999720776764661423,2,0.200000026538165620593190396903
452,452_0,COMPLETED,BoTorch,0.291386716598744377471064126439,875,0.398656705080247975025997675402,2,0.595227643842916709360224558623
453,453_0,COMPLETED,BoTorch,0.295847560303998280417658861552,755,0.815226329266540927775963609747,2,0.267567233122452008409197787842
454,454_0,COMPLETED,BoTorch,0.290835995153651327704835694021,880,0.486687031503313272118305121694,2,0.689730807408696078297793974343
455,455_0,COMPLETED,BoTorch,0.296673642471637855067001510179,271,0.583569317878884996630972636922,4,0.475732176803040307522252305716
456,456_0,COMPLETED,BoTorch,0.279050556228659596413876897714,108,0.834799366393449648882096880698,2,0.200000000000000011102230246252
457,457_0,COMPLETED,BoTorch,0.293975107390681777985719236312,877,0.611222125121848924855783025123,3,0.256319443788552647767176040361
458,458_0,COMPLETED,BoTorch,0.282244740610199329466922790743,152,1.000000000000000000000000000000,2,0.414364079632176363077178393723
459,459_0,COMPLETED,BoTorch,0.283731688511950630449121035781,152,0.870118237838723329602430567320,3,0.527610337161072862066646393941
460,460_0,COMPLETED,BoTorch,0.294470756691265544979785317992,763,0.260663989417413977101034561201,2,0.325029009404230739832541985379
461,461_0,COMPLETED,BoTorch,0.299537393986121780464770836261,355,0.912197841685568500125214086438,3,0.393390004324668529633868274686
462,462_0,COMPLETED,BoTorch,0.278940411939640919847249733721,108,0.354636425477899641656165385939,2,0.232785827841728992781966667280
463,463_0,COMPLETED,BoTorch,0.281914307743143521811646223796,121,0.389275850439953163828477045172,3,0.800000000000000044408920985006
464,464_0,COMPLETED,BoTorch,0.286595440026434666869192824379,144,0.648911933567943632894525762822,4,0.200000000000000011102230246252
465,465_0,COMPLETED,BoTorch,0.292267870910893234892569125805,154,0.102175338991044917236195033183,4,0.509280790888575030095353213255
466,466_0,COMPLETED,BoTorch,0.291331644454235094698901775701,428,0.478054919998894489729934775823,2,0.492116795546302221442402924367
467,467_0,COMPLETED,BoTorch,0.299206961119065972809494269313,847,0.222400309239249444059893789927,3,0.738940869085474183464157249546
468,468_0,COMPLETED,BoTorch,0.284557770679590316120766146923,144,0.603902691293907278868857702037,3,0.539495441654894047900370424031
469,469_0,COMPLETED,BoTorch,0.284557770679590316120766146923,144,1.000000000000000000000000000000,2,0.400415356764157182034580273466
470,470_0,COMPLETED,BoTorch,0.297059147483202945494440427865,430,0.244180932004080086805686278240,2,0.644764901671394885518395767576
471,471_0,COMPLETED,BoTorch,0.278940411939640919847249733721,108,0.372937870391715997619996869616,2,0.301586821174566199754707440661
472,472_0,COMPLETED,BoTorch,0.278940411939640919847249733721,108,0.338647377398691773464634025004,2,0.304824100061134306560717277534
473,473_0,COMPLETED,BoTorch,0.302456217645115099657004975597,791,0.227246866468340164013639537188,4,0.630468744598329133843606086884
474,474_0,COMPLETED,BoTorch,0.290560634431104691799419015297,130,0.141726296058199585647940921262,2,0.200000000000000011102230246252
475,475_0,COMPLETED,BoTorch,0.293259169512060768880701289163,746,0.417473060078918933868408203125,2,0.347999875620007559362534266256
476,476_0,COMPLETED,BoTorch,0.289404119396409309494799799722,130,0.132864686979716539738660685543,2,0.619332605360162657959222087811
477,477_0,COMPLETED,BoTorch,0.286925872893490474524469391326,122,0.582041157328252567459969668562,2,0.800000000000000044408920985006
478,478_0,COMPLETED,BoTorch,0.284117193523515831898862415983,151,0.344533576689018294914035323018,4,0.740354627832054967839781056682
479,479_0,COMPLETED,BoTorch,0.278940411939640919847249733721,108,0.358565917263725109087602049840,2,0.266370752993803583397181000691
480,480_0,COMPLETED,BoTorch,0.279050556228659596413876897714,108,0.694569932735671136114774526504,3,0.369072789103007448119342370774
481,481_0,COMPLETED,BoTorch,0.284557770679590316120766146923,149,0.679778908431254103028607005399,2,0.800000000000000044408920985006
482,482_0,COMPLETED,BoTorch,0.290009912986011642033190582879,150,0.486632225422628295063987025060,3,0.800000000000000044408920985006
483,483_0,COMPLETED,BoTorch,0.278940411939640919847249733721,108,0.360021647530475163989649445284,2,0.270318045873222945196800992562
484,484_0,COMPLETED,BoTorch,0.279050556228659596413876897714,108,0.864081114007930528586598484253,3,0.200000000000000011102230246252
485,485_0,COMPLETED,BoTorch,0.283180967066857580682892603363,128,0.515382434748938522695027586451,2,0.682410669743261366626541075675
486,486_0,COMPLETED,BoTorch,0.282354884899218006033549954736,124,0.520851043524026113828995221411,3,0.348124749911709718830366000475
487,487_0,COMPLETED,BoTorch,0.278940411939640919847249733721,108,0.358753799485322266704656613001,2,0.265565293421060055756299789209
488,488_0,COMPLETED,BoTorch,0.288798325806806865934106554050,109,0.226968616613779677892992481247,4,0.467378042585722019985894348792
489,489_0,COMPLETED,BoTorch,0.281804163454124956267321522319,124,0.330911961083825478802111774712,2,0.200000000000000011102230246252
490,490_0,COMPLETED,BoTorch,0.287531666483092807062860174483,129,0.660334551166536498634229701565,3,0.325002795332200389299970311185
491,491_0,COMPLETED,BoTorch,0.283180967066857580682892603363,128,0.719003199490056976728169502167,4,0.610953444260461497883341053239
492,492_0,COMPLETED,BoTorch,0.280151999118845695946333762549,108,0.836967148725337062309392877069,4,0.302424228819288376524099248854
493,493_0,COMPLETED,BoTorch,0.283180967066857580682892603363,128,0.811915702420504370451226350269,2,0.527759982614542710877003628411
494,494_0,COMPLETED,BoTorch,0.283180967066857580682892603363,128,0.447715848485643386212018413062,4,0.800000000000000044408920985006
495,495_0,COMPLETED,BoTorch,0.283180967066857580682892603363,128,0.480813168011024361092609069601,4,0.409117532515098303314005079301
496,496_0,COMPLETED,BoTorch,0.281914307743143521811646223796,124,0.291095678639053889735777147507,4,0.200000000000000011102230246252
497,497_0,COMPLETED,BoTorch,0.298105518228879873277037404478,304,0.991188185111919195513507929718,3,0.420839485816412506302697238425
498,498_0,COMPLETED,BoTorch,0.283180967066857580682892603363,128,0.329057396417723690973389238934,2,0.800000000000000044408920985006
499,499_0,COMPLETED,BoTorch,0.280867936997466705051351709699,124,0.277815038770226063746804356924,3,0.630641617478971627797079690936
500,500_0,COMPLETED,BoTorch,0.291111355876197852587949910230,127,0.676593951933761816874834948976,3,0.536892264215374837021954590455
501,501_0,RUNNING,BoTorch,,882,0.346373691731111654767971685942,3,0.501674788648996283768610737752
502,502_0,RUNNING,BoTorch,,123,0.247200804469123930351415197038,3,0.306361870109804534934028197313
503,503_0,RUNNING,BoTorch,,123,0.161449547600200998820341169449,3,0.324505336929979126825429602832
504,504_0,RUNNING,BoTorch,,338,0.201950986296839107847489458436,4,0.223865624006641977805642795829
505,505_0,RUNNING,BoTorch,,124,0.316593452324789303986563027138,3,0.488648240362981212125959018522
506,506_0,RUNNING,BoTorch,,127,0.638611631674683932757830007176,3,0.800000000000000044408920985006
507,507_0,RUNNING,BoTorch,,882,0.661067298405356273960364887898,3,0.739490478039810383847907360177
