trial_index,arm_name,trial_status,generation_method,result,n_samples,confidence,feature_proportion,n_clusters
0,0_0,COMPLETED,Sobol,0.303062011234717432195395758754,963,0.050000000000000002775557561563,0.090525108575820925627120061563,1
1,1_0,COMPLETED,Sobol,0.288688181517788300389781852573,410,0.250000000000000000000000000000,0.167912307754158995898308148753,1
2,2_0,COMPLETED,Sobol,0.288963542240334825272896068782,519,0.250000000000000000000000000000,0.104168479330837726593017578125,4
3,3_0,COMPLETED,Sobol,0.292047582332855992781617260334,619,0.250000000000000000000000000000,0.022104877047240734100341796875,4
4,4_0,COMPLETED,Sobol,0.298766383962991488587590538373,654,0.100000000000000005551115123126,0.195973979309201240539550781250,3
5,5_0,COMPLETED,Sobol,0.282795462055292379233151223161,112,0.025000000000000001387778780781,0.124943611398339274320967717813,4
6,6_0,COMPLETED,Sobol,0.279766494107280494496592382347,178,0.001000000000000000020816681712,0.058544055186212064223472140156,2
7,7_0,COMPLETED,Sobol,0.294415684546756262207622967253,992,0.010000000000000000208166817117,0.016774291545152666266238483672,3
8,8_0,COMPLETED,Sobol,0.282134596321180763922598089266,210,0.005000000000000000104083408559,0.161182905361056338922054465002,2
9,9_0,COMPLETED,Sobol,0.293589602379116687558280318626,880,0.025000000000000001387778780781,0.016868462413549424605552218281,4
10,10_0,COMPLETED,Sobol,0.299262033263575255581656620052,810,0.001000000000000000020816681712,0.194715055823326127493189119377,4
11,11_0,COMPLETED,Sobol,0.285438924991739173542271146289,296,0.250000000000000000000000000000,0.134585285000503068753019420001,1
12,12_0,COMPLETED,Sobol,0.295627271725961038306706996082,651,0.005000000000000000104083408559,0.027049892954528333838259968047,2
13,13_0,COMPLETED,Sobol,0.296288137460072653617260129977,860,0.250000000000000000000000000000,0.148602385446429258175626841876,2
14,14_0,COMPLETED,Sobol,0.294140323824209737324508751044,529,0.250000000000000000000000000000,0.112633097544312485438489090939,4
15,15_0,COMPLETED,Sobol,0.294030179535191060757881587051,998,0.005000000000000000104083408559,0.043478224985301495986167452656,3
16,16_0,COMPLETED,Sobol,0.290340345853067560710769612342,835,0.050000000000000002775557561563,0.098502206616103649139404296875,4
17,17_0,COMPLETED,Sobol,0.296783786760656420611326211656,325,0.001000000000000000020816681712,0.144428371451795101165771484375,1
18,18_0,COMPLETED,Sobol,0.292267870910893234892569125805,798,0.100000000000000005551115123126,0.066104659624397751893631891562,3
19,19_0,COMPLETED,Sobol,0.297334508205749581399857106589,653,0.250000000000000000000000000000,0.191614809818565851040617076251,3
20,20_0,COMPLETED,BoTorch,0.282575173477255248144501820207,130,0.005000000000000000104083408559,0.097383231306390108383830295224,3
21,21_0,COMPLETED,BoTorch,0.281473730587069037589742492855,127,0.010000000000000000208166817117,0.098496977213928568750667125187,2
22,22_0,COMPLETED,BoTorch,0.282354884899218006033549954736,200,0.025000000000000001387778780781,0.083681939960258869271036985538,3
23,23_0,COMPLETED,BoTorch,0.286265007159378748191613794916,100,0.001000000000000000020816681712,0.113182872816724233722140979808,3
24,24_0,COMPLETED,BoTorch,0.279325916951206121296991113923,114,0.025000000000000001387778780781,0.168159959532115599323276455834,3
25,25_0,COMPLETED,BoTorch,0.285438924991739173542271146289,100,0.005000000000000000104083408559,0.028910586306439074039120740167,3
26,26_0,COMPLETED,BoTorch,0.293314241656570051652863639902,215,0.001000000000000000020816681712,0.081342478114249897047649540127,3
27,27_0,COMPLETED,BoTorch,0.280537504130410786373772680236,100,0.010000000000000000208166817117,0.040441863507982622749636902881,2
28,28_0,COMPLETED,BoTorch,0.282685317766273813688826521684,120,0.050000000000000002775557561563,0.124401711174049953156917069919,2
29,29_0,COMPLETED,BoTorch,0.285053419980174083114832228603,100,0.001000000000000000020816681712,0.106279604584790132726368483418,2
30,30_0,COMPLETED,BoTorch,0.286265007159378748191613794916,235,0.010000000000000000208166817117,0.049882784523490091010966551721,2
31,31_0,COMPLETED,BoTorch,0.282024452032162087355970925273,104,0.005000000000000000104083408559,0.194003465969583455130731408644,3
32,32_0,COMPLETED,BoTorch,0.282740389910783096460988872423,100,0.001000000000000000020816681712,0.018468888734889537389660674194,2
33,33_0,COMPLETED,BoTorch,0.282905606344311055799778387154,140,0.001000000000000000020816681712,0.144121023614028093140504438452,3
34,34_0,FAILED,BoTorch,,199,0.001000000000000000020816681712,0.000000000000000000000000000000,3
35,35_0,COMPLETED,BoTorch,0.280757792708448028484724545706,189,0.005000000000000000104083408559,0.142858111407180632390634400508,3
36,36_0,COMPLETED,BoTorch,0.289238902962881350156010284991,250,0.005000000000000000104083408559,0.112690125891816705916426144540,3
37,37_0,COMPLETED,BoTorch,0.284888203546646123776042713871,166,0.050000000000000002775557561563,0.039532969656030508831534575620,3
38,38_0,COMPLETED,BoTorch,0.282299812754708723261387603998,136,0.100000000000000005551115123126,0.111431966640026580694922131443,3
39,39_0,COMPLETED,BoTorch,0.284392554246062356781976632192,100,0.010000000000000000208166817117,0.167280718658282007149651349209,2
40,40_0,COMPLETED,BoTorch,0.277453464037889618865051488683,180,0.025000000000000001387778780781,0.197395279598435141599210851382,3
41,41_0,COMPLETED,BoTorch,0.279711421962771211724430031609,100,0.025000000000000001387778780781,0.123391138167767241973216130191,3
42,42_0,COMPLETED,BoTorch,0.281253442009031795478790627385,100,0.050000000000000002775557561563,0.200000000000000011102230246252,3
43,43_0,COMPLETED,BoTorch,0.280647648419429462940399844229,164,0.025000000000000001387778780781,0.200000000000000011102230246252,2
44,44_0,COMPLETED,BoTorch,0.278389690494547870081021301303,100,0.025000000000000001387778780781,0.200000000000000011102230246252,4
45,45_0,COMPLETED,BoTorch,0.278885339795131637075087382982,100,0.005000000000000000104083408559,0.016772286104730034506093971913,1
46,46_0,COMPLETED,BoTorch,0.280041854829827019379706598556,100,0.050000000000000002775557561563,0.088872069637165179711857376788,3
47,47_0,COMPLETED,BoTorch,0.283511399933913388338169170311,206,0.050000000000000002775557561563,0.189321426289413508037284827878,3
48,48_0,COMPLETED,BoTorch,0.279270844806696727502526300668,100,0.025000000000000001387778780781,0.200000000000000011102230246252,2
49,49_0,COMPLETED,BoTorch,0.279160700517678161958201599191,100,0.025000000000000001387778780781,0.075672156407027513225216353021,1
50,50_0,COMPLETED,BoTorch,0.277783896904945426520328055631,100,0.050000000000000002775557561563,0.131572762476871607528750018901,3
51,51_0,COMPLETED,BoTorch,0.279656349818261928952267680870,100,0.100000000000000005551115123126,0.200000000000000011102230246252,4
52,52_0,COMPLETED,BoTorch,0.280317215552373655285123277281,100,0.250000000000000000000000000000,0.200000000000000011102230246252,1
53,53_0,COMPLETED,BoTorch,0.281198369864522512706628276646,155,0.005000000000000000104083408559,0.015263594869020234365275534572,1
54,54_0,COMPLETED,BoTorch,0.281473730587069037589742492855,157,0.025000000000000001387778780781,0.200000000000000011102230246252,4
55,55_0,COMPLETED,BoTorch,0.279380989095715404069153464661,161,0.025000000000000001387778780781,0.167245117074233701215391079131,3
56,56_0,COMPLETED,BoTorch,0.284282409957043680215349468199,160,0.010000000000000000208166817117,0.200000000000000011102230246252,3
57,57_0,COMPLETED,BoTorch,0.289293975107390632928172635729,203,0.100000000000000005551115123126,0.200000000000000011102230246252,4
58,58_0,FAILED,BoTorch,,131,0.025000000000000001387778780781,0.000000000000000000000000000000,1
59,59_0,FAILED,BoTorch,,147,0.001000000000000000020816681712,0.000000000000000000000000000000,1
60,60_0,COMPLETED,BoTorch,0.285053419980174083114832228603,150,0.005000000000000000104083408559,0.055951993657619131239400189770,1
61,61_0,COMPLETED,BoTorch,0.282795462055292379233151223161,174,0.010000000000000000208166817117,0.196432733221418964753013369773,3
62,62_0,COMPLETED,BoTorch,0.281749091309615562472856709064,186,0.025000000000000001387778780781,0.161379139920321101886457881847,3
63,63_0,COMPLETED,BoTorch,0.276847670448287286326660705527,158,0.010000000000000000208166817117,0.200000000000000011102230246252,4
64,64_0,COMPLETED,BoTorch,0.285714285714285698425385362498,154,0.025000000000000001387778780781,0.200000000000000011102230246252,3
65,65_0,COMPLETED,BoTorch,0.289899768696993076488865881402,254,0.100000000000000005551115123126,0.200000000000000011102230246252,3
66,66_0,FAILED,BoTorch,,143,0.010000000000000000208166817117,0.000000000000000000000000000000,1
67,67_0,COMPLETED,BoTorch,0.280096926974336413174171411811,100,0.100000000000000005551115123126,0.008081171800640817373673208124,1
68,68_0,COMPLETED,BoTorch,0.281363586298050472045417791378,100,0.250000000000000000000000000000,0.098285548983866308225820773714,1
69,69_0,FAILED,BoTorch,,100,0.025000000000000001387778780781,0.000000000000000000000000000000,1
70,70_0,COMPLETED,BoTorch,0.280151999118845695946333762549,100,0.250000000000000000000000000000,0.200000000000000011102230246252,2
71,71_0,COMPLETED,BoTorch,0.279711421962771211724430031609,100,0.250000000000000000000000000000,0.200000000000000011102230246252,3
72,72_0,COMPLETED,BoTorch,0.281638947020596996928532007587,144,0.050000000000000002775557561563,0.200000000000000011102230246252,1
73,73_0,COMPLETED,BoTorch,0.279931710540808453835381897079,100,0.050000000000000002775557561563,0.146667877415456449075037426155,1
74,74_0,COMPLETED,BoTorch,0.278279546205529193514394137310,100,0.250000000000000000000000000000,0.087106881242826963984704491395,2
75,75_0,COMPLETED,BoTorch,0.280151999118845695946333762549,100,0.250000000000000000000000000000,0.148886028762708788608648546870,2
76,76_0,COMPLETED,BoTorch,0.286485295737415990302565660386,172,0.250000000000000000000000000000,0.200000000000000011102230246252,1
77,77_0,COMPLETED,BoTorch,0.279325916951206121296991113923,100,0.050000000000000002775557561563,0.067082055787048136541450560344,1
78,78_0,COMPLETED,BoTorch,0.278720123361603677736297868250,137,0.100000000000000005551115123126,0.163905464382652882315838382965,1
79,79_0,FAILED,BoTorch,,100,0.050000000000000002775557561563,0.000000000000000000000000000000,1
80,80_0,FAILED,BoTorch,,100,0.250000000000000000000000000000,0.000000000000000000000000000000,1
81,81_0,COMPLETED,BoTorch,0.278279546205529193514394137310,100,0.250000000000000000000000000000,0.119808151095350090553637301127,2
82,82_0,COMPLETED,BoTorch,0.281363586298050472045417791378,100,0.250000000000000000000000000000,0.054810520901026262008404188464,1
83,69_0,FAILED,BoTorch,,100,0.025000000000000001387778780781,0.000000000000000000000000000000,1
84,84_0,COMPLETED,BoTorch,0.281583874876087714156369656848,157,0.050000000000000002775557561563,0.056729940933681249903841603555,1
85,85_0,FAILED,BoTorch,,100,0.250000000000000000000000000000,0.000000000000000000000000000000,3
86,86_0,FAILED,BoTorch,,151,0.250000000000000000000000000000,0.000000000000000000000000000000,1
87,87_0,COMPLETED,BoTorch,0.280151999118845695946333762549,100,0.250000000000000000000000000000,0.129240514166755054992208329168,4
88,88_0,COMPLETED,BoTorch,0.278665051217094394964135517512,100,0.100000000000000005551115123126,0.154183314505685897799480699177,2
89,89_0,FAILED,BoTorch,,208,0.250000000000000000000000000000,0.000000000000000000000000000000,1
90,90_0,COMPLETED,BoTorch,0.280096926974336413174171411811,172,0.100000000000000005551115123126,0.019043071984322468975792119750,1
91,91_0,COMPLETED,BoTorch,0.277343319748871053320726787206,100,0.050000000000000002775557561563,0.084601905107450525722612155732,2
92,92_0,COMPLETED,BoTorch,0.277178103315343093981937272474,158,0.250000000000000000000000000000,0.071380868764979774065970730135,1
93,93_0,FAILED,BoTorch,,100,0.250000000000000000000000000000,0.000000000000000000000000000000,2
94,94_0,COMPLETED,BoTorch,0.279546205529243363407942979393,100,0.250000000000000000000000000000,0.126063321334941941254115249649,3
95,95_0,FAILED,BoTorch,,100,0.050000000000000002775557561563,0.000000000000000000000000000000,2
96,96_0,COMPLETED,BoTorch,0.282244740610199329466922790743,162,0.100000000000000005551115123126,0.082406085220461888773968439637,1
97,97_0,COMPLETED,BoTorch,0.277783896904945426520328055631,100,0.050000000000000002775557561563,0.052815648415997534792509782164,2
98,98_0,COMPLETED,BoTorch,0.279711421962771211724430031609,104,0.050000000000000002775557561563,0.040917674834797496119520587854,2
99,99_0,COMPLETED,BoTorch,0.283015750633329621344103088632,175,0.100000000000000005551115123126,0.059508679931502175830537737511,1
100,100_0,COMPLETED,BoTorch,0.280317215552373655285123277281,100,0.250000000000000000000000000000,0.132175142840226106377699011318,1
101,69_0,FAILED,BoTorch,,100,0.025000000000000001387778780781,0.000000000000000000000000000000,1
102,93_0,FAILED,BoTorch,,100,0.250000000000000000000000000000,0.000000000000000000000000000000,2
103,103_0,FAILED,BoTorch,,209,0.250000000000000000000000000000,0.000000000000000000000000000000,1
104,104_0,COMPLETED,BoTorch,0.279160700517678161958201599191,100,0.100000000000000005551115123126,0.147701455916858542805059073544,3
105,105_0,COMPLETED,BoTorch,0.281694019165106279700694358326,100,0.250000000000000000000000000000,0.015408072592119799459897677707,4
106,106_0,FAILED,BoTorch,,133,0.250000000000000000000000000000,0.000000000000000000000000000000,1
107,107_0,COMPLETED,BoTorch,0.280427359841392220829447978758,100,0.010000000000000000208166817117,0.200000000000000011102230246252,4
108,108_0,COMPLETED,BoTorch,0.274038991078312643701053730183,100,0.100000000000000005551115123126,0.107651776383508049339532419708,2
109,85_0,FAILED,BoTorch,,100,0.250000000000000000000000000000,0.000000000000000000000000000000,3
110,110_0,FAILED,BoTorch,,246,0.250000000000000000000000000000,0.000000000000000000000000000000,1
111,79_0,FAILED,BoTorch,,100,0.050000000000000002775557561563,0.000000000000000000000000000000,1
112,95_0,FAILED,BoTorch,,100,0.050000000000000002775557561563,0.000000000000000000000000000000,2
113,113_0,FAILED,BoTorch,,181,0.100000000000000005551115123126,0.000000000000000000000000000000,1
114,114_0,FAILED,BoTorch,,100,0.010000000000000000208166817117,0.000000000000000000000000000000,1
115,115_0,COMPLETED,BoTorch,0.280372287696882938057285628020,100,0.250000000000000000000000000000,0.058837232069032657788554274703,3
116,116_0,COMPLETED,BoTorch,0.280372287696882938057285628020,100,0.250000000000000000000000000000,0.019451621923215790810335334982,3
117,69_0,FAILED,BoTorch,,100,0.025000000000000001387778780781,0.000000000000000000000000000000,1
118,93_0,FAILED,BoTorch,,100,0.250000000000000000000000000000,0.000000000000000000000000000000,2
119,119_0,COMPLETED,BoTorch,0.278499834783566435625346002780,100,0.100000000000000005551115123126,0.071280474695899459502967943081,2
120,120_0,COMPLETED,BoTorch,0.277453464037889618865051488683,100,0.250000000000000000000000000000,0.027479106722264542983502622064,2
121,121_0,COMPLETED,BoTorch,0.280096926974336413174171411811,100,0.100000000000000005551115123126,0.107526642964011473480034908334,1
122,95_0,FAILED,BoTorch,,100,0.050000000000000002775557561563,0.000000000000000000000000000000,2
123,69_0,FAILED,BoTorch,,100,0.025000000000000001387778780781,0.000000000000000000000000000000,1
124,124_0,COMPLETED,BoTorch,0.280207071263354978718496113288,127,0.250000000000000000000000000000,0.080205005851055805043969826329,2
125,125_0,FAILED,BoTorch,,229,0.250000000000000000000000000000,0.000000000000000000000000000000,1
126,126_0,FAILED,BoTorch,,311,0.250000000000000000000000000000,0.000000000000000000000000000000,1
127,127_0,COMPLETED,BoTorch,0.280096926974336413174171411811,100,0.100000000000000005551115123126,0.063816599022502473737006312149,1
128,128_0,FAILED,BoTorch,,203,0.250000000000000000000000000000,0.000000000000000000000000000000,3
129,129_0,COMPLETED,BoTorch,0.273212908910672958029408619041,100,0.100000000000000005551115123126,0.034025703431758771988491218963,2
130,130_0,FAILED,BoTorch,,376,0.250000000000000000000000000000,0.000000000000000000000000000000,3
131,131_0,FAILED,BoTorch,,252,0.250000000000000000000000000000,0.000000000000000000000000000000,3
132,132_0,COMPLETED,BoTorch,0.278499834783566435625346002780,172,0.001000000000000000020816681712,0.200000000000000011102230246252,4
133,133_0,COMPLETED,BoTorch,0.276792598303778003554498354788,100,0.250000000000000000000000000000,0.051157768335299030892926452907,2
134,134_0,FAILED,BoTorch,,301,0.100000000000000005551115123126,0.000000000000000000000000000000,1
135,95_0,FAILED,BoTorch,,100,0.050000000000000002775557561563,0.000000000000000000000000000000,2
136,93_0,FAILED,BoTorch,,100,0.250000000000000000000000000000,0.000000000000000000000000000000,2
137,79_0,FAILED,BoTorch,,100,0.050000000000000002775557561563,0.000000000000000000000000000000,1
138,69_0,FAILED,BoTorch,,100,0.025000000000000001387778780781,0.000000000000000000000000000000,1
139,139_0,FAILED,BoTorch,,100,0.100000000000000005551115123126,0.000000000000000000000000000000,2
140,140_0,FAILED,BoTorch,,166,0.250000000000000000000000000000,0.000000000000000000000000000000,1
141,141_0,FAILED,BoTorch,,100,0.025000000000000001387778780781,0.000000000000000000000000000000,2
142,142_0,FAILED,BoTorch,,143,0.250000000000000000000000000000,0.000000000000000000000000000000,2
143,69_0,FAILED,BoTorch,,100,0.025000000000000001387778780781,0.000000000000000000000000000000,1
144,144_0,COMPLETED,BoTorch,0.286705584315453232413517525856,142,0.001000000000000000020816681712,0.200000000000000011102230246252,4
145,145_0,COMPLETED,BoTorch,0.279325916951206121296991113923,100,0.050000000000000002775557561563,0.031364224861028959512321279135,1
146,146_0,COMPLETED,BoTorch,0.277067959026324528437612570997,100,0.100000000000000005551115123126,0.050877720506665717603578258377,2
147,147_0,FAILED,BoTorch,,230,0.250000000000000000000000000000,0.000000000000000000000000000000,1
148,80_0,FAILED,BoTorch,,100,0.250000000000000000000000000000,0.000000000000000000000000000000,1
149,149_0,FAILED,BoTorch,,288,0.250000000000000000000000000000,0.000000000000000000000000000000,2
150,150_0,FAILED,BoTorch,,235,0.250000000000000000000000000000,0.000000000000000000000000000000,2
151,141_0,FAILED,BoTorch,,100,0.025000000000000001387778780781,0.000000000000000000000000000000,2
152,152_0,FAILED,BoTorch,,372,0.250000000000000000000000000000,0.000000000000000000000000000000,1
153,93_0,FAILED,BoTorch,,100,0.250000000000000000000000000000,0.000000000000000000000000000000,2
154,139_0,FAILED,BoTorch,,100,0.100000000000000005551115123126,0.000000000000000000000000000000,2
155,95_0,FAILED,BoTorch,,100,0.050000000000000002775557561563,0.000000000000000000000000000000,2
156,80_0,FAILED,BoTorch,,100,0.250000000000000000000000000000,0.000000000000000000000000000000,1
157,79_0,FAILED,BoTorch,,100,0.050000000000000002775557561563,0.000000000000000000000000000000,1
158,139_0,FAILED,BoTorch,,100,0.100000000000000005551115123126,0.000000000000000000000000000000,2
159,93_0,FAILED,BoTorch,,100,0.250000000000000000000000000000,0.000000000000000000000000000000,2
160,160_0,FAILED,BoTorch,,258,0.250000000000000000000000000000,0.000000000000000000000000000000,1
161,142_0,FAILED,BoTorch,,143,0.250000000000000000000000000000,0.000000000000000000000000000000,2
162,162_0,FAILED,BoTorch,,246,0.250000000000000000000000000000,0.000000000000000000000000000000,3
163,163_0,FAILED,BoTorch,,189,0.250000000000000000000000000000,0.000000000000000000000000000000,1
164,164_0,FAILED,BoTorch,,252,0.250000000000000000000000000000,0.000000000000000000000000000000,2
165,165_0,COMPLETED,BoTorch,0.282024452032162087355970925273,130,0.100000000000000005551115123126,0.014940955056160890729310963820,1
166,166_0,COMPLETED,BoTorch,0.282740389910783096460988872423,241,0.250000000000000000000000000000,0.004611359294566957402194962157,2
167,167_0,FAILED,BoTorch,,138,0.250000000000000000000000000000,0.000000000000000000000000000000,1
168,168_0,COMPLETED,BoTorch,0.285493997136248456314433497027,100,0.050000000000000002775557561563,0.033234922768231221767987193516,4
169,169_0,FAILED,BoTorch,,420,0.250000000000000000000000000000,0.000000000000000000000000000000,2
170,139_0,FAILED,BoTorch,,100,0.100000000000000005551115123126,0.000000000000000000000000000000,2
171,93_0,FAILED,BoTorch,,100,0.250000000000000000000000000000,0.000000000000000000000000000000,2
172,172_0,FAILED,BoTorch,,342,0.250000000000000000000000000000,0.000000000000000000000000000000,1
173,173_0,COMPLETED,BoTorch,0.288688181517788300389781852573,379,0.250000000000000000000000000000,0.055260351827480319597540869836,2
174,174_0,FAILED,BoTorch,,423,0.250000000000000000000000000000,0.000000000000000000000000000000,1
175,95_0,FAILED,BoTorch,,100,0.050000000000000002775557561563,0.000000000000000000000000000000,2
176,114_0,FAILED,BoTorch,,100,0.010000000000000000208166817117,0.000000000000000000000000000000,1
177,177_0,COMPLETED,BoTorch,0.279546205529243363407942979393,100,0.100000000000000005551115123126,0.091784815734130054121209241202,2
178,178_0,FAILED,BoTorch,,141,0.250000000000000000000000000000,0.000000000000000000000000000000,2
179,69_0,FAILED,BoTorch,,100,0.025000000000000001387778780781,0.000000000000000000000000000000,1
180,141_0,FAILED,BoTorch,,100,0.025000000000000001387778780781,0.000000000000000000000000000000,2
181,181_0,COMPLETED,BoTorch,0.283456327789404105566006819572,371,0.250000000000000000000000000000,0.035268170977396595677788582179,2
182,182_0,COMPLETED,BoTorch,0.288798325806806865934106554050,240,0.250000000000000000000000000000,0.006550836244915510600539398922,2
183,183_0,FAILED,BoTorch,,128,0.100000000000000005551115123126,0.000000000000000000000000000000,2
184,141_0,FAILED,BoTorch,,100,0.025000000000000001387778780781,0.000000000000000000000000000000,2
185,185_0,COMPLETED,BoTorch,0.283346183500385540021682118095,371,0.250000000000000000000000000000,0.012474694277423533511628406245,2
186,186_0,COMPLETED,BoTorch,0.282575173477255248144501820207,138,0.010000000000000000208166817117,0.105835394462641854684825659660,1
187,187_0,FAILED,BoTorch,,312,0.100000000000000005551115123126,0.000000000000000000000000000000,2
188,95_0,FAILED,BoTorch,,100,0.050000000000000002775557561563,0.000000000000000000000000000000,2
189,93_0,FAILED,BoTorch,,100,0.250000000000000000000000000000,0.000000000000000000000000000000,2
190,79_0,FAILED,BoTorch,,100,0.050000000000000002775557561563,0.000000000000000000000000000000,1
191,69_0,FAILED,BoTorch,,100,0.025000000000000001387778780781,0.000000000000000000000000000000,1
192,69_0,FAILED,BoTorch,,100,0.025000000000000001387778780781,0.000000000000000000000000000000,1
193,93_0,FAILED,BoTorch,,100,0.250000000000000000000000000000,0.000000000000000000000000000000,2
194,139_0,FAILED,BoTorch,,100,0.100000000000000005551115123126,0.000000000000000000000000000000,2
195,80_0,FAILED,BoTorch,,100,0.250000000000000000000000000000,0.000000000000000000000000000000,1
196,69_0,FAILED,BoTorch,,100,0.025000000000000001387778780781,0.000000000000000000000000000000,1
197,197_0,COMPLETED,BoTorch,0.284282409957043680215349468199,121,0.100000000000000005551115123126,0.064490437360056454552115212664,2
198,141_0,FAILED,BoTorch,,100,0.025000000000000001387778780781,0.000000000000000000000000000000,2
199,199_0,COMPLETED,BoTorch,0.280482431985901503601610329497,100,0.025000000000000001387778780781,0.200000000000000011102230246252,1
200,114_0,FAILED,BoTorch,,100,0.010000000000000000208166817117,0.000000000000000000000000000000,1
201,95_0,FAILED,BoTorch,,100,0.050000000000000002775557561563,0.000000000000000000000000000000,2
202,114_0,FAILED,BoTorch,,100,0.010000000000000000208166817117,0.000000000000000000000000000000,1
203,203_0,FAILED,BoTorch,,475,0.250000000000000000000000000000,0.000000000000000000000000000000,1
204,204_0,COMPLETED,BoTorch,0.275030289679480066666883431026,100,0.050000000000000002775557561563,0.200000000000000011102230246252,4
205,205_0,COMPLETED,BoTorch,0.280427359841392220829447978758,100,0.250000000000000000000000000000,0.179974964553872268657741528841,4
206,206_0,FAILED,BoTorch,,376,0.250000000000000000000000000000,0.000000000000000000000000000000,4
207,93_0,FAILED,BoTorch,,100,0.250000000000000000000000000000,0.000000000000000000000000000000,2
208,80_0,FAILED,BoTorch,,100,0.250000000000000000000000000000,0.000000000000000000000000000000,1
209,95_0,FAILED,BoTorch,,100,0.050000000000000002775557561563,0.000000000000000000000000000000,2
210,69_0,FAILED,BoTorch,,100,0.025000000000000001387778780781,0.000000000000000000000000000000,1
211,211_0,FAILED,BoTorch,,144,0.250000000000000000000000000000,0.000000000000000000000000000000,1
212,212_0,FAILED,BoTorch,,100,0.005000000000000000104083408559,0.000000000000000000000000000000,1
213,213_0,FAILED,BoTorch,,160,0.010000000000000000208166817117,0.000000000000000000000000000000,1
214,139_0,FAILED,BoTorch,,100,0.100000000000000005551115123126,0.000000000000000000000000000000,2
215,114_0,FAILED,BoTorch,,100,0.010000000000000000208166817117,0.000000000000000000000000000000,1
216,216_0,COMPLETED,BoTorch,0.280757792708448028484724545706,100,0.250000000000000000000000000000,0.200000000000000011102230246252,4
217,217_0,FAILED,BoTorch,,145,0.001000000000000000020816681712,0.000000000000000000000000000000,1
218,218_0,COMPLETED,BoTorch,0.280427359841392220829447978758,100,0.050000000000000002775557561563,0.124746793075073622580895005285,2
219,219_0,COMPLETED,BoTorch,0.278885339795131637075087382982,100,0.005000000000000000104083408559,0.016780906584811027676407135800,1
220,220_0,FAILED,BoTorch,,328,0.250000000000000000000000000000,0.000000000000000000000000000000,1
221,221_0,FAILED,BoTorch,,438,0.250000000000000000000000000000,0.000000000000000000000000000000,1
222,114_0,FAILED,BoTorch,,100,0.010000000000000000208166817117,0.000000000000000000000000000000,1
223,223_0,COMPLETED,BoTorch,0.278885339795131637075087382982,100,0.005000000000000000104083408559,0.016828327482921595636966571874,1
224,95_0,FAILED,BoTorch,,100,0.050000000000000002775557561563,0.000000000000000000000000000000,2
225,114_0,FAILED,BoTorch,,100,0.010000000000000000208166817117,0.000000000000000000000000000000,1
226,69_0,FAILED,BoTorch,,100,0.025000000000000001387778780781,0.000000000000000000000000000000,1
227,227_0,FAILED,BoTorch,,100,0.001000000000000000020816681712,0.000000000000000000000000000000,1
228,139_0,FAILED,BoTorch,,100,0.100000000000000005551115123126,0.000000000000000000000000000000,2
229,93_0,FAILED,BoTorch,,100,0.250000000000000000000000000000,0.000000000000000000000000000000,2
230,230_0,COMPLETED,BoTorch,0.276792598303778003554498354788,100,0.250000000000000000000000000000,0.040516131459451071306077096779,2
231,80_0,FAILED,BoTorch,,100,0.250000000000000000000000000000,0.000000000000000000000000000000,1
232,227_0,FAILED,BoTorch,,100,0.001000000000000000020816681712,0.000000000000000000000000000000,1
233,95_0,FAILED,BoTorch,,100,0.050000000000000002775557561563,0.000000000000000000000000000000,2
234,69_0,FAILED,BoTorch,,100,0.025000000000000001387778780781,0.000000000000000000000000000000,1
235,114_0,FAILED,BoTorch,,100,0.010000000000000000208166817117,0.000000000000000000000000000000,1
236,114_0,FAILED,BoTorch,,100,0.010000000000000000208166817117,0.000000000000000000000000000000,1
237,141_0,FAILED,BoTorch,,100,0.025000000000000001387778780781,0.000000000000000000000000000000,2
238,238_0,FAILED,BoTorch,,447,0.250000000000000000000000000000,0.000000000000000000000000000000,1
239,239_0,FAILED,BoTorch,,494,0.250000000000000000000000000000,0.000000000000000000000000000000,1
240,240_0,COMPLETED,BoTorch,0.295847560303998280417658861552,584,0.025000000000000001387778780781,0.012052556872367859233663445195,4
241,241_0,COMPLETED,BoTorch,0.280372287696882938057285628020,100,0.100000000000000005551115123126,0.200000000000000011102230246252,3
242,242_0,FAILED,BoTorch,,385,0.250000000000000000000000000000,0.000000000000000000000000000000,4
243,69_0,FAILED,BoTorch,,100,0.025000000000000001387778780781,0.000000000000000000000000000000,1
244,93_0,FAILED,BoTorch,,100,0.250000000000000000000000000000,0.000000000000000000000000000000,2
245,80_0,FAILED,BoTorch,,100,0.250000000000000000000000000000,0.000000000000000000000000000000,1
246,246_0,FAILED,BoTorch,,525,0.100000000000000005551115123126,0.000000000000000000000000000000,4
247,139_0,FAILED,BoTorch,,100,0.100000000000000005551115123126,0.000000000000000000000000000000,2
248,95_0,FAILED,BoTorch,,100,0.050000000000000002775557561563,0.000000000000000000000000000000,2
249,249_0,COMPLETED,BoTorch,0.284943275691155406548205064610,270,0.100000000000000005551115123126,0.062503175008246217303486957917,4
250,227_0,FAILED,BoTorch,,100,0.001000000000000000020816681712,0.000000000000000000000000000000,1
251,114_0,FAILED,BoTorch,,100,0.010000000000000000208166817117,0.000000000000000000000000000000,1
252,227_0,FAILED,BoTorch,,100,0.001000000000000000020816681712,0.000000000000000000000000000000,1
253,114_0,FAILED,BoTorch,,100,0.010000000000000000208166817117,0.000000000000000000000000000000,1
254,254_0,COMPLETED,BoTorch,0.289349047251900026722637448984,246,0.250000000000000000000000000000,0.037427697376058485789762642071,4
255,255_0,FAILED,BoTorch,,461,0.250000000000000000000000000000,0.000000000000000000000000000000,3
256,256_0,COMPLETED,BoTorch,0.275525938980063833660949512705,100,0.100000000000000005551115123126,0.097796768657165744631498682793,3
257,257_0,COMPLETED,BoTorch,0.287641810772111483629487338476,300,0.250000000000000000000000000000,0.017493468304008136238181236877,3
258,258_0,FAILED,BoTorch,,434,0.250000000000000000000000000000,0.000000000000000000000000000000,1
259,259_0,FAILED,BoTorch,,434,0.250000000000000000000000000000,0.000000000000000000000000000000,4
260,69_0,FAILED,BoTorch,,100,0.025000000000000001387778780781,0.000000000000000000000000000000,1
261,93_0,FAILED,BoTorch,,100,0.250000000000000000000000000000,0.000000000000000000000000000000,2
262,227_0,FAILED,BoTorch,,100,0.001000000000000000020816681712,0.000000000000000000000000000000,1
263,114_0,FAILED,BoTorch,,100,0.010000000000000000208166817117,0.000000000000000000000000000000,1
264,139_0,FAILED,BoTorch,,100,0.100000000000000005551115123126,0.000000000000000000000000000000,2
265,227_0,FAILED,BoTorch,,100,0.001000000000000000020816681712,0.000000000000000000000000000000,1
266,80_0,FAILED,BoTorch,,100,0.250000000000000000000000000000,0.000000000000000000000000000000,1
267,93_0,FAILED,BoTorch,,100,0.250000000000000000000000000000,0.000000000000000000000000000000,2
268,268_0,RUNNING,BoTorch,,100,0.001000000000000000020816681712,0.200000000000000011102230246252,1
269,141_0,FAILED,BoTorch,,100,0.025000000000000001387778780781,0.000000000000000000000000000000,2
270,270_0,FAILED,BoTorch,,527,0.250000000000000000000000000000,0.000000000000000000000000000000,1
271,271_0,COMPLETED,BoTorch,0.284172265668025114671024766722,100,0.001000000000000000020816681712,0.148762731647136131618580634495,1
272,114_0,FAILED,BoTorch,,100,0.010000000000000000208166817117,0.000000000000000000000000000000,1
273,93_0,FAILED,BoTorch,,100,0.250000000000000000000000000000,0.000000000000000000000000000000,2
274,274_0,FAILED,BoTorch,,523,0.250000000000000000000000000000,0.000000000000000000000000000000,1
275,275_0,COMPLETED,BoTorch,0.293093953078532920564214236947,392,0.250000000000000000000000000000,0.008157396350348457628176568335,1
276,95_0,FAILED,BoTorch,,100,0.050000000000000002775557561563,0.000000000000000000000000000000,2
277,277_0,COMPLETED,BoTorch,0.278720123361603677736297868250,100,0.005000000000000000104083408559,0.162367116239565456581317448581,1
278,95_0,FAILED,BoTorch,,100,0.050000000000000002775557561563,0.000000000000000000000000000000,2
279,93_0,FAILED,BoTorch,,100,0.250000000000000000000000000000,0.000000000000000000000000000000,2
280,114_0,FAILED,BoTorch,,100,0.010000000000000000208166817117,0.000000000000000000000000000000,1
281,69_0,FAILED,BoTorch,,100,0.025000000000000001387778780781,0.000000000000000000000000000000,1
282,141_0,FAILED,BoTorch,,100,0.025000000000000001387778780781,0.000000000000000000000000000000,2
283,227_0,FAILED,BoTorch,,100,0.001000000000000000020816681712,0.000000000000000000000000000000,1
284,114_0,FAILED,BoTorch,,100,0.010000000000000000208166817117,0.000000000000000000000000000000,1
285,114_0,FAILED,BoTorch,,100,0.010000000000000000208166817117,0.000000000000000000000000000000,1
286,286_0,RUNNING,BoTorch,,418,0.001000000000000000020816681712,0.200000000000000011102230246252,4
287,287_0,RUNNING,BoTorch,,210,0.005000000000000000104083408559,0.195229531824729851674504743642,4
288,79_0,FAILED,BoTorch,,100,0.050000000000000002775557561563,0.000000000000000000000000000000,1
289,289_0,FAILED,BoTorch,,399,0.250000000000000000000000000000,0.000000000000000000000000000000,4
290,290_0,COMPLETED,BoTorch,0.288522965084260341050992337841,391,0.250000000000000000000000000000,0.200000000000000011102230246252,4
291,93_0,FAILED,BoTorch,,100,0.250000000000000000000000000000,0.000000000000000000000000000000,2
292,292_0,COMPLETED,BoTorch,0.286430223592906707530403309647,398,0.250000000000000000000000000000,0.124213997212494514643665866060,4
293,293_0,COMPLETED,BoTorch,0.290835995153651327704835694021,265,0.005000000000000000104083408559,0.195706359202674429198509642447,4
294,294_0,COMPLETED,BoTorch,0.295186694569886554084803265141,379,0.005000000000000000104083408559,0.138826016297458193493596922963,4
295,295_0,COMPLETED,BoTorch,0.293204097367551486108538938424,398,0.250000000000000000000000000000,0.116092535794456830355869669802,4
296,93_0,FAILED,BoTorch,,100,0.250000000000000000000000000000,0.000000000000000000000000000000,2
297,95_0,FAILED,BoTorch,,100,0.050000000000000002775557561563,0.000000000000000000000000000000,2
298,114_0,FAILED,BoTorch,,100,0.010000000000000000208166817117,0.000000000000000000000000000000,1
299,69_0,FAILED,BoTorch,,100,0.025000000000000001387778780781,0.000000000000000000000000000000,1
300,80_0,FAILED,BoTorch,,100,0.250000000000000000000000000000,0.000000000000000000000000000000,1
301,301_0,COMPLETED,BoTorch,0.285549069280757739086595847766,164,0.001000000000000000020816681712,0.200000000000000011102230246252,1
302,302_0,COMPLETED,BoTorch,0.279215772662187444730363949930,116,0.001000000000000000020816681712,0.200000000000000011102230246252,1
303,79_0,FAILED,BoTorch,,100,0.050000000000000002775557561563,0.000000000000000000000000000000,1
304,304_0,COMPLETED,BoTorch,0.282354884899218006033549954736,126,0.001000000000000000020816681712,0.200000000000000011102230246252,1
305,69_0,FAILED,BoTorch,,100,0.025000000000000001387778780781,0.000000000000000000000000000000,1
306,227_0,FAILED,BoTorch,,100,0.001000000000000000020816681712,0.000000000000000000000000000000,1
307,93_0,FAILED,BoTorch,,100,0.250000000000000000000000000000,0.000000000000000000000000000000,2
308,139_0,FAILED,BoTorch,,100,0.100000000000000005551115123126,0.000000000000000000000000000000,2
309,227_0,FAILED,BoTorch,,100,0.001000000000000000020816681712,0.000000000000000000000000000000,1
310,93_0,FAILED,BoTorch,,100,0.250000000000000000000000000000,0.000000000000000000000000000000,2
311,69_0,FAILED,BoTorch,,100,0.025000000000000001387778780781,0.000000000000000000000000000000,1
312,80_0,FAILED,BoTorch,,100,0.250000000000000000000000000000,0.000000000000000000000000000000,1
313,95_0,FAILED,BoTorch,,100,0.050000000000000002775557561563,0.000000000000000000000000000000,2
314,141_0,FAILED,BoTorch,,100,0.025000000000000001387778780781,0.000000000000000000000000000000,2
315,315_0,COMPLETED,BoTorch,0.279931710540808453835381897079,100,0.050000000000000002775557561563,0.200000000000000011102230246252,1
316,139_0,FAILED,BoTorch,,100,0.100000000000000005551115123126,0.000000000000000000000000000000,2
317,114_0,FAILED,BoTorch,,100,0.010000000000000000208166817117,0.000000000000000000000000000000,1
318,227_0,FAILED,BoTorch,,100,0.001000000000000000020816681712,0.000000000000000000000000000000,1
319,227_0,FAILED,BoTorch,,100,0.001000000000000000020816681712,0.000000000000000000000000000000,1
320,69_0,FAILED,BoTorch,,100,0.025000000000000001387778780781,0.000000000000000000000000000000,1
321,79_0,FAILED,BoTorch,,100,0.050000000000000002775557561563,0.000000000000000000000000000000,1
322,322_0,COMPLETED,BoTorch,0.276792598303778003554498354788,100,0.250000000000000000000000000000,0.065092367586101540499754491975,2
323,323_0,COMPLETED,BoTorch,0.276902742592796569098823056265,100,0.250000000000000000000000000000,0.086519324341300926639597435042,3
324,324_0,COMPLETED,BoTorch,0.276737526159268609760033541534,100,0.025000000000000001387778780781,0.148885438950722565065731828327,4
325,325_0,COMPLETED,BoTorch,0.277949113338473385859117570362,100,0.010000000000000000208166817117,0.114237107451868713514642195150,1
326,326_0,COMPLETED,BoTorch,0.278554906928075829419810816034,100,0.050000000000000002775557561563,0.162751877759727187067184672742,4
327,80_0,FAILED,BoTorch,,100,0.250000000000000000000000000000,0.000000000000000000000000000000,1
328,139_0,FAILED,BoTorch,,100,0.100000000000000005551115123126,0.000000000000000000000000000000,2
329,114_0,FAILED,BoTorch,,100,0.010000000000000000208166817117,0.000000000000000000000000000000,1
330,93_0,FAILED,BoTorch,,100,0.250000000000000000000000000000,0.000000000000000000000000000000,2
331,69_0,FAILED,BoTorch,,100,0.025000000000000001387778780781,0.000000000000000000000000000000,1
332,80_0,FAILED,BoTorch,,100,0.250000000000000000000000000000,0.000000000000000000000000000000,1
333,95_0,FAILED,BoTorch,,100,0.050000000000000002775557561563,0.000000000000000000000000000000,2
334,227_0,FAILED,BoTorch,,100,0.001000000000000000020816681712,0.000000000000000000000000000000,1
335,335_0,COMPLETED,BoTorch,0.280482431985901503601610329497,100,0.025000000000000001387778780781,0.166185298806437647956002479077,1
336,336_0,COMPLETED,BoTorch,0.279160700517678161958201599191,100,0.025000000000000001387778780781,0.118538379812509614419369086136,1
337,114_0,FAILED,BoTorch,,100,0.010000000000000000208166817117,0.000000000000000000000000000000,1
338,69_0,FAILED,BoTorch,,100,0.025000000000000001387778780781,0.000000000000000000000000000000,1
339,339_0,COMPLETED,BoTorch,0.279050556228659596413876897714,100,0.250000000000000000000000000000,0.058328797540965919565802977331,2
340,141_0,FAILED,BoTorch,,100,0.025000000000000001387778780781,0.000000000000000000000000000000,2
341,341_0,COMPLETED,BoTorch,0.281804163454124956267321522319,100,0.010000000000000000208166817117,0.200000000000000011102230246252,1
342,227_0,FAILED,BoTorch,,100,0.001000000000000000020816681712,0.000000000000000000000000000000,1
343,93_0,FAILED,BoTorch,,100,0.250000000000000000000000000000,0.000000000000000000000000000000,2
344,95_0,FAILED,BoTorch,,100,0.050000000000000002775557561563,0.000000000000000000000000000000,2
345,114_0,FAILED,BoTorch,,100,0.010000000000000000208166817117,0.000000000000000000000000000000,1
346,346_0,COMPLETED,BoTorch,0.278279546205529193514394137310,100,0.250000000000000000000000000000,0.067999752960812329116713215171,2
347,227_0,FAILED,BoTorch,,100,0.001000000000000000020816681712,0.000000000000000000000000000000,1
348,69_0,FAILED,BoTorch,,100,0.025000000000000001387778780781,0.000000000000000000000000000000,1
349,349_0,COMPLETED,BoTorch,0.279931710540808453835381897079,100,0.050000000000000002775557561563,0.157042400667316200957301930430,1
350,350_0,COMPLETED,BoTorch,0.282024452032162087355970925273,104,0.050000000000000002775557561563,0.040941970392548272805743891922,2
351,80_0,FAILED,BoTorch,,100,0.250000000000000000000000000000,0.000000000000000000000000000000,1
352,80_0,FAILED,BoTorch,,100,0.250000000000000000000000000000,0.000000000000000000000000000000,1
353,139_0,FAILED,BoTorch,,100,0.100000000000000005551115123126,0.000000000000000000000000000000,2
354,69_0,FAILED,BoTorch,,100,0.025000000000000001387778780781,0.000000000000000000000000000000,1
355,95_0,FAILED,BoTorch,,100,0.050000000000000002775557561563,0.000000000000000000000000000000,2
356,139_0,FAILED,BoTorch,,100,0.100000000000000005551115123126,0.000000000000000000000000000000,2
357,69_0,FAILED,BoTorch,,100,0.025000000000000001387778780781,0.000000000000000000000000000000,1
358,114_0,FAILED,BoTorch,,100,0.010000000000000000208166817117,0.000000000000000000000000000000,1
359,93_0,FAILED,BoTorch,,100,0.250000000000000000000000000000,0.000000000000000000000000000000,2
360,93_0,FAILED,BoTorch,,100,0.250000000000000000000000000000,0.000000000000000000000000000000,2
361,114_0,FAILED,BoTorch,,100,0.010000000000000000208166817117,0.000000000000000000000000000000,1
362,69_0,FAILED,BoTorch,,100,0.025000000000000001387778780781,0.000000000000000000000000000000,1
363,93_0,FAILED,BoTorch,,100,0.250000000000000000000000000000,0.000000000000000000000000000000,2
364,227_0,FAILED,BoTorch,,100,0.001000000000000000020816681712,0.000000000000000000000000000000,1
365,95_0,FAILED,BoTorch,,100,0.050000000000000002775557561563,0.000000000000000000000000000000,2
366,80_0,FAILED,BoTorch,,100,0.250000000000000000000000000000,0.000000000000000000000000000000,1
367,139_0,FAILED,BoTorch,,100,0.100000000000000005551115123126,0.000000000000000000000000000000,2
368,93_0,FAILED,BoTorch,,100,0.250000000000000000000000000000,0.000000000000000000000000000000,2
369,369_0,COMPLETED,BoTorch,0.286870800748981191752307040588,156,0.010000000000000000208166817117,0.147898331283112555167846835502,1
370,79_0,FAILED,BoTorch,,100,0.050000000000000002775557561563,0.000000000000000000000000000000,1
371,371_0,FAILED,BoTorch,,100,0.001000000000000000020816681712,0.000000000000000000000000000000,2
372,372_0,FAILED,BoTorch,,100,0.250000000000000000000000000000,0.000000000000000000000000000000,4
373,69_0,FAILED,BoTorch,,100,0.025000000000000001387778780781,0.000000000000000000000000000000,1
374,95_0,FAILED,BoTorch,,100,0.050000000000000002775557561563,0.000000000000000000000000000000,2
375,114_0,FAILED,BoTorch,,100,0.010000000000000000208166817117,0.000000000000000000000000000000,1
376,114_0,FAILED,BoTorch,,100,0.010000000000000000208166817117,0.000000000000000000000000000000,1
377,93_0,FAILED,BoTorch,,100,0.250000000000000000000000000000,0.000000000000000000000000000000,2
378,69_0,FAILED,BoTorch,,100,0.025000000000000001387778780781,0.000000000000000000000000000000,1
379,80_0,FAILED,BoTorch,,100,0.250000000000000000000000000000,0.000000000000000000000000000000,1
380,139_0,FAILED,BoTorch,,100,0.100000000000000005551115123126,0.000000000000000000000000000000,2
381,381_0,COMPLETED,BoTorch,0.279436061240224686841315815400,100,0.250000000000000000000000000000,0.077617748101248329462009678537,4
382,114_0,FAILED,BoTorch,,100,0.010000000000000000208166817117,0.000000000000000000000000000000,1
383,69_0,FAILED,BoTorch,,100,0.025000000000000001387778780781,0.000000000000000000000000000000,1
384,384_0,COMPLETED,BoTorch,0.277288247604361659526261973951,100,0.100000000000000005551115123126,0.186089965302586257678285619477,1
385,227_0,FAILED,BoTorch,,100,0.001000000000000000020816681712,0.000000000000000000000000000000,1
386,386_0,COMPLETED,BoTorch,0.278885339795131637075087382982,100,0.005000000000000000104083408559,0.062498399400783159751693318640,1
387,227_0,FAILED,BoTorch,,100,0.001000000000000000020816681712,0.000000000000000000000000000000,1
388,93_0,FAILED,BoTorch,,100,0.250000000000000000000000000000,0.000000000000000000000000000000,2
389,389_0,COMPLETED,BoTorch,0.278665051217094394964135517512,100,0.100000000000000005551115123126,0.144907860933490367782994212575,3
390,114_0,FAILED,BoTorch,,100,0.010000000000000000208166817117,0.000000000000000000000000000000,1
391,227_0,FAILED,BoTorch,,100,0.001000000000000000020816681712,0.000000000000000000000000000000,1
392,227_0,FAILED,BoTorch,,100,0.001000000000000000020816681712,0.000000000000000000000000000000,1
393,93_0,FAILED,BoTorch,,100,0.250000000000000000000000000000,0.000000000000000000000000000000,2
394,114_0,FAILED,BoTorch,,100,0.010000000000000000208166817117,0.000000000000000000000000000000,1
395,80_0,FAILED,BoTorch,,100,0.250000000000000000000000000000,0.000000000000000000000000000000,1
396,139_0,FAILED,BoTorch,,100,0.100000000000000005551115123126,0.000000000000000000000000000000,2
397,93_0,FAILED,BoTorch,,100,0.250000000000000000000000000000,0.000000000000000000000000000000,2
398,227_0,FAILED,BoTorch,,100,0.001000000000000000020816681712,0.000000000000000000000000000000,1
399,114_0,FAILED,BoTorch,,100,0.010000000000000000208166817117,0.000000000000000000000000000000,1
400,80_0,FAILED,BoTorch,,100,0.250000000000000000000000000000,0.000000000000000000000000000000,1
401,401_0,COMPLETED,BoTorch,0.280151999118845695946333762549,100,0.250000000000000000000000000000,0.173224199560479408255275757256,4
402,227_0,FAILED,BoTorch,,100,0.001000000000000000020816681712,0.000000000000000000000000000000,1
403,403_0,COMPLETED,BoTorch,0.281363586298050472045417791378,100,0.250000000000000000000000000000,0.045459298479500663547892003180,1
404,404_0,COMPLETED,BoTorch,0.285273708558211214203481631557,171,0.010000000000000000208166817117,0.100038032419979577847257701251,2
405,405_0,COMPLETED,BoTorch,0.279491133384733969613478166139,100,0.050000000000000002775557561563,0.163307962482790558489398335951,3
406,95_0,FAILED,BoTorch,,100,0.050000000000000002775557561563,0.000000000000000000000000000000,2
407,80_0,FAILED,BoTorch,,100,0.250000000000000000000000000000,0.000000000000000000000000000000,1
408,80_0,FAILED,BoTorch,,100,0.250000000000000000000000000000,0.000000000000000000000000000000,1
409,227_0,FAILED,BoTorch,,100,0.001000000000000000020816681712,0.000000000000000000000000000000,1
410,114_0,FAILED,BoTorch,,100,0.010000000000000000208166817117,0.000000000000000000000000000000,1
411,93_0,FAILED,BoTorch,,100,0.250000000000000000000000000000,0.000000000000000000000000000000,2
412,268_0,COMPLETED,BoTorch,0.284172265668025114671024766722,100,0.001000000000000000020816681712,0.200000000000000011102230246252,1
413,413_0,COMPLETED,BoTorch,0.277288247604361659526261973951,100,0.100000000000000005551115123126,0.158134305030585536888665387778,1
414,227_0,FAILED,BoTorch,,100,0.001000000000000000020816681712,0.000000000000000000000000000000,1
415,139_0,FAILED,BoTorch,,100,0.100000000000000005551115123126,0.000000000000000000000000000000,2
416,416_0,COMPLETED,BoTorch,0.284172265668025114671024766722,100,0.001000000000000000020816681712,0.151038369651452092368160151636,1
417,227_0,FAILED,BoTorch,,100,0.001000000000000000020816681712,0.000000000000000000000000000000,1
418,418_0,COMPLETED,BoTorch,0.277453464037889618865051488683,100,0.250000000000000000000000000000,0.089778478806331427075626550049,2
419,69_0,FAILED,BoTorch,,100,0.025000000000000001387778780781,0.000000000000000000000000000000,1
420,420_0,COMPLETED,BoTorch,0.279656349818261928952267680870,100,0.050000000000000002775557561563,0.147690880372298688483212458777,3
421,141_0,FAILED,BoTorch,,100,0.025000000000000001387778780781,0.000000000000000000000000000000,2
422,69_0,FAILED,BoTorch,,100,0.025000000000000001387778780781,0.000000000000000000000000000000,1
423,114_0,FAILED,BoTorch,,100,0.010000000000000000208166817117,0.000000000000000000000000000000,1
424,424_0,FAILED,BoTorch,,133,0.250000000000000000000000000000,0.000000000000000000000000000000,2
425,425_0,COMPLETED,BoTorch,0.281528802731578320361904843594,172,0.010000000000000000208166817117,0.200000000000000011102230246252,4
426,426_0,FAILED,BoTorch,,153,0.250000000000000000000000000000,0.000000000000000000000000000000,1
427,427_0,COMPLETED,BoTorch,0.280537504130410786373772680236,129,0.250000000000000000000000000000,0.200000000000000011102230246252,1
428,428_0,COMPLETED,BoTorch,0.284062121379006549126700065244,146,0.250000000000000000000000000000,0.072270933389340472063899767363,1
429,429_0,FAILED,BoTorch,,191,0.005000000000000000104083408559,0.000000000000000000000000000000,1
430,430_0,COMPLETED,BoTorch,0.279986782685317736607544247818,169,0.005000000000000000104083408559,0.144232418191124950324066844587,4
431,431_0,COMPLETED,BoTorch,0.279105628373168879186039248452,119,0.050000000000000002775557561563,0.200000000000000011102230246252,1
432,432_0,COMPLETED,BoTorch,0.286540367881925273074728011125,205,0.025000000000000001387778780781,0.118217182327579162226527387247,1
433,433_0,COMPLETED,BoTorch,0.283786760656459913221283386520,169,0.001000000000000000020816681712,0.086063488076073779708963229496,4
434,434_0,COMPLETED,BoTorch,0.279325916951206121296991113923,195,0.005000000000000000104083408559,0.200000000000000011102230246252,1
435,435_0,COMPLETED,BoTorch,0.280207071263354978718496113288,199,0.005000000000000000104083408559,0.098712345832683456858802628631,1
436,436_0,COMPLETED,BoTorch,0.279270844806696727502526300668,115,0.005000000000000000104083408559,0.019650920318037799761068384896,1
437,437_0,COMPLETED,BoTorch,0.283676616367441347676958685042,144,0.250000000000000000000000000000,0.089353878213655715812002711118,1
438,438_0,COMPLETED,BoTorch,0.278499834783566435625346002780,114,0.005000000000000000104083408559,0.090201890089163697106222628008,1
439,439_0,COMPLETED,BoTorch,0.284007049234497155332235251990,199,0.010000000000000000208166817117,0.053078853834053155158478887188,1
440,440_0,COMPLETED,BoTorch,0.279050556228659596413876897714,118,0.050000000000000002775557561563,0.200000000000000011102230246252,1
441,441_0,FAILED,BoTorch,,205,0.100000000000000005551115123126,0.000000000000000000000000000000,1
442,442_0,COMPLETED,BoTorch,0.277067959026324528437612570997,110,0.010000000000000000208166817117,0.069722779905971490888028085919,1
443,443_0,COMPLETED,BoTorch,0.281473730587069037589742492855,106,0.050000000000000002775557561563,0.200000000000000011102230246252,4
444,444_0,FAILED,BoTorch,,342,0.250000000000000000000000000000,0.000000000000000000000000000000,2
445,445_0,COMPLETED,BoTorch,0.280482431985901503601610329497,190,0.001000000000000000020816681712,0.200000000000000011102230246252,2
446,446_0,COMPLETED,BoTorch,0.285714285714285698425385362498,200,0.001000000000000000020816681712,0.200000000000000011102230246252,1
447,447_0,COMPLETED,BoTorch,0.280427359841392220829447978758,131,0.250000000000000000000000000000,0.200000000000000011102230246252,4
448,448_0,FAILED,BoTorch,,181,0.001000000000000000020816681712,0.000000000000000000000000000000,1
449,114_0,FAILED,BoTorch,,100,0.010000000000000000208166817117,0.000000000000000000000000000000,1
450,450_0,COMPLETED,BoTorch,0.279380989095715404069153464661,185,0.001000000000000000020816681712,0.200000000000000011102230246252,3
451,451_0,COMPLETED,BoTorch,0.282740389910783096460988872423,126,0.250000000000000000000000000000,0.200000000000000011102230246252,3
452,452_0,FAILED,BoTorch,,350,0.250000000000000000000000000000,0.000000000000000000000000000000,4
453,453_0,COMPLETED,BoTorch,0.281253442009031795478790627385,117,0.100000000000000005551115123126,0.200000000000000011102230246252,4
454,454_0,FAILED,BoTorch,,110,0.010000000000000000208166817117,0.000000000000000000000000000000,1
455,455_0,FAILED,BoTorch,,340,0.250000000000000000000000000000,0.000000000000000000000000000000,1
456,456_0,COMPLETED,BoTorch,0.291882365899328144465130208118,345,0.250000000000000000000000000000,0.154313144062262819211639452988,4
457,457_0,COMPLETED,BoTorch,0.277728824760436143748165704892,142,0.250000000000000000000000000000,0.200000000000000011102230246252,4
458,458_0,COMPLETED,BoTorch,0.285604141425267132881060661020,154,0.250000000000000000000000000000,0.139474740217836762345982037914,4
459,459_0,COMPLETED,BoTorch,0.290285273708558166916304799088,465,0.250000000000000000000000000000,0.200000000000000011102230246252,4
460,93_0,FAILED,BoTorch,,100,0.250000000000000000000000000000,0.000000000000000000000000000000,2
461,461_0,COMPLETED,BoTorch,0.280647648419429462940399844229,114,0.010000000000000000208166817117,0.108764820140075157972603392409,1
462,462_0,COMPLETED,BoTorch,0.283731688511950630449121035781,163,0.100000000000000005551115123126,0.200000000000000011102230246252,4
463,463_0,COMPLETED,BoTorch,0.277067959026324528437612570997,110,0.010000000000000000208166817117,0.044969895511009175259609094155,1
464,464_0,FAILED,BoTorch,,109,0.010000000000000000208166817117,0.000000000000000000000000000000,1
465,465_0,FAILED,BoTorch,,180,0.001000000000000000020816681712,0.000000000000000000000000000000,1
466,466_0,COMPLETED,BoTorch,0.292267870910893234892569125805,475,0.250000000000000000000000000000,0.200000000000000011102230246252,1
467,467_0,COMPLETED,BoTorch,0.294911333847340029201689048932,468,0.250000000000000000000000000000,0.200000000000000011102230246252,3
468,468_0,COMPLETED,BoTorch,0.299206961119065972809494269313,470,0.250000000000000000000000000000,0.021224734671334202079640007810,4
469,469_0,FAILED,BoTorch,,341,0.250000000000000000000000000000,0.000000000000000000000000000000,1
470,470_0,COMPLETED,BoTorch,0.286870800748981191752307040588,190,0.010000000000000000208166817117,0.200000000000000011102230246252,2
471,471_0,COMPLETED,BoTorch,0.294580900980284221546412481985,346,0.250000000000000000000000000000,0.098074682697481499471514609922,1
472,472_0,COMPLETED,BoTorch,0.294635973124793504318574832723,466,0.250000000000000000000000000000,0.148270767925898189210087707579,4
473,473_0,FAILED,BoTorch,,271,0.250000000000000000000000000000,0.000000000000000000000000000000,1
474,474_0,FAILED,BoTorch,,110,0.005000000000000000104083408559,0.000000000000000000000000000000,1
475,475_0,COMPLETED,BoTorch,0.277067959026324528437612570997,110,0.010000000000000000208166817117,0.000140524550070662655873107716,1
476,448_0,FAILED,BoTorch,,181,0.001000000000000000020816681712,0.000000000000000000000000000000,1
477,477_0,COMPLETED,BoTorch,0.276186804714175559993805109116,186,0.001000000000000000020816681712,0.078044541724856641984331417916,1
478,478_0,FAILED,BoTorch,,182,0.001000000000000000020816681712,0.000000000000000000000000000000,1
479,479_0,FAILED,BoTorch,,113,0.001000000000000000020816681712,0.000000000000000000000000000000,1
480,448_0,FAILED,BoTorch,,181,0.001000000000000000020816681712,0.000000000000000000000000000000,1
481,481_0,COMPLETED,BoTorch,0.282354884899218006033549954736,106,0.010000000000000000208166817117,0.007445980293814238176741682196,1
482,482_0,FAILED,BoTorch,,164,0.250000000000000000000000000000,0.000000000000000000000000000000,1
483,483_0,COMPLETED,BoTorch,0.280041854829827019379706598556,178,0.001000000000000000020816681712,0.058670282113353955377732518173,2
484,139_0,FAILED,BoTorch,,100,0.100000000000000005551115123126,0.000000000000000000000000000000,2
485,485_0,FAILED,BoTorch,,738,0.250000000000000000000000000000,0.000000000000000000000000000000,1
486,486_0,FAILED,BoTorch,,104,0.010000000000000000208166817117,0.000000000000000000000000000000,1
487,487_0,COMPLETED,BoTorch,0.278334618350038587308858950564,184,0.001000000000000000020816681712,0.200000000000000011102230246252,4
488,488_0,FAILED,BoTorch,,267,0.025000000000000001387778780781,0.000000000000000000000000000000,1
489,448_0,FAILED,BoTorch,,181,0.001000000000000000020816681712,0.000000000000000000000000000000,1
490,490_0,FAILED,BoTorch,,269,0.100000000000000005551115123126,0.000000000000000000000000000000,1
491,478_0,FAILED,BoTorch,,182,0.001000000000000000020816681712,0.000000000000000000000000000000,1
492,492_0,FAILED,BoTorch,,266,0.005000000000000000104083408559,0.000000000000000000000000000000,1
493,493_0,COMPLETED,BoTorch,0.286870800748981191752307040588,182,0.001000000000000000020816681712,0.009659092574850258738905495193,1
494,494_0,FAILED,BoTorch,,117,0.001000000000000000020816681712,0.000000000000000000000000000000,1
495,465_0,FAILED,BoTorch,,180,0.001000000000000000020816681712,0.000000000000000000000000000000,1
496,496_0,FAILED,BoTorch,,284,0.010000000000000000208166817117,0.000000000000000000000000000000,1
497,497_0,COMPLETED,BoTorch,0.278940411939640919847249733721,183,0.001000000000000000020816681712,0.024836256220531940930307257531,1
498,498_0,FAILED,BoTorch,,272,0.050000000000000002775557561563,0.000000000000000000000000000000,1
499,499_0,COMPLETED,BoTorch,0.289459191540918592266962150461,224,0.010000000000000000208166817117,0.147249993213455082630147785494,4
500,500_0,COMPLETED,BoTorch,0.282630245621764530916664170945,270,0.050000000000000002775557561563,0.000008729249569113619228221193,1
501,501_0,RUNNING,BoTorch,,161,0.250000000000000000000000000000,0.000000000000000000000000000000,1
502,502_0,RUNNING,BoTorch,,178,0.005000000000000000104083408559,0.000000000000000000000000000000,1
503,503_0,RUNNING,BoTorch,,271,0.050000000000000002775557561563,0.000000000000000000000000000000,1
504,504_0,RUNNING,BoTorch,,254,0.025000000000000001387778780781,0.029757720669419746722939024153,1
505,478_0,RUNNING,BoTorch,,182,0.001000000000000000020816681712,0.000000000000000000000000000000,1
506,506_0,RUNNING,BoTorch,,118,0.001000000000000000020816681712,0.000000000000000000000000000000,1
