trial_index,arm_name,trial_status,generation_method,result,n_reference_samples,recent_samples_proportion,threshold
0,0_0,COMPLETED,Sobol,0.289624407974446551605751665193,279,0.891164058446884177477897992503,0.516926014050841375890854578756
1,1_0,COMPLETED,Sobol,0.287256305760546282179745958274,277,0.796329740807414032666144976247,0.553851592727005459515510210622
2,2_0,COMPLETED,Sobol,0.287641810772111483629487338476,56,0.564008093904703855514526367188,0.777804055716842412948608398438
3,3_0,COMPLETED,Sobol,0.281969379887652804583808574534,176,0.199219920486211787835628683752,0.711541084758937403265122156881
4,4_0,COMPLETED,Sobol,0.288357748650732492734505285625,459,0.128826317191123973504573996252,0.683132903557270854122407399700
5,5_0,COMPLETED,Sobol,0.283841832800969307015748199774,97,0.237775728758424537145899080315,0.772070944309234619140625000000
6,6_0,COMPLETED,Sobol,0.290560634431104691799419015297,403,0.592548271361738598805857236584,0.589519310090690806802626866556
7,7_0,COMPLETED,Sobol,0.290725850864632651138208530028,451,0.159694225434213882275358287188,0.624980535637587375497048469697
8,8_0,COMPLETED,Sobol,0.283731688511950630449121035781,386,0.186210354324430227279663085938,0.606148756481707073895393023122
9,9_0,COMPLETED,Sobol,0.295021478136358594746013750409,330,0.131327967438846837655574972814,0.689751045312732458114624023438
10,10_0,COMPLETED,Sobol,0.289789624407974399922238717409,346,0.146652578376233577728271484375,0.736295207403600215911865234375
11,11_0,COMPLETED,Sobol,0.291772221610309467898503044125,237,0.779963809158653043063225140941,0.720785484369844242635849695944
12,12_0,COMPLETED,Sobol,0.286430223592906707530403309647,63,0.513835391122847817690910687816,0.657586010452359870370742100931
13,13_0,COMPLETED,Sobol,0.300088115431214941253301731194,423,0.968054596427828095706047406566,0.696664147078990936279296875000
14,14_0,COMPLETED,Sobol,0.291882365899328144465130208118,346,0.803905521146953128130974164378,0.681365316361188910754265180003
15,15_0,COMPLETED,Sobol,0.281804163454124956267321522319,113,0.762007247097790219036994585622,0.619599760323762849267836827494
16,16_0,COMPLETED,Sobol,0.286760656459962515185679876595,390,0.650765308737754843981804242503,0.509744476806372359689589757181
17,17_0,COMPLETED,Sobol,0.284172265668025114671024766722,354,0.956087445653974965509291905619,0.714265111647546357964699836884
18,18_0,COMPLETED,Sobol,0.289954840841502359261028232140,214,0.226930457167327404022216796875,0.726172034256160281451286664378
19,19_0,COMPLETED,Sobol,0.287586738627602200857324987737,50,0.372523916605860039297226649069,0.715504896827042102813720703125
20,20_0,COMPLETED,BoTorch,0.288137460072695250623553420155,50,0.801743443852676596073081327631,0.540452633372169310987942481006
21,21_0,COMPLETED,BoTorch,0.277343319748871053320726787206,97,0.100000000000000005551115123126,0.624729871840003392335916032607
22,22_0,COMPLETED,BoTorch,0.284117193523515831898862415983,56,1.000000000000000000000000000000,0.649486102295221967573013444053
23,23_0,COMPLETED,BoTorch,0.280262143407864261490658464027,141,0.470512614417974095459840100375,0.564499219695059339940712561656
24,24_0,COMPLETED,BoTorch,0.283180967066857580682892603363,50,0.100000000000000005551115123126,0.800000000000000044408920985006
25,25_0,COMPLETED,BoTorch,0.292763520211477001886635207484,349,0.127297051678502609606269402320,0.500000000000000000000000000000
26,26_0,COMPLETED,BoTorch,0.277783896904945426520328055631,140,1.000000000000000000000000000000,0.564564511779196087637444634311
27,27_0,COMPLETED,BoTorch,0.287862099350148725740439203946,50,0.899798597715675940733603965782,0.737071712894347363942415540805
28,28_0,COMPLETED,BoTorch,0.287972243639167291284763905423,50,1.000000000000000000000000000000,0.557236292659133436444562903489
29,29_0,COMPLETED,BoTorch,0.282630245621764530916664170945,50,0.342702119779559111201194809837,0.500000000000000000000000000000
30,30_0,COMPLETED,BoTorch,0.288908470095825542500733718043,500,0.100000000000000005551115123126,0.500000000000000000000000000000
31,31_0,COMPLETED,BoTorch,0.279050556228659596413876897714,105,0.100000000000000005551115123126,0.697349459957396056175582543801
32,32_0,COMPLETED,BoTorch,0.289183830818372067383847934252,393,0.100000000000000005551115123126,0.508758417289519870863045980514
33,33_0,COMPLETED,BoTorch,0.279876638396299171063219546340,149,0.100000000000000005551115123126,0.676926164921466511081860062404
34,34_0,COMPLETED,BoTorch,0.281033153430994553367838761915,147,0.352689434361582510035759696621,0.639532277146965477676587852329
35,35_0,COMPLETED,BoTorch,0.275801299702610469566366191430,153,0.660061439632941282518174830329,0.500000000000000000000000000000
36,36_0,COMPLETED,BoTorch,0.283896904945478589787910550513,50,0.752864104031171543773837129265,0.648979577944798879940435654134
37,37_0,COMPLETED,BoTorch,0.285824430003304374992012526491,102,0.830370083122697555388924683939,0.688815222221741740860068148322
38,38_0,COMPLETED,BoTorch,0.292267870910893234892569125805,500,0.517269410043618482752947329573,0.500000000000000000000000000000
39,39_0,COMPLETED,BoTorch,0.281418658442559754817580142117,50,0.100000000000000005551115123126,0.698637980430236171791591459623
40,40_0,COMPLETED,BoTorch,0.279491133384733969613478166139,157,0.919310758947713968503023806988,0.500000000000000000000000000000
41,41_0,COMPLETED,BoTorch,0.279546205529243363407942979393,107,0.100000000000000005551115123126,0.514477506174741527900096116355
42,42_0,COMPLETED,BoTorch,0.282905606344311055799778387154,141,0.824542545677123039915557001223,0.500000000000000000000000000000
43,43_0,COMPLETED,BoTorch,0.281638947020596996928532007587,169,0.485213483805112533175929456775,0.500000000000000000000000000000
44,44_0,COMPLETED,BoTorch,0.280702720563938745712562194967,162,0.857264041744994487181941167364,0.567150924444416837388871499570
45,45_0,COMPLETED,BoTorch,0.282685317766273813688826521684,174,0.865947602399560367736341959244,0.500000000000000000000000000000
46,46_0,COMPLETED,BoTorch,0.278830267650622354302925032243,163,0.100000000000000005551115123126,0.500000000000000000000000000000
47,47_0,COMPLETED,BoTorch,0.282134596321180763922598089266,88,0.100000000000000005551115123126,0.500000000000000000000000000000
48,48_0,COMPLETED,BoTorch,0.277618680471417578203841003415,159,1.000000000000000000000000000000,0.670156931037201419876225827466
49,49_0,COMPLETED,BoTorch,0.284667914968608881665090848401,131,0.964775461149469548693957676733,0.500000000000000000000000000000
50,50_0,COMPLETED,BoTorch,0.284062121379006549126700065244,166,1.000000000000000000000000000000,0.523538748169329437587293796241
51,51_0,COMPLETED,BoTorch,0.282409957043727288805712305475,150,0.895772707180448768404801285214,0.606021793766657990154556046036
52,52_0,COMPLETED,BoTorch,0.277894041193964103086955219624,115,0.100000000000000005551115123126,0.579229492328251716060094622662
53,53_0,COMPLETED,BoTorch,0.285879502147813657764174877229,155,0.778645814750002274173823479941,0.500000000000000000000000000000
54,54_0,COMPLETED,BoTorch,0.281528802731578320361904843594,104,0.344790234989131638698722781555,0.500000000000000000000000000000
55,55_0,COMPLETED,BoTorch,0.281198369864522512706628276646,169,0.729309840698723399476932627294,0.500000000000000000000000000000
56,56_0,COMPLETED,BoTorch,0.277949113338473385859117570362,137,0.100000000000000005551115123126,0.539134108423303004542503913399
57,57_0,COMPLETED,BoTorch,0.281308514153541189273255440639,137,0.332452673083033889422921447476,0.500000000000000000000000000000
58,58_0,COMPLETED,BoTorch,0.282079524176671481150435738527,125,0.100000000000000005551115123126,0.628846958941705946877220867464
59,59_0,COMPLETED,BoTorch,0.285328780702720607997946444812,153,1.000000000000000000000000000000,0.799425505444962825052357402456
60,60_0,COMPLETED,BoTorch,0.275030289679480066666883431026,153,0.598139552546557595746890001465,0.600108510738485478874792988790
61,61_0,COMPLETED,BoTorch,0.280978081286485270595676411176,138,0.100000000000000005551115123126,0.500000000000000000000000000000
62,62_0,COMPLETED,BoTorch,0.281033153430994553367838761915,133,0.100000000000000005551115123126,0.800000000000000044408920985006
63,63_0,COMPLETED,BoTorch,0.289018614384844108045058419521,145,0.446657079522024047513184541458,0.800000000000000044408920985006
64,64_0,COMPLETED,BoTorch,0.291607005176781619582015991909,156,0.683439246111532283656231356872,0.755922336173302844564148017525
65,65_0,COMPLETED,BoTorch,0.281969379887652804583808574534,147,0.100000000000000005551115123126,0.582915451697777253770027527935
66,66_0,COMPLETED,BoTorch,0.279821566251789888291057195602,124,0.283535641492037748800925101023,0.594005294001025641037472269090
67,67_0,COMPLETED,BoTorch,0.280757792708448028484724545706,120,0.197567830373741482041793915414,0.537675287353794773004267426586
68,68_0,COMPLETED,BoTorch,0.281528802731578320361904843594,141,0.416696188482252094509306061809,0.500000000000000000000000000000
69,69_0,COMPLETED,BoTorch,0.281088225575503947162303575169,129,0.100000000000000005551115123126,0.699143854074393278352772540529
70,70_0,COMPLETED,BoTorch,0.278499834783566435625346002780,125,0.100000000000000005551115123126,0.522943711585440729194829145854
71,71_0,COMPLETED,BoTorch,0.276241876858684842765967459854,126,0.100000000000000005551115123126,0.589314744833681292135452167713
72,72_0,COMPLETED,BoTorch,0.281694019165106279700694358326,73,0.100000000000000005551115123126,0.601001536135989500309051436489
73,73_0,COMPLETED,BoTorch,0.281473730587069037589742492855,168,0.395413665049338058921080119035,0.569241035680599027912762721826
74,74_0,COMPLETED,BoTorch,0.283180967066857580682892603363,140,0.645654732849099244340607128834,0.572350880373848291959859579947
75,75_0,COMPLETED,BoTorch,0.282244740610199329466922790743,159,0.646448755631037541569128279662,0.569466049017948505728270447435
76,76_0,COMPLETED,BoTorch,0.278830267650622354302925032243,176,1.000000000000000000000000000000,0.609506905769382378856846571580
77,77_0,COMPLETED,BoTorch,0.277728824760436143748165704892,136,1.000000000000000000000000000000,0.623141711529160868821008989471
78,78_0,COMPLETED,BoTorch,0.285989646436832223308499578707,196,0.100000000000000005551115123126,0.500000000000000000000000000000
79,79_0,COMPLETED,BoTorch,0.283456327789404105566006819572,50,0.100000000000000005551115123126,0.500000000000000000000000000000
80,80_0,COMPLETED,BoTorch,0.283401255644894822793844468833,50,0.100000000000000005551115123126,0.566756900244500316787821247999
81,81_0,COMPLETED,BoTorch,0.283125894922348297910730252624,167,0.258458763596267737661094088253,0.564775181152750271884599442274
82,82_0,COMPLETED,BoTorch,0.282740389910783096460988872423,194,0.286850907074828187504067500413,0.504527680255935195852146080142
83,83_0,COMPLETED,BoTorch,0.279050556228659596413876897714,187,0.100000000000000005551115123126,0.544939498567801439143920561037
84,84_0,COMPLETED,BoTorch,0.287531666483092807062860174483,218,0.100000000000000005551115123126,0.533253841634868774868039054127
85,85_0,COMPLETED,BoTorch,0.278169401916510627970069435833,175,0.822366476223294617931003358535,0.613299254536257665293419449881
86,86_0,COMPLETED,BoTorch,0.284117193523515831898862415983,86,0.100000000000000005551115123126,0.667065606852710879515200304013
87,87_0,COMPLETED,BoTorch,0.285879502147813657764174877229,175,0.566697434739261041158897569403,0.573756627997540791241704027925
88,88_0,COMPLETED,BoTorch,0.280592576274920180168237493490,155,0.507639005828601552750001246750,0.563206736610502134432465481950
89,89_0,COMPLETED,BoTorch,0.285383852847229890770108795550,153,1.000000000000000000000000000000,0.627645731124489514307640547486
90,90_0,COMPLETED,BoTorch,0.278554906928075829419810816034,111,0.100000000000000005551115123126,0.647911238618280593826170843386
91,91_0,COMPLETED,BoTorch,0.278995484084150202619412084459,169,1.000000000000000000000000000000,0.648269300139687310036151757231
92,92_0,COMPLETED,BoTorch,0.279270844806696727502526300668,106,0.204881163444568081821728355862,0.603062110959838304502511618921
93,93_0,COMPLETED,BoTorch,0.280592576274920180168237493490,156,1.000000000000000000000000000000,0.596234821278724180793062714656
94,94_0,COMPLETED,BoTorch,0.279821566251789888291057195602,102,0.100000000000000005551115123126,0.575733639758434612154758269753
95,95_0,COMPLETED,BoTorch,0.279270844806696727502526300668,140,0.100000000000000005551115123126,0.629480158745430951050536805269
96,96_0,COMPLETED,BoTorch,0.282630245621764530916664170945,146,1.000000000000000000000000000000,0.672932905304021167225414501445
97,97_0,COMPLETED,BoTorch,0.278279546205529193514394137310,103,0.100000000000000005551115123126,0.800000000000000044408920985006
98,98_0,COMPLETED,BoTorch,0.285493997136248456314433497027,126,1.000000000000000000000000000000,0.619025403251991068742654533708
99,99_0,COMPLETED,BoTorch,0.281253442009031795478790627385,112,0.350429475797578660056785793131,0.583888343469668891216883821471
100,100_0,COMPLETED,BoTorch,0.276902742592796569098823056265,147,1.000000000000000000000000000000,0.645935380995855679131523174874
101,101_0,COMPLETED,BoTorch,0.282024452032162087355970925273,179,0.755580169805030954499613926600,0.579296420340779216751059266244
102,102_0,COMPLETED,BoTorch,0.287586738627602200857324987737,183,1.000000000000000000000000000000,0.647020022197494326654521046294
103,103_0,COMPLETED,BoTorch,0.277343319748871053320726787206,137,0.272426633484075086943931864880,0.567132029990135788644067815767
104,104_0,COMPLETED,BoTorch,0.285053419980174083114832228603,204,1.000000000000000000000000000000,0.598490366596845735358556339634
105,105_0,COMPLETED,BoTorch,0.283070822777839015138567901886,152,1.000000000000000000000000000000,0.614593440376986377415846618533
106,106_0,COMPLETED,BoTorch,0.281749091309615562472856709064,117,0.559933035129034029075967282552,0.518328787245505018255187223986
107,107_0,COMPLETED,BoTorch,0.287476594338583524290697823744,218,1.000000000000000000000000000000,0.527725613458486453311024888535
108,108_0,COMPLETED,BoTorch,0.281694019165106279700694358326,129,0.182432777657681566285674534811,0.573961679878187136516487498739
109,109_0,COMPLETED,BoTorch,0.282465029188236571577874656214,132,0.214593935761159343433845947402,0.604675191583381010929088006378
110,110_0,COMPLETED,BoTorch,0.282299812754708723261387603998,140,0.215783266746549240444608130929,0.526736118009531684158730513445
111,111_0,COMPLETED,BoTorch,0.279270844806696727502526300668,84,0.100000000000000005551115123126,0.800000000000000044408920985006
112,112_0,COMPLETED,BoTorch,0.279931710540808453835381897079,121,0.461099321040784437819581853546,0.520238375675113884355482696265
113,113_0,COMPLETED,BoTorch,0.280262143407864261490658464027,152,0.242451434744108240693094558083,0.500000000000000000000000000000
114,114_0,COMPLETED,BoTorch,0.281528802731578320361904843594,133,0.100000000000000005551115123126,0.568533926371933340249142929679
115,115_0,COMPLETED,BoTorch,0.278995484084150202619412084459,116,0.100000000000000005551115123126,0.552902456056725388755523908912
116,116_0,COMPLETED,BoTorch,0.279546205529243363407942979393,114,0.100000000000000005551115123126,0.500000000000000000000000000000
117,117_0,COMPLETED,BoTorch,0.279766494107280494496592382347,155,0.100000000000000005551115123126,0.553111818141280853211583234952
118,118_0,COMPLETED,BoTorch,0.285769357858794981197547713236,111,0.173870024645234877436195120026,0.500000000000000000000000000000
119,119_0,COMPLETED,BoTorch,0.281914307743143521811646223796,158,0.334927417987588516012920081266,0.510832448987396881001643578202
120,120_0,COMPLETED,BoTorch,0.283621544222932064904796334304,118,0.268408705336400044139111287222,0.644332027836468590464846784016
121,121_0,COMPLETED,BoTorch,0.282465029188236571577874656214,122,0.708557093278831318095001279289,0.556082995274509994665379508660
122,122_0,COMPLETED,BoTorch,0.280867936997466705051351709699,106,0.100000000000000005551115123126,0.732072635940252292030550052004
123,123_0,COMPLETED,BoTorch,0.283511399933913388338169170311,121,0.566909573171175185102299565187,0.541865272891536631227893394680
124,124_0,COMPLETED,BoTorch,0.275636083269082510227576676698,149,0.754695824747960486433839832898,0.588425420491383244225858106802
125,125_0,COMPLETED,BoTorch,0.283125894922348297910730252624,129,0.589246593185611011733726627426,0.500000000000000000000000000000
126,126_0,COMPLETED,BoTorch,0.281418658442559754817580142117,110,0.100000000000000005551115123126,0.609115066559503426368848977290
127,127_0,COMPLETED,BoTorch,0.282850534199801773027616036416,203,0.531040033459246552105526006926,0.500000000000000000000000000000
128,128_0,COMPLETED,BoTorch,0.281143297720013229934465925908,165,0.100000000000000005551115123126,0.624624212429148006897605682752
129,129_0,COMPLETED,BoTorch,0.279325916951206121296991113923,121,0.100000000000000005551115123126,0.685114631577661836736581335572
130,130_0,COMPLETED,BoTorch,0.279601277673752646180105330131,87,0.100000000000000005551115123126,0.751111028744832598391667488613
131,131_0,COMPLETED,BoTorch,0.279766494107280494496592382347,142,0.614650447696278301457084580761,0.540367909531072276863028491789
132,132_0,COMPLETED,BoTorch,0.280592576274920180168237493490,146,0.549776497456099355609637768794,0.500000000000000000000000000000
133,133_0,COMPLETED,BoTorch,0.281143297720013229934465925908,127,0.100000000000000005551115123126,0.752156689269240175121922220569
134,134_0,COMPLETED,BoTorch,0.279546205529243363407942979393,111,0.100000000000000005551115123126,0.742716400990437897178253479069
135,135_0,COMPLETED,BoTorch,0.277618680471417578203841003415,158,0.100000000000000005551115123126,0.600584001707562875616019937297
136,136_0,COMPLETED,BoTorch,0.281253442009031795478790627385,142,0.826278419562594956815360092151,0.552684077132715168012566664402
137,137_0,COMPLETED,BoTorch,0.278885339795131637075087382982,105,1.000000000000000000000000000000,0.530364569594345525160861143377
138,138_0,COMPLETED,BoTorch,0.275911443991629035110690892907,117,0.100000000000000005551115123126,0.728469742401629316574940276041
139,139_0,COMPLETED,BoTorch,0.281198369864522512706628276646,136,0.611143793025807013918893062510,0.540528177830530864866886986420
140,140_0,COMPLETED,BoTorch,0.282134596321180763922598089266,201,0.608590575169650760400941180706,0.538717043023511754640253457183
141,141_0,COMPLETED,BoTorch,0.280372287696882938057285628020,130,0.100000000000000005551115123126,0.659927403001376200464278554136
142,142_0,COMPLETED,BoTorch,0.277673752615926860976003354153,135,0.100000000000000005551115123126,0.597870434712020837331181155605
143,143_0,COMPLETED,BoTorch,0.285989646436832223308499578707,126,1.000000000000000000000000000000,0.574420502534266352867575733399
144,144_0,COMPLETED,BoTorch,0.275085361823989460461348244280,157,0.100000000000000005551115123126,0.775100145791817185525474087626
145,145_0,COMPLETED,BoTorch,0.284778059257627447209415549878,150,0.401954412510997616259089681989,0.551410232145369882950092232932
146,146_0,COMPLETED,BoTorch,0.287091089327018433863258906058,147,0.241245701405028684094489221934,0.626640860581471947909903974505
147,147_0,COMPLETED,BoTorch,0.283070822777839015138567901886,147,0.100000000000000005551115123126,0.736845088012871629601363565598
148,148_0,COMPLETED,BoTorch,0.280482431985901503601610329497,102,0.100000000000000005551115123126,0.665105291605398774024138219829
149,149_0,COMPLETED,BoTorch,0.277728824760436143748165704892,95,0.100000000000000005551115123126,0.703587212337524525729293145559
150,150_0,COMPLETED,BoTorch,0.274975217534970783894721080287,144,0.798855281559089580589727574989,0.607419363917430454868906508636
151,151_0,COMPLETED,BoTorch,0.283070822777839015138567901886,149,0.100000000000000005551115123126,0.622283128859416168054963236500
152,152_0,COMPLETED,BoTorch,0.280151999118845695946333762549,142,0.100000000000000005551115123126,0.713164479485242419620760756516
153,153_0,COMPLETED,BoTorch,0.296728714616147137839163860917,500,0.100000000000000005551115123126,0.800000000000000044408920985006
154,154_0,COMPLETED,BoTorch,0.281418658442559754817580142117,152,0.100000000000000005551115123126,0.500000000000000000000000000000
155,155_0,COMPLETED,BoTorch,0.278114329772001345197907085094,125,0.100000000000000005551115123126,0.553270322635416866852153816581
156,156_0,COMPLETED,BoTorch,0.282299812754708723261387603998,88,0.280239437988785589084272942273,0.607837710627459615331247277936
157,157_0,COMPLETED,BoTorch,0.284282409957043680215349468199,140,0.440010489543598670714175113972,0.597240754300619181016429593001
158,158_0,COMPLETED,BoTorch,0.277618680471417578203841003415,147,0.100000444397151569408954685514,0.736858308486604385301177444489
159,159_0,COMPLETED,BoTorch,0.281088225575503947162303575169,151,0.100000000000000005551115123126,0.800000000000000044408920985006
160,160_0,COMPLETED,BoTorch,0.281088225575503947162303575169,119,0.100000000000000005551115123126,0.800000000000000044408920985006
161,161_0,COMPLETED,BoTorch,0.278885339795131637075087382982,156,0.759328526471418685517278390762,0.573682427118430426915551834099
162,162_0,COMPLETED,BoTorch,0.280702720563938745712562194967,158,0.811226580330461799483998674987,0.601976145592748035362262726267
163,163_0,COMPLETED,BoTorch,0.281638947020596996928532007587,103,1.000000000000000000000000000000,0.641159654533012712818162981421
164,164_0,COMPLETED,BoTorch,0.285218636413701931431319280819,157,0.715667241700024492345733051479,0.617026921353644897116907941381
165,165_0,COMPLETED,BoTorch,0.282409957043727288805712305475,138,0.882297257699207748693481789815,0.625156568365934584008414276468
166,166_0,COMPLETED,BoTorch,0.282409957043727288805712305475,117,0.855948281786603648590983084432,0.616026613298382930139496238553
167,167_0,COMPLETED,BoTorch,0.282850534199801773027616036416,140,0.768956595616834825968055611156,0.581679216058005543743547605118
168,168_0,COMPLETED,BoTorch,0.282520101332745854350037006952,101,0.753390832249697162126267357962,0.500000000000000000000000000000
169,169_0,COMPLETED,BoTorch,0.280041854829827019379706598556,158,0.573830279752985172869728103251,0.504244906419654026485943631997
170,170_0,COMPLETED,BoTorch,0.280096926974336413174171411811,143,0.738780599315331354404179364792,0.635865821269970710183372375468
171,171_0,COMPLETED,BoTorch,0.282244740610199329466922790743,149,0.850683235577019969397838394798,0.636228354121950778754523980751
172,172_0,COMPLETED,BoTorch,0.280482431985901503601610329497,292,1.000000000000000000000000000000,0.800000000000000044408920985006
173,173_0,COMPLETED,BoTorch,0.295627271725961038306706996082,252,1.000000000000000000000000000000,0.700659248987379634776573311683
174,174_0,COMPLETED,BoTorch,0.282850534199801773027616036416,150,0.791706784628439241835451412044,0.621133305534232627032054097072
175,175_0,COMPLETED,BoTorch,0.281088225575503947162303575169,147,0.847495953438784033195929623616,0.589111630732766622386975541303
176,176_0,COMPLETED,BoTorch,0.280702720563938745712562194967,164,0.739701675300268091106659085199,0.554711366237580216775882036018
177,177_0,COMPLETED,BoTorch,0.268476704482872530199699667719,301,1.000000000000000000000000000000,0.800000000000000044408920985006
178,178_0,COMPLETED,BoTorch,0.281914307743143521811646223796,90,0.294478249442521322620791579538,0.500000000000000000000000000000
179,179_0,COMPLETED,BoTorch,0.277178103315343093981937272474,75,0.395910251503120091953746850777,0.544326927050409636876793229021
180,180_0,COMPLETED,BoTorch,0.279931710540808453835381897079,174,0.100000000000000005551115123126,0.800000000000000044408920985006
181,181_0,COMPLETED,BoTorch,0.283070822777839015138567901886,92,0.360545560127547681794624168106,0.560290197268636047667200728029
182,182_0,COMPLETED,BoTorch,0.276572309725740761443546489318,324,1.000000000000000000000000000000,0.800000000000000044408920985006
183,183_0,COMPLETED,BoTorch,0.274865073245952218350396378810,335,1.000000000000000000000000000000,0.800000000000000044408920985006
184,184_0,RUNNING,BoTorch,,303,0.958694909086270308229416059476,0.800000000000000044408920985006
185,185_0,COMPLETED,BoTorch,0.280482431985901503601610329497,291,0.996548394472000276245182703860,0.798523219987048227253012555593
186,186_0,COMPLETED,BoTorch,0.281749091309615562472856709064,142,0.100000000000000005551115123126,0.558193795146972204790358773607
187,187_0,COMPLETED,BoTorch,0.281859235598634239039483873057,138,0.100000000000000005551115123126,0.744358055170847854320470560197
188,188_0,COMPLETED,BoTorch,0.264511510078202394247171014285,293,0.996391492882949703080441850034,0.796162224358458403550287130201
189,189_0,COMPLETED,BoTorch,0.274865073245952218350396378810,311,0.994690502591530245624085182499,0.800000000000000044408920985006
190,190_0,COMPLETED,BoTorch,0.271781033153430939819372724742,166,0.100000000000000005551115123126,0.800000000000000044408920985006
191,191_0,COMPLETED,BoTorch,0.276241876858684842765967459854,312,0.996242845505960095131570142257,0.799984622502764697316024467000
192,192_0,COMPLETED,BoTorch,0.284227337812534397443187117460,75,0.100000000000000005551115123126,0.713608965085757218638207177719
193,193_0,COMPLETED,BoTorch,0.267375261592686430667242802883,332,0.945649661879584435553169896593,0.800000000000000044408920985006
194,194_0,COMPLETED,BoTorch,0.280482431985901503601610329497,379,1.000000000000000000000000000000,0.745245213501755654483815760614
195,195_0,COMPLETED,BoTorch,0.285549069280757739086595847766,304,0.994362178770515914294492176850,0.785640164104857152693739408278
196,196_0,COMPLETED,BoTorch,0.279380989095715404069153464661,323,0.837817851960625636920099168492,0.800000000000000044408920985006
197,197_0,COMPLETED,BoTorch,0.283456327789404105566006819572,311,0.878770023384396470333967954502,0.800000000000000044408920985006
198,198_0,COMPLETED,BoTorch,0.276737526159268609760033541534,353,0.874053436737264433098459903704,0.800000000000000044408920985006
199,199_0,COMPLETED,BoTorch,0.278554906928075829419810816034,319,0.926535312920402587266721639025,0.800000000000000044408920985006
200,200_0,COMPLETED,BoTorch,0.277398391893380336092889137944,338,0.808711414977091092026739715948,0.800000000000000044408920985006
201,201_0,COMPLETED,BoTorch,0.278389690494547870081021301303,314,0.766525375307473999519913832046,0.800000000000000044408920985006
202,202_0,COMPLETED,BoTorch,0.273983918933803249906588916929,347,1.000000000000000000000000000000,0.800000000000000044408920985006
203,203_0,COMPLETED,BoTorch,0.291221500165216418132274611708,343,0.647847515836837861691321904800,0.800000000000000044408920985006
204,204_0,COMPLETED,BoTorch,0.280262143407864261490658464027,317,1.000000000000000000000000000000,0.800000000000000044408920985006
205,205_0,COMPLETED,BoTorch,0.276517237581231367649081676063,335,0.906182912697792275480423995759,0.800000000000000044408920985006
206,206_0,COMPLETED,BoTorch,0.273323053199691634596035783034,290,1.000000000000000000000000000000,0.797369097296063200630555911630
207,207_0,COMPLETED,BoTorch,0.279821566251789888291057195602,315,0.767212150206641907423943393951,0.800000000000000044408920985006
208,208_0,COMPLETED,BoTorch,0.283456327789404105566006819572,311,0.878747217887670739600025626714,0.800000000000000044408920985006
209,209_0,COMPLETED,BoTorch,0.268531776627381923994164480973,356,0.771509734929296975280976766953,0.800000000000000044408920985006
210,210_0,COMPLETED,BoTorch,0.297059147483202945494440427865,312,0.668046677948009426373232599872,0.800000000000000044408920985006
211,211_0,COMPLETED,BoTorch,0.264181077211146586591894447338,343,0.874318592330021848724186384061,0.800000000000000044408920985006
212,212_0,COMPLETED,BoTorch,0.270569445974226274742591158429,358,1.000000000000000000000000000000,0.800000000000000044408920985006
213,213_0,COMPLETED,BoTorch,0.264511510078202394247171014285,377,1.000000000000000000000000000000,0.800000000000000044408920985006
214,214_0,COMPLETED,BoTorch,0.264511510078202394247171014285,370,0.914378186276954885158829711145,0.800000000000000044408920985006
215,215_0,COMPLETED,BoTorch,0.285769357858794981197547713236,500,1.000000000000000000000000000000,0.800000000000000044408920985006
216,216_0,COMPLETED,BoTorch,0.265833241546425846912882207107,368,1.000000000000000000000000000000,0.800000000000000044408920985006
217,217_0,COMPLETED,BoTorch,0.276352021147703519332594623847,412,1.000000000000000000000000000000,0.800000000000000044408920985006
218,218_0,COMPLETED,BoTorch,0.285273708558211214203481631557,380,0.871642830438248972235726341751,0.800000000000000044408920985006
219,219_0,COMPLETED,BoTorch,0.263905716488600061708780231129,383,0.873060294683975057772329364525,0.800000000000000044408920985006
220,220_0,COMPLETED,BoTorch,0.269302786650512215871344778861,373,0.949563283463774387982425650989,0.800000000000000044408920985006
221,215_0,COMPLETED,BoTorch,0.285769357858794981197547713236,500,1.000000000000000000000000000000,0.800000000000000044408920985006
222,222_0,COMPLETED,BoTorch,0.268917281638947014421603398659,383,0.929627497434246552465708646196,0.800000000000000044408920985006
223,223_0,COMPLETED,BoTorch,0.264181077211146586591894447338,358,0.947436191357290624637244036421,0.800000000000000044408920985006
224,224_0,COMPLETED,BoTorch,0.277178103315343093981937272474,372,0.768712087063325277824787917780,0.799020612880612102202348978608
225,225_0,COMPLETED,BoTorch,0.290780923009141933910370880767,250,1.000000000000000000000000000000,0.800000000000000044408920985006
226,226_0,COMPLETED,BoTorch,0.264511510078202394247171014285,370,0.914452224469342156432105639396,0.799998037603066425305087250308
227,227_0,COMPLETED,BoTorch,0.264015860777618627253104932606,342,1.000000000000000000000000000000,0.800000000000000044408920985006
228,228_0,COMPLETED,BoTorch,0.266934684436611946445339071943,380,0.965319240107303300213459351653,0.798559567634888001208537389175
229,229_0,COMPLETED,BoTorch,0.269688291662077306298783696548,365,0.973863576583314793921886121097,0.800000000000000044408920985006
230,230_0,COMPLETED,BoTorch,0.286099790725850899875126742700,373,0.977648729541179761781677370891,0.800000000000000044408920985006
231,231_0,COMPLETED,BoTorch,0.277618680471417578203841003415,365,0.955519798111623908098977153713,0.800000000000000044408920985006
232,232_0,COMPLETED,BoTorch,0.273653486066747442251312349981,364,1.000000000000000000000000000000,0.800000000000000044408920985006
233,233_0,COMPLETED,BoTorch,0.265833241546425846912882207107,303,0.959553949322008659095217808499,0.800000000000000044408920985006
234,234_0,COMPLETED,BoTorch,0.275801299702610469566366191430,382,1.000000000000000000000000000000,0.800000000000000044408920985006
235,235_0,COMPLETED,BoTorch,0.264511510078202394247171014285,365,0.938316447105499884528967413644,0.800000000000000044408920985006
236,236_0,COMPLETED,BoTorch,0.265943385835444412457206908584,372,1.000000000000000000000000000000,0.800000000000000044408920985006
237,237_0,COMPLETED,BoTorch,0.277673752615926860976003354153,387,0.969519165844187291725120303454,0.800000000000000044408920985006
238,238_0,COMPLETED,BoTorch,0.267154973014649188556290937413,396,0.933779004908241727633821938070,0.800000000000000044408920985006
239,239_0,COMPLETED,BoTorch,0.276021588280647600655015594384,416,0.818087587539432337102596193290,0.800000000000000044408920985006
240,240_0,COMPLETED,BoTorch,0.279436061240224686841315815400,361,1.000000000000000000000000000000,0.800000000000000044408920985006
241,241_0,COMPLETED,BoTorch,0.279711421962771211724430031609,378,0.966108892349967551815836941387,0.800000000000000044408920985006
242,242_0,COMPLETED,BoTorch,0.264511510078202394247171014285,392,1.000000000000000000000000000000,0.800000000000000044408920985006
243,243_0,COMPLETED,BoTorch,0.282244740610199329466922790743,378,0.904400921222387244036156062066,0.800000000000000044408920985006
244,244_0,COMPLETED,BoTorch,0.269027425927965579965928100137,360,0.977674684351510725477396590577,0.800000000000000044408920985006
245,245_0,COMPLETED,BoTorch,0.269027425927965579965928100137,354,1.000000000000000000000000000000,0.800000000000000044408920985006
246,246_0,COMPLETED,BoTorch,0.272331754598524100607903619675,374,1.000000000000000000000000000000,0.800000000000000044408920985006
247,247_0,COMPLETED,BoTorch,0.283511399933913388338169170311,338,0.497856292931495136855346572702,0.800000000000000044408920985006
248,248_0,COMPLETED,BoTorch,0.278224474061019910742231786571,354,0.973304040590569297108913815464,0.800000000000000044408920985006
249,249_0,COMPLETED,BoTorch,0.278609979072585112191973166773,396,0.965560588305434008837835335726,0.800000000000000044408920985006
250,250_0,COMPLETED,BoTorch,0.274424496089877734128492647869,448,0.677222300592064785362822476600,0.800000000000000044408920985006
251,251_0,COMPLETED,BoTorch,0.283896904945478589787910550513,360,0.925360115892686518890286606620,0.800000000000000044408920985006
252,252_0,COMPLETED,BoTorch,0.273212908910672958029408619041,500,0.618052195965712591885221627308,0.800000000000000044408920985006
253,253_0,RUNNING,BoTorch,,398,0.798818729532374871560307383334,0.781131639569701441416782472515
254,254_0,COMPLETED,BoTorch,0.274865073245952218350396378810,352,0.952081214674563636179982495378,0.800000000000000044408920985006
255,255_0,COMPLETED,BoTorch,0.285163564269192648659156930080,371,0.988840638652387027285328713333,0.787800422303434944026889752422
256,256_0,COMPLETED,BoTorch,0.268862209494437731649441047921,354,1.000000000000000000000000000000,0.781122717880043282434598950204
257,257_0,COMPLETED,BoTorch,0.269963652384623831181897912757,316,0.988956860205542631625519334193,0.795428244523919802944078583096
258,258_0,COMPLETED,BoTorch,0.276737526159268609760033541534,403,0.849806287291500428437984737684,0.800000000000000044408920985006
259,259_0,COMPLETED,BoTorch,0.278830267650622354302925032243,351,1.000000000000000000000000000000,0.800000000000000044408920985006
260,260_0,COMPLETED,BoTorch,0.275195506113008026005672945757,361,0.957184276880728490688454712654,0.800000000000000044408920985006
261,261_0,COMPLETED,BoTorch,0.278665051217094394964135517512,352,1.000000000000000000000000000000,0.793664962769950133036900297157
262,262_0,COMPLETED,BoTorch,0.269082498072474973760392913391,361,0.976879885690498994677000155207,0.786449735510538427973870057031
263,263_0,COMPLETED,BoTorch,0.279215772662187444730363949930,417,0.813759295452348263566477726272,0.799184387915465310747720195650
264,264_0,COMPLETED,BoTorch,0.287476594338583524290697823744,365,1.000000000000000000000000000000,0.783930065114958329886007959431
265,265_0,COMPLETED,BoTorch,0.276627381870250044215708840056,440,0.927922219217322763462618695485,0.800000000000000044408920985006
266,266_0,COMPLETED,BoTorch,0.273708558211256725023474700720,500,0.744786375018513191470503898017,0.800000000000000044408920985006
267,267_0,COMPLETED,BoTorch,0.286595440026434666869192824379,476,0.738024596849858993685700170317,0.800000000000000044408920985006
268,268_0,COMPLETED,BoTorch,0.283951977089987872560072901251,484,0.542015798575687601790207281738,0.800000000000000044408920985006
269,269_0,COMPLETED,BoTorch,0.276462165436722084876919325325,469,0.570047933644828752619559963932,0.800000000000000044408920985006
270,270_0,COMPLETED,BoTorch,0.293204097367551486108538938424,500,0.119001310869403534309363124066,0.731041902652132313811250696745
271,271_0,COMPLETED,BoTorch,0.264511510078202394247171014285,349,0.928681174851617163845673985634,0.800000000000000044408920985006
272,272_0,COMPLETED,BoTorch,0.264511510078202394247171014285,490,0.711339466987648827434043141693,0.800000000000000044408920985006
273,273_0,COMPLETED,BoTorch,0.276462165436722084876919325325,469,0.570039185814783078143364036805,0.799999996382466327382587678585
274,274_0,COMPLETED,BoTorch,0.298050446084370479482572591223,500,0.449057296389054894092396352789,0.800000000000000044408920985006
275,275_0,COMPLETED,BoTorch,0.290340345853067560710769612342,500,0.558757918264831343613252556679,0.747939360968299049581275994569
276,276_0,COMPLETED,BoTorch,0.287751955061130049173812039953,468,0.787010987648970483654409235896,0.791783090219285723421194234106
277,277_0,COMPLETED,BoTorch,0.291662077321290902354178342648,475,0.546273556956913375337592242431,0.779025746004914809716979107179
278,278_0,COMPLETED,BoTorch,0.295737416014979603851031697559,500,0.542080462615144309523884658120,0.692623722192892588012114174489
279,279_0,COMPLETED,BoTorch,0.278224474061019910742231786571,447,0.899986609472720244795596045151,0.800000000000000044408920985006
280,280_0,COMPLETED,BoTorch,0.296233065315563370845097779238,452,0.605195164894083759143939005298,0.782081064253801194752213632455
281,281_0,COMPLETED,BoTorch,0.285934574292322940536337227968,500,0.710666496069529474155501702626,0.800000000000000044408920985006
282,282_0,COMPLETED,BoTorch,0.296453353893600612956049644708,463,0.466763662967187298313831433916,0.800000000000000044408920985006
283,283_0,COMPLETED,BoTorch,0.276737526159268609760033541534,344,0.970965635780379643371418296738,0.800000000000000044408920985006
284,284_0,COMPLETED,BoTorch,0.293093953078532920564214236947,500,1.000000000000000000000000000000,0.500000000000000000000000000000
285,285_0,COMPLETED,BoTorch,0.288743253662297583161944203312,362,0.904783247603351381549430243467,0.800000000000000044408920985006
286,286_0,COMPLETED,BoTorch,0.284778059257627447209415549878,353,0.935047208092617987418293523660,0.781619565752822653692533094727
287,287_0,COMPLETED,BoTorch,0.289954840841502359261028232140,500,0.869717856049883164537561697216,0.500000000000000000000000000000
288,288_0,COMPLETED,BoTorch,0.289954840841502359261028232140,500,0.869727479016347282403387453087,0.500000000000000000000000000000
289,289_0,COMPLETED,BoTorch,0.291386716598744377471064126439,500,0.808222844830971176577349979198,0.602645215464353900536309538438
290,290_0,COMPLETED,BoTorch,0.288522965084260341050992337841,402,0.828145117292187205038089814479,0.500000000000000000000000000000
291,291_0,COMPLETED,BoTorch,0.293754818812644535874767370842,500,0.942351149349494932039306149818,0.503186307146251676769566074654
292,292_0,COMPLETED,BoTorch,0.289073686529353501839523232775,457,0.974183312275675339364511273743,0.500000000000000000000000000000
293,293_0,COMPLETED,BoTorch,0.289404119396409309494799799722,500,0.921327802328761102934606697090,0.557325846917591016804749415314
294,294_0,COMPLETED,BoTorch,0.289789624407974399922238717409,418,1.000000000000000000000000000000,0.734837078255498710177562315948
295,295_0,COMPLETED,BoTorch,0.286815728604471908980144689849,254,0.100000000000000005551115123126,0.800000000000000044408920985006
296,296_0,COMPLETED,BoTorch,0.288798325806806865934106554050,456,0.969985726895343347564448777121,0.500567422951536222797130903928
297,297_0,COMPLETED,BoTorch,0.293314241656570051652863639902,334,0.514786495187640080750668403198,0.800000000000000044408920985006
298,298_0,COMPLETED,BoTorch,0.295021478136358594746013750409,371,0.802047668324960216779118127306,0.500326266852395340478665275441
299,299_0,COMPLETED,BoTorch,0.294801189558321352635061884939,402,0.828175035233876144502573879436,0.500002483116878781999048442231
300,300_0,COMPLETED,BoTorch,0.287641810772111483629487338476,50,1.000000000000000000000000000000,0.800000000000000044408920985006
301,301_0,COMPLETED,BoTorch,0.280427359841392220829447978758,395,0.878371272819775117390861396416,0.800000000000000044408920985006
302,302_0,COMPLETED,BoTorch,0.291221500165216418132274611708,250,0.999880893261605230293298518518,0.799966775751612901856901771680
303,303_0,COMPLETED,BoTorch,0.285053419980174083114832228603,444,0.804053724192205443443981494056,0.800000000000000044408920985006
304,304_0,COMPLETED,BoTorch,0.278004185482982668631279921101,393,0.908712312931448051855909398000,0.800000000000000044408920985006
305,305_0,COMPLETED,BoTorch,0.275030289679480066666883431026,399,1.000000000000000000000000000000,0.800000000000000044408920985006
306,306_0,COMPLETED,BoTorch,0.290505562286595409027256664558,119,0.706887094618293021497379413631,0.799383409817482903925167647685
307,307_0,COMPLETED,BoTorch,0.263960788633109344480942581868,437,1.000000000000000000000000000000,0.800000000000000044408920985006
308,308_0,COMPLETED,BoTorch,0.284943275691155406548205064610,70,0.781203632255474289536323340144,0.759073324553110717616277725028
309,309_0,COMPLETED,BoTorch,0.278004185482982668631279921101,400,0.730550347859349136214746067708,0.794760142491494181449240841175
310,300_0,COMPLETED,BoTorch,0.288082387928185967851391069416,50,1.000000000000000000000000000000,0.800000000000000044408920985006
311,307_0,COMPLETED,BoTorch,0.277563608326908295431678652676,437,1.000000000000000000000000000000,0.800000000000000044408920985006
312,312_0,COMPLETED,BoTorch,0.277233175459852376754099623213,448,0.898010723511952102526834096352,0.800000000000000044408920985006
313,313_0,COMPLETED,BoTorch,0.286925872893490474524469391326,50,1.000000000000000000000000000000,0.740704797156905292432327314600
314,314_0,COMPLETED,BoTorch,0.278224474061019910742231786571,385,0.946059566970685161813037211687,0.800000000000000044408920985006
315,315_0,COMPLETED,BoTorch,0.278334618350038587308858950564,434,0.822046806520217887559454084112,0.798450131505901383732748399780
316,316_0,COMPLETED,BoTorch,0.282520101332745854350037006952,50,0.999992873823973282831900633028,0.740709432493519392970426906686
317,24_0,COMPLETED,BoTorch,0.278940411939640919847249733721,50,0.100000000000000005551115123126,0.800000000000000044408920985006
318,318_0,COMPLETED,BoTorch,0.264015860777618627253104932606,387,1.000000000000000000000000000000,0.800000000000000044408920985006
319,319_0,COMPLETED,BoTorch,0.282409957043727288805712305475,62,0.115082222306682732670957136634,0.751205196599644242638760260888
320,320_0,COMPLETED,BoTorch,0.275636083269082510227576676698,424,1.000000000000000000000000000000,0.800000000000000044408920985006
321,321_0,COMPLETED,BoTorch,0.278279546205529193514394137310,424,0.842470598010515270281928223994,0.800000000000000044408920985006
322,322_0,COMPLETED,BoTorch,0.285218636413701931431319280819,424,0.842376037895278040323887580598,0.800000000000000044408920985006
323,323_0,COMPLETED,BoTorch,0.264511510078202394247171014285,349,0.984035261259347815432363404398,0.800000000000000044408920985006
324,324_0,COMPLETED,BoTorch,0.266769468003083987106549557211,336,0.933590232477291004364872151200,0.800000000000000044408920985006
325,325_0,COMPLETED,BoTorch,0.287201233616036999407583607535,405,0.798355786996317928760902304930,0.784354885594374606760936785577
326,326_0,COMPLETED,BoTorch,0.274865073245952218350396378810,421,1.000000000000000000000000000000,0.800000000000000044408920985006
327,327_0,COMPLETED,BoTorch,0.274810001101442935578234028071,406,0.890354400847754412495760334423,0.800000000000000044408920985006
328,328_0,COMPLETED,BoTorch,0.299317105408084538353818970791,462,0.479025935772380284660698634980,0.783723759567748645693541220680
329,329_0,COMPLETED,BoTorch,0.280978081286485270595676411176,410,0.802610349451436055900899191329,0.785748504749085086018567380961
330,330_0,COMPLETED,BoTorch,0.278114329772001345197907085094,396,0.803045710812418600532680557080,0.779427191600907676161114068236
331,331_0,COMPLETED,BoTorch,0.273708558211256725023474700720,367,0.986626421116001850464272138197,0.800000000000000044408920985006
332,332_0,COMPLETED,BoTorch,0.278830267650622354302925032243,408,0.982111240425600273695749820035,0.800000000000000044408920985006
333,333_0,COMPLETED,BoTorch,0.277673752615926860976003354153,409,0.962433585620513842862067122041,0.800000000000000044408920985006
334,334_0,COMPLETED,BoTorch,0.278554906928075829419810816034,128,0.100000000000000005551115123126,0.799553483664968700495023767871
335,335_0,COMPLETED,BoTorch,0.265007159378786161241237095965,339,0.965146170227359490034757527610,0.800000000000000044408920985006
336,336_0,COMPLETED,BoTorch,0.264511510078202394247171014285,339,1.000000000000000000000000000000,0.800000000000000044408920985006
337,337_0,COMPLETED,BoTorch,0.264511510078202394247171014285,341,0.949585111209304444379597498482,0.800000000000000044408920985006
338,338_0,COMPLETED,BoTorch,0.264401365789183828702846312808,316,1.000000000000000000000000000000,0.800000000000000044408920985006
339,339_0,COMPLETED,BoTorch,0.292488159488930477003520991275,321,0.761778960652554792964963326085,0.669717101590609376060569957190
340,340_0,COMPLETED,BoTorch,0.271836105297940333613837537996,356,1.000000000000000000000000000000,0.800000000000000044408920985006
341,341_0,COMPLETED,BoTorch,0.270018724529133113954060263495,387,0.904023238134499806939459176647,0.800000000000000044408920985006
342,342_0,COMPLETED,BoTorch,0.264511510078202394247171014285,329,0.989850196413605720735517934372,0.796152193813440933745084748807
343,343_0,COMPLETED,BoTorch,0.275801299702610469566366191430,355,0.985445767284867435442663463618,0.800000000000000044408920985006
344,344_0,COMPLETED,BoTorch,0.264511510078202394247171014285,356,0.961258130087330964208547356975,0.800000000000000044408920985006
345,345_0,COMPLETED,BoTorch,0.278609979072585112191973166773,366,1.000000000000000000000000000000,0.800000000000000044408920985006
346,346_0,COMPLETED,BoTorch,0.278169401916510627970069435833,345,1.000000000000000000000000000000,0.800000000000000044408920985006
347,347_0,COMPLETED,BoTorch,0.266218746557990937340321124793,340,1.000000000000000000000000000000,0.800000000000000044408920985006
348,348_0,COMPLETED,BoTorch,0.264070932922128021047569745861,343,1.000000000000000000000000000000,0.800000000000000044408920985006
349,349_0,COMPLETED,BoTorch,0.277783896904945426520328055631,371,0.932349307009185390704431029008,0.800000000000000044408920985006
350,350_0,COMPLETED,BoTorch,0.275856371847119752338528542168,343,1.000000000000000000000000000000,0.784515612435524145595877598680
351,351_0,COMPLETED,BoTorch,0.275415794691045268116624811228,338,0.990292207468124408009657599905,0.800000000000000044408920985006
352,352_0,COMPLETED,BoTorch,0.264511510078202394247171014285,341,0.913256487777031500385760409699,0.800000000000000044408920985006
353,353_0,COMPLETED,BoTorch,0.276186804714175559993805109116,330,1.000000000000000000000000000000,0.800000000000000044408920985006
354,354_0,COMPLETED,BoTorch,0.279821566251789888291057195602,333,1.000000000000000000000000000000,0.800000000000000044408920985006
355,355_0,COMPLETED,BoTorch,0.268366560193853964655374966242,332,0.981558225651133042788387683686,0.800000000000000044408920985006
356,356_0,COMPLETED,BoTorch,0.275030289679480066666883431026,349,0.948855759533783649217753008998,0.800000000000000044408920985006
357,357_0,COMPLETED,BoTorch,0.277012886881815134643147757743,348,0.961062590450701081934425928921,0.800000000000000044408920985006
358,358_0,COMPLETED,BoTorch,0.274369423945368451356330297131,349,1.000000000000000000000000000000,0.800000000000000044408920985006
359,359_0,COMPLETED,BoTorch,0.264511510078202394247171014285,337,1.000000000000000000000000000000,0.800000000000000044408920985006
360,360_0,COMPLETED,BoTorch,0.265833241546425846912882207107,303,0.958683511489446082975973695284,0.800000000000000044408920985006
361,361_0,COMPLETED,BoTorch,0.277123031170833811209774921736,363,0.866583358738276965382851813047,0.800000000000000044408920985006
362,362_0,COMPLETED,BoTorch,0.274865073245952218350396378810,335,1.000000000000000000000000000000,0.787408843480241760204307865934
363,363_0,COMPLETED,BoTorch,0.278665051217094394964135517512,352,1.000000000000000000000000000000,0.793670438510651221619696116250
364,364_0,COMPLETED,BoTorch,0.264511510078202394247171014285,343,0.983673936120684100359312651563,0.800000000000000044408920985006
365,365_0,COMPLETED,BoTorch,0.278609979072585112191973166773,339,0.981389278196067804671542944561,0.800000000000000044408920985006
366,366_0,COMPLETED,BoTorch,0.274534640378896299672817349347,310,1.000000000000000000000000000000,0.798703991220894859992540659732
367,367_0,COMPLETED,BoTorch,0.274754928956933541783769214817,363,0.874871131545547742192070472811,0.800000000000000044408920985006
368,368_0,COMPLETED,BoTorch,0.277838969049454820314792868885,345,0.947390430355685042584923394315,0.800000000000000044408920985006
369,369_0,COMPLETED,BoTorch,0.284337482101553074009814281453,50,0.100000000000000005551115123126,0.619975147175153340484143882350
370,370_0,COMPLETED,BoTorch,0.287421522194074241518535473006,337,1.000000000000000000000000000000,0.777112613027567400436623756832
371,371_0,COMPLETED,BoTorch,0.292212798766383952120406775066,321,0.907515187698901826252040336840,0.754975537278088637549444683827
372,372_0,COMPLETED,BoTorch,0.264511510078202394247171014285,329,0.984936700452129887395358309732,0.800000000000000044408920985006
373,373_0,COMPLETED,BoTorch,0.278995484084150202619412084459,321,1.000000000000000000000000000000,0.800000000000000044408920985006
374,374_0,COMPLETED,BoTorch,0.276847670448287286326660705527,349,0.902959480871610931096427066223,0.800000000000000044408920985006
375,375_0,COMPLETED,BoTorch,0.276076660425156994449480407638,334,0.961390718435399471708535656944,0.800000000000000044408920985006
376,376_0,COMPLETED,BoTorch,0.278665051217094394964135517512,352,1.000000000000000000000000000000,0.800000000000000044408920985006
377,377_0,COMPLETED,BoTorch,0.282299812754708723261387603998,328,0.972119922431419980490829857445,0.800000000000000044408920985006
378,378_0,COMPLETED,BoTorch,0.264511510078202394247171014285,349,0.969779718485501041058682858420,0.800000000000000044408920985006
379,379_0,COMPLETED,BoTorch,0.277178103315343093981937272474,358,0.972177304922462792724502378405,0.800000000000000044408920985006
380,380_0,COMPLETED,BoTorch,0.282244740610199329466922790743,166,0.171053403606766074585010528608,0.623142828047839048011269369454
381,381_0,COMPLETED,BoTorch,0.264511510078202394247171014285,341,0.991085614532080994010243557568,0.800000000000000044408920985006
382,382_0,COMPLETED,BoTorch,0.278609979072585112191973166773,407,1.000000000000000000000000000000,0.800000000000000044408920985006
383,383_0,COMPLETED,BoTorch,0.277178103315343093981937272474,166,0.171149750162323199820235686275,0.623159477146704721128855908319
384,384_0,COMPLETED,BoTorch,0.265172375812314120580026610696,322,0.962743576366238640318329089496,0.800000000000000044408920985006
385,385_0,COMPLETED,BoTorch,0.275250578257517308777835296496,358,0.931070939664085051035158357990,0.800000000000000044408920985006
386,386_0,COMPLETED,BoTorch,0.273323053199691634596035783034,360,0.986921747965769924348933272995,0.800000000000000044408920985006
387,387_0,COMPLETED,BoTorch,0.264511510078202394247171014285,354,0.922174370540257859474309043435,0.800000000000000044408920985006
388,388_0,COMPLETED,BoTorch,0.275581011124573227455414325959,396,0.960426822040453154194494800322,0.800000000000000044408920985006
389,389_0,COMPLETED,BoTorch,0.277894041193964103086955219624,343,0.959536667758540517958465443371,0.800000000000000044408920985006
390,390_0,COMPLETED,BoTorch,0.289018614384844108045058419521,398,0.940836702304848948585913603893,0.798559891419931000555720856937
391,391_0,COMPLETED,BoTorch,0.281033153430994553367838761915,353,0.992945998275720942416455727653,0.800000000000000044408920985006
392,392_0,COMPLETED,BoTorch,0.264511510078202394247171014285,338,0.998609985436715308360078324768,0.800000000000000044408920985006
393,393_0,COMPLETED,BoTorch,0.291056283731688458793485096976,257,0.100000000000000005551115123126,0.607358953805776424772489008319
394,394_0,COMPLETED,BoTorch,0.267099900870139905784128586674,336,0.971126349658125942454489631928,0.800000000000000044408920985006
395,395_0,COMPLETED,BoTorch,0.278334618350038587308858950564,359,0.883746314346583794474554451881,0.800000000000000044408920985006
396,396_0,COMPLETED,BoTorch,0.286705584315453232413517525856,353,1.000000000000000000000000000000,0.757523871265718184986326377839
397,397_0,COMPLETED,BoTorch,0.264621654367221070813798178278,328,1.000000000000000000000000000000,0.800000000000000044408920985006
398,398_0,COMPLETED,BoTorch,0.270018724529133113954060263495,353,1.000000000000000000000000000000,0.800000000000000044408920985006
399,399_0,COMPLETED,BoTorch,0.276131732569666277221642758377,333,0.928557871260234257704269111855,0.800000000000000044408920985006
400,400_0,COMPLETED,BoTorch,0.278059257627492062425744734355,371,0.878165462428932119820501611684,0.800000000000000044408920985006
401,401_0,COMPLETED,BoTorch,0.264181077211146586591894447338,353,0.962648112879937345454095520836,0.800000000000000044408920985006
402,402_0,COMPLETED,BoTorch,0.276407093292212802104756974586,403,1.000000000000000000000000000000,0.800000000000000044408920985006
403,403_0,COMPLETED,BoTorch,0.285989646436832223308499578707,413,0.867455724098970981650325029477,0.788965255439551649274676492496
404,404_0,COMPLETED,BoTorch,0.277949113338473385859117570362,331,0.959104206769312073177502497856,0.800000000000000044408920985006
405,405_0,COMPLETED,BoTorch,0.264511510078202394247171014285,346,0.979611769728258141576304751652,0.800000000000000044408920985006
406,406_0,COMPLETED,BoTorch,0.278169401916510627970069435833,359,0.959884444806337833178133678302,0.799999931958860655001330997038
407,407_0,COMPLETED,BoTorch,0.278334618350038587308858950564,318,1.000000000000000000000000000000,0.800000000000000044408920985006
408,408_0,COMPLETED,BoTorch,0.278665051217094394964135517512,361,0.955926763434453374834731675946,0.799999949035196555868765244668
409,409_0,COMPLETED,BoTorch,0.273818702500275401590101864713,327,0.942653704910634937519375853299,0.800000000000000044408920985006
410,410_0,COMPLETED,BoTorch,0.278334618350038587308858950564,351,0.983008458711519983452831183968,0.800000000000000044408920985006
411,411_0,COMPLETED,BoTorch,0.278169401916510627970069435833,332,1.000000000000000000000000000000,0.800000000000000044408920985006
412,412_0,COMPLETED,BoTorch,0.264511510078202394247171014285,344,1.000000000000000000000000000000,0.800000000000000044408920985006
413,413_0,COMPLETED,BoTorch,0.265888313690935129685044557846,341,1.000000000000000000000000000000,0.800000000000000044408920985006
414,414_0,COMPLETED,BoTorch,0.288743253662297583161944203312,50,1.000000000000000000000000000000,0.500000000000000000000000000000
415,415_0,COMPLETED,BoTorch,0.264511510078202394247171014285,334,0.986497041824346387883792885987,0.800000000000000044408920985006
416,416_0,COMPLETED,BoTorch,0.284447626390571639554138982930,370,0.716832978099981255049044648331,0.799940566570973787818843447894
417,417_0,COMPLETED,BoTorch,0.274865073245952218350396378810,335,0.992281399600686064843557687709,0.800000000000000044408920985006
418,418_0,COMPLETED,BoTorch,0.278334618350038587308858950564,340,0.935073468217983538863791181939,0.800000000000000044408920985006
419,414_0,COMPLETED,BoTorch,0.288357748650732492734505285625,50,1.000000000000000000000000000000,0.500000000000000000000000000000
420,420_0,COMPLETED,BoTorch,0.278224474061019910742231786571,346,1.000000000000000000000000000000,0.800000000000000044408920985006
421,421_0,COMPLETED,BoTorch,0.277894041193964103086955219624,413,0.830726048070937417300285687816,0.794418931845575659878022634075
422,422_0,COMPLETED,BoTorch,0.289238902962881350156010284991,289,0.807764866203070308614542227588,0.799631746672094023686838681897
423,423_0,COMPLETED,BoTorch,0.264511510078202394247171014285,378,0.893650746997445843966545453441,0.797782324720174074172973632812
424,424_0,COMPLETED,BoTorch,0.291827293754818861692967857380,485,0.377073714230209633413437586569,0.758561083581298589706420898438
425,425_0,COMPLETED,BoTorch,0.302621434078643058995794490329,373,0.836787578929215625223037022806,0.683350554481148786400979133759
426,426_0,COMPLETED,BoTorch,0.289844696552483793716703530663,324,0.776717238221317551882805219066,0.788401307910680859691865407513
427,427_0,COMPLETED,BoTorch,0.282575173477255248144501820207,68,0.227466815151274204254150390625,0.646022873278707221444960850931
428,428_0,COMPLETED,BoTorch,0.274975217534970783894721080287,185,0.526101604010909773556647905934,0.640938762295991226736191492819
429,429_0,COMPLETED,BoTorch,0.272552043176561342718855485145,180,0.919039545115083456039428710938,0.642256155516952365047700368450
430,430_0,COMPLETED,BoTorch,0.280978081286485270595676411176,135,0.988373387511819578854499468434,0.617067003436386540826674718119
431,431_0,COMPLETED,BoTorch,0.287696882916620766401649689215,50,0.554376172912027120887046294229,0.500000000000000000000000000000
432,432_0,COMPLETED,BoTorch,0.296067848882035411506308264507,379,0.589864200726151532983010383759,0.637542753200978085104111414694
433,433_0,COMPLETED,BoTorch,0.268531776627381923994164480973,313,0.756362622044980503765998491872,0.782387177832424729473359548138
434,434_0,COMPLETED,BoTorch,0.287201233616036999407583607535,348,0.832218886818592240572911578056,0.793625532742846306888395702117
435,435_0,COMPLETED,BoTorch,0.284557770679590316120766146923,381,0.909182007052004359515251508128,0.761303404252976267940766774700
436,436_0,COMPLETED,BoTorch,0.284502698535080922326301333669,393,0.960436632484197638781608930003,0.784294681064784615642793141888
437,437_0,COMPLETED,BoTorch,0.275746227558101075771901378175,350,1.000000000000000000000000000000,0.800000000000000044408920985006
438,438_0,COMPLETED,BoTorch,0.279270844806696727502526300668,92,0.833984427433460906442519444681,0.774533524829894348684433680319
439,439_0,COMPLETED,BoTorch,0.279656349818261928952267680870,328,0.821081615705043121877793055319,0.789951575547456763537468305003
440,440_0,COMPLETED,BoTorch,0.278830267650622354302925032243,65,0.187412137351930130346744363123,0.515699910372495629040656694997
441,441_0,COMPLETED,BoTorch,0.281033153430994553367838761915,211,0.564800202194601363991921516572,0.753880960494279883654655805003
442,442_0,COMPLETED,BoTorch,0.288963542240334825272896068782,403,0.540310607943683907095078211569,0.680518964864313624651970258128
443,443_0,COMPLETED,BoTorch,0.269523075228549346959994181816,368,0.756516205570551436565551739477,0.795682962196360699103081515204
444,444_0,COMPLETED,BoTorch,0.278720123361603677736297868250,309,0.837765400856733344348015180003,0.788302881177514791488647460938
445,445_0,COMPLETED,BoTorch,0.278830267650622354302925032243,179,0.770974516402930021286010742188,0.685794231854379265911347829388
446,446_0,COMPLETED,BoTorch,0.289128758673862784611685583513,497,0.434020082745701141213601204072,0.516020196303725198205825108744
447,447_0,COMPLETED,BoTorch,0.300198259720233506797626432672,316,0.673510281927883647234978070628,0.796794812195003032684326171875
448,448_0,COMPLETED,BoTorch,0.267375261592686430667242802883,375,0.834379109460860468594489702809,0.796353137586265802383422851562
449,449_0,COMPLETED,BoTorch,0.281859235598634239039483873057,118,0.996667972207069374768195757497,0.641122202202677682336684483744
450,450_0,COMPLETED,BoTorch,0.280262143407864261490658464027,86,0.334626543708145596234260210622,0.751033002696931406561020594381
451,451_0,COMPLETED,BoTorch,0.287751955061130049173812039953,300,0.931941129732877016067504882812,0.772496823500841922616189094697
452,452_0,COMPLETED,BoTorch,0.293589602379116687558280318626,212,0.197693394869565969296232310626,0.734770802967250391546372156881
453,453_0,COMPLETED,BoTorch,0.294030179535191060757881587051,330,0.183395398594439040795833761877,0.719966177362948656082153320312
454,454_0,COMPLETED,BoTorch,0.277949113338473385859117570362,348,0.990078176118527553128956242290,0.800000000000000044408920985006
455,455_0,COMPLETED,BoTorch,0.275085361823989460461348244280,395,0.935011040614540434035006910563,0.773092241958079351427102210437
456,456_0,COMPLETED,BoTorch,0.277398391893380336092889137944,364,0.954862922019846016574717850744,0.800000000000000044408920985006
457,457_0,COMPLETED,BoTorch,0.275250578257517308777835296496,372,0.983954708022317992011096521310,0.800000000000000044408920985006
458,458_0,COMPLETED,BoTorch,0.264511510078202394247171014285,338,1.000000000000000000000000000000,0.800000000000000044408920985006
459,459_0,COMPLETED,BoTorch,0.274589712523405693467282162601,367,0.911286600830005233397912434157,0.800000000000000044408920985006
460,460_0,COMPLETED,BoTorch,0.264181077211146586591894447338,346,0.985968012036414820364882416470,0.800000000000000044408920985006
461,461_0,COMPLETED,BoTorch,0.278114329772001345197907085094,341,0.978491497777593366436121868901,0.800000000000000044408920985006
462,462_0,COMPLETED,BoTorch,0.265833241546425846912882207107,303,0.959985816255465307378358374990,0.800000000000000044408920985006
463,463_0,COMPLETED,BoTorch,0.264511510078202394247171014285,398,1.000000000000000000000000000000,0.800000000000000044408920985006
464,464_0,COMPLETED,BoTorch,0.274975217534970783894721080287,354,0.937588310446198391900907154195,0.800000000000000044408920985006
465,465_0,COMPLETED,BoTorch,0.281143297720013229934465925908,380,1.000000000000000000000000000000,0.782510078290110655530043004546
466,466_0,COMPLETED,BoTorch,0.277453464037889618865051488683,337,0.945919677778365386444647811004,0.800000000000000044408920985006
467,467_0,COMPLETED,BoTorch,0.264511510078202394247171014285,341,0.966764598122828111570470355218,0.800000000000000044408920985006
468,468_0,COMPLETED,BoTorch,0.276352021147703519332594623847,348,1.000000000000000000000000000000,0.800000000000000044408920985006
469,469_0,COMPLETED,BoTorch,0.264511510078202394247171014285,315,1.000000000000000000000000000000,0.800000000000000044408920985006
470,470_0,COMPLETED,BoTorch,0.274644784667914976239444513340,356,0.930059076473119139549794454069,0.792409512493759571327700541588
471,471_0,COMPLETED,BoTorch,0.264511510078202394247171014285,345,0.940634984371485849408145440975,0.800000000000000044408920985006
472,472_0,COMPLETED,BoTorch,0.289073686529353501839523232775,163,0.561638532282869973322192436171,0.665457099752961189764732807816
473,473_0,COMPLETED,BoTorch,0.266824540147593380901014370465,327,1.000000000000000000000000000000,0.800000000000000044408920985006
474,474_0,COMPLETED,BoTorch,0.274920145390461501122558729548,309,1.000000000000000000000000000000,0.800000000000000044408920985006
475,475_0,COMPLETED,BoTorch,0.264015860777618627253104932606,340,0.948333643678593407599919373752,0.800000000000000044408920985006
476,476_0,COMPLETED,BoTorch,0.281969379887652804583808574534,154,0.527191479534418139252238688641,0.671666047511963903993148505833
477,477_0,COMPLETED,BoTorch,0.266163674413481654568158774055,370,1.000000000000000000000000000000,0.800000000000000044408920985006
478,478_0,COMPLETED,BoTorch,0.279491133384733969613478166139,308,0.997367845445341294485785965662,0.800000000000000044408920985006
479,479_0,COMPLETED,BoTorch,0.274699856812424259011606864078,327,0.944162466459332327950448870979,0.800000000000000044408920985006
480,480_0,COMPLETED,BoTorch,0.277343319748871053320726787206,432,1.000000000000000000000000000000,0.800000000000000044408920985006
481,481_0,COMPLETED,BoTorch,0.278389690494547870081021301303,331,1.000000000000000000000000000000,0.800000000000000044408920985006
482,482_0,COMPLETED,BoTorch,0.279215772662187444730363949930,186,0.462209141972206860593530564074,0.693832919467097797294741212681
483,483_0,COMPLETED,BoTorch,0.279491133384733969613478166139,308,0.997372926182211405610189558502,0.800000000000000044408920985006
484,484_0,COMPLETED,BoTorch,0.269963652384623831181897912757,380,0.928896930401370002350347476749,0.800000000000000044408920985006
485,485_0,COMPLETED,BoTorch,0.273763630355766007795637051458,375,1.000000000000000000000000000000,0.800000000000000044408920985006
486,486_0,COMPLETED,BoTorch,0.288192532217204533395715770894,139,0.533862741867790924210623870749,0.683835514797203170012096506980
487,487_0,COMPLETED,BoTorch,0.280096926974336413174171411811,149,0.928959041528482298843982789549,0.594357399350710746688264407567
488,488_0,COMPLETED,BoTorch,0.277949113338473385859117570362,346,0.952379497985298306694801340200,0.800000000000000044408920985006
489,489_0,COMPLETED,BoTorch,0.278169401916510627970069435833,336,0.984720799814420288953442650381,0.800000000000000044408920985006
490,490_0,COMPLETED,BoTorch,0.288247604361713816167878121632,370,0.971128635496970149532103278034,0.800000000000000044408920985006
491,491_0,COMPLETED,BoTorch,0.274810001101442935578234028071,336,1.000000000000000000000000000000,0.800000000000000044408920985006
492,242_0,COMPLETED,BoTorch,0.264511510078202394247171014285,392,1.000000000000000000000000000000,0.800000000000000044408920985006
493,493_0,COMPLETED,BoTorch,0.264511510078202394247171014285,348,0.935429293320749422058213440323,0.800000000000000044408920985006
494,494_0,COMPLETED,BoTorch,0.280151999118845695946333762549,373,0.960964076871820616077002341626,0.800000000000000044408920985006
495,358_0,COMPLETED,BoTorch,0.274369423945368451356330297131,349,1.000000000000000000000000000000,0.800000000000000044408920985006
496,496_0,COMPLETED,BoTorch,0.277563608326908295431678652676,334,1.000000000000000000000000000000,0.800000000000000044408920985006
497,497_0,COMPLETED,BoTorch,0.264511510078202394247171014285,328,0.988131727106894564016670301498,0.800000000000000044408920985006
498,498_0,COMPLETED,BoTorch,0.277012886881815134643147757743,362,1.000000000000000000000000000000,0.800000000000000044408920985006
499,499_0,COMPLETED,BoTorch,0.285934574292322940536337227968,240,0.615423200093209721295295366872,0.793603436648845694811882367503
500,500_0,COMPLETED,BoTorch,0.264731798656239636358122879756,331,0.989621768114827493612040143489,0.800000000000000044408920985006
501,501_0,RUNNING,BoTorch,,346,0.967961020360862511857646950375,0.800000000000000044408920985006
502,502_0,RUNNING,BoTorch,,363,0.983294949103297177828153508017,0.800000000000000044408920985006
503,503_0,RUNNING,BoTorch,,360,1.000000000000000000000000000000,0.800000000000000044408920985006
504,504_0,RUNNING,BoTorch,,352,0.932941605873227164380523390719,0.800000000000000044408920985006
505,505_0,RUNNING,BoTorch,,367,0.943557581308920090279457326687,0.800000000000000044408920985006
