2024-09-30 16:51:23, 20, 20
2024-09-30 17:09:58, 0, 1
2024-09-30 17:10:00, 0, 1
2024-09-30 17:10:02, 0, 1
2024-09-30 17:10:04, 0, 1
2024-09-30 17:10:07, 0, 1
2024-09-30 17:10:09, 0, 1
2024-09-30 17:10:11, 0, 1
2024-09-30 17:10:13, 0, 1
2024-09-30 17:10:16, 0, 1
2024-09-30 17:10:18, 0, 1
2024-09-30 17:10:20, 0, 1
2024-09-30 17:10:22, 0, 1
2024-09-30 17:10:24, 0, 1
2024-09-30 17:10:27, 0, 1
2024-09-30 17:10:29, 0, 1
2024-09-30 17:10:31, 0, 1
2024-09-30 17:10:33, 0, 1
2024-09-30 17:10:36, 0, 1
2024-09-30 17:10:38, 0, 1
2024-09-30 17:10:40, 0, 1
2024-09-30 17:10:42, 0, 1
2024-09-30 17:10:44, 0, 1
2024-09-30 17:10:47, 0, 1
2024-09-30 17:10:49, 0, 1
2024-09-30 17:10:51, 0, 1
2024-09-30 17:10:53, 0, 1
2024-09-30 17:10:56, 0, 1
2024-09-30 17:10:58, 0, 1
2024-09-30 17:11:00, 0, 1
2024-09-30 17:11:02, 0, 1
2024-09-30 17:11:05, 0, 2
2024-09-30 17:11:07, 0, 2
2024-09-30 17:11:09, 0, 2
2024-09-30 17:11:11, 0, 2
2024-09-30 17:11:14, 0, 2
2024-09-30 17:11:16, 0, 2
2024-09-30 17:11:18, 0, 2
2024-09-30 17:11:20, 0, 2
2024-09-30 17:11:22, 0, 2
2024-09-30 17:11:25, 0, 2
2024-09-30 17:11:27, 0, 2
2024-09-30 17:11:29, 0, 2
2024-09-30 17:11:31, 0, 2
2024-09-30 17:11:34, 0, 2
2024-09-30 17:11:36, 0, 2
2024-09-30 17:11:38, 0, 2
2024-09-30 17:11:40, 0, 2
2024-09-30 17:11:42, 0, 2
2024-09-30 17:11:45, 0, 2
2024-09-30 17:11:47, 0, 2
2024-09-30 17:11:49, 0, 2
2024-09-30 17:11:51, 0, 2
2024-09-30 17:11:53, 0, 2
2024-09-30 17:11:56, 0, 2
2024-09-30 17:11:58, 0, 2
2024-09-30 17:12:00, 0, 2
2024-09-30 17:12:02, 0, 2
2024-09-30 17:12:04, 0, 2
2024-09-30 17:12:07, 0, 2
2024-09-30 17:12:09, 0, 2
2024-09-30 17:12:11, 0, 3
2024-09-30 17:12:14, 0, 3
2024-09-30 17:12:16, 0, 3
2024-09-30 17:12:18, 0, 3
2024-09-30 17:12:20, 0, 3
2024-09-30 17:12:22, 0, 3
2024-09-30 17:12:25, 0, 3
2024-09-30 17:12:27, 0, 3
2024-09-30 17:12:29, 0, 3
2024-09-30 17:12:31, 0, 3
2024-09-30 17:12:33, 0, 3
2024-09-30 17:12:36, 0, 3
2024-09-30 17:12:38, 0, 3
2024-09-30 17:12:40, 0, 3
2024-09-30 17:12:42, 0, 3
2024-09-30 17:12:44, 0, 3
2024-09-30 17:12:47, 0, 3
2024-09-30 17:12:49, 0, 3
2024-09-30 17:12:51, 0, 3
2024-09-30 17:12:53, 0, 3
2024-09-30 17:12:55, 0, 3
2024-09-30 17:12:58, 0, 4
2024-09-30 17:13:00, 0, 4
2024-09-30 17:13:02, 0, 4
2024-09-30 17:13:05, 0, 4
2024-09-30 17:13:07, 0, 4
2024-09-30 17:13:09, 0, 4
2024-09-30 17:13:11, 0, 4
2024-09-30 17:13:13, 0, 4
2024-09-30 17:13:15, 0, 4
2024-09-30 17:13:18, 0, 4
2024-09-30 17:13:20, 0, 4
2024-09-30 17:13:22, 0, 4
2024-09-30 17:13:24, 0, 4
2024-09-30 17:13:27, 0, 4
2024-09-30 17:13:29, 0, 4
2024-09-30 17:13:31, 0, 4
2024-09-30 17:13:33, 0, 4
2024-09-30 17:13:35, 0, 4
2024-09-30 17:13:38, 0, 4
2024-09-30 17:13:40, 0, 4
2024-09-30 17:13:42, 0, 4
2024-09-30 17:13:44, 0, 4
2024-09-30 17:13:46, 0, 4
2024-09-30 17:13:49, 0, 4
2024-09-30 17:13:51, 0, 4
2024-09-30 17:13:53, 0, 4
2024-09-30 17:13:55, 0, 4
2024-09-30 17:13:57, 0, 4
2024-09-30 17:14:00, 0, 4
2024-09-30 17:14:02, 0, 4
2024-09-30 17:14:04, 0, 4
2024-09-30 17:14:06, 0, 4
2024-09-30 17:14:08, 0, 4
2024-09-30 17:14:11, 0, 4
2024-09-30 17:14:13, 0, 4
2024-09-30 17:14:15, 0, 4
2024-09-30 17:14:17, 0, 4
2024-09-30 17:14:19, 0, 4
2024-09-30 17:14:22, 0, 4
2024-09-30 17:14:24, 0, 4
2024-09-30 17:14:26, 0, 4
2024-09-30 17:14:28, 0, 4
2024-09-30 17:14:30, 0, 4
2024-09-30 17:14:33, 0, 4
2024-09-30 17:14:35, 0, 4
2024-09-30 17:14:37, 0, 4
2024-09-30 17:14:39, 0, 4
2024-09-30 17:14:41, 0, 4
2024-09-30 17:14:44, 0, 4
2024-09-30 17:14:46, 0, 4
2024-09-30 17:14:48, 0, 4
2024-09-30 17:14:50, 0, 4
2024-09-30 17:14:52, 0, 4
2024-09-30 17:14:55, 0, 5
2024-09-30 17:14:57, 0, 5
2024-09-30 17:14:59, 0, 5
2024-09-30 17:15:02, 0, 5
2024-09-30 17:15:04, 0, 5
2024-09-30 17:15:06, 0, 5
2024-09-30 17:15:08, 0, 5
2024-09-30 17:15:10, 0, 5
2024-09-30 17:15:13, 0, 5
2024-09-30 17:15:15, 0, 5
2024-09-30 17:15:17, 0, 5
2024-09-30 17:15:19, 0, 5
2024-09-30 17:15:21, 0, 5
2024-09-30 17:15:24, 0, 5
2024-09-30 17:15:26, 0, 5
2024-09-30 17:15:28, 0, 5
2024-09-30 17:15:30, 0, 5
2024-09-30 17:15:32, 0, 5
2024-09-30 17:15:35, 0, 5
2024-09-30 17:15:37, 0, 5
2024-09-30 17:15:39, 0, 5
2024-09-30 17:15:41, 0, 5
2024-09-30 17:15:43, 0, 5
2024-09-30 17:15:46, 0, 5
2024-09-30 17:15:48, 0, 5
2024-09-30 17:15:50, 0, 5
2024-09-30 17:15:52, 0, 5
2024-09-30 17:15:55, 0, 6
2024-09-30 17:15:57, 0, 6
2024-09-30 17:15:59, 0, 6
2024-09-30 17:16:01, 0, 6
2024-09-30 17:16:04, 0, 6
2024-09-30 17:16:06, 0, 6
2024-09-30 17:16:08, 0, 6
2024-09-30 17:16:10, 0, 6
2024-09-30 17:16:12, 0, 6
2024-09-30 17:16:15, 0, 6
2024-09-30 17:16:17, 0, 6
2024-09-30 17:16:19, 0, 6
2024-09-30 17:16:21, 0, 6
2024-09-30 17:16:23, 0, 6
2024-09-30 17:16:26, 0, 6
2024-09-30 17:16:28, 0, 6
2024-09-30 17:16:30, 0, 6
2024-09-30 17:16:32, 0, 6
2024-09-30 17:16:34, 0, 6
2024-09-30 17:16:37, 0, 6
2024-09-30 17:16:39, 0, 6
2024-09-30 17:16:41, 0, 6
2024-09-30 17:16:43, 0, 6
2024-09-30 17:16:45, 0, 6
2024-09-30 17:16:47, 0, 6
2024-09-30 17:16:50, 0, 6
2024-09-30 17:16:52, 0, 6
2024-09-30 17:16:54, 0, 6
2024-09-30 17:16:56, 0, 6
2024-09-30 17:16:58, 0, 6
2024-09-30 17:17:01, 0, 6
2024-09-30 17:17:03, 0, 6
2024-09-30 17:17:05, 0, 6
2024-09-30 17:17:07, 0, 6
2024-09-30 17:17:09, 0, 6
2024-09-30 17:17:11, 0, 6
2024-09-30 17:17:14, 0, 6
2024-09-30 17:17:16, 0, 6
2024-09-30 17:17:18, 0, 6
2024-09-30 17:17:20, 0, 6
2024-09-30 17:17:22, 0, 6
2024-09-30 17:17:25, 0, 6
2024-09-30 17:17:27, 0, 6
2024-09-30 17:17:29, 0, 6
2024-09-30 17:17:31, 0, 6
2024-09-30 17:17:34, 0, 6
2024-09-30 17:17:36, 0, 6
2024-09-30 17:17:38, 0, 6
2024-09-30 17:17:40, 0, 6
2024-09-30 17:17:42, 0, 6
2024-09-30 17:17:44, 0, 6
2024-09-30 17:17:46, 0, 6
2024-09-30 17:17:49, 0, 6
2024-09-30 17:17:51, 0, 6
2024-09-30 17:17:53, 0, 6
2024-09-30 17:17:55, 0, 6
2024-09-30 17:17:57, 0, 6
2024-09-30 17:18:00, 0, 6
2024-09-30 17:18:02, 0, 6
2024-09-30 17:18:04, 0, 6
2024-09-30 17:18:06, 0, 6
2024-09-30 17:18:08, 0, 6
2024-09-30 17:18:11, 0, 6
2024-09-30 17:18:13, 0, 6
2024-09-30 17:18:15, 0, 6
2024-09-30 17:18:17, 0, 6
2024-09-30 17:18:19, 0, 6
2024-09-30 17:18:21, 0, 6
2024-09-30 17:18:24, 0, 6
2024-09-30 17:18:26, 0, 6
2024-09-30 17:18:28, 0, 6
2024-09-30 17:18:30, 0, 6
2024-09-30 17:18:32, 0, 6
2024-09-30 17:18:34, 0, 6
2024-09-30 17:18:37, 0, 6
2024-09-30 17:18:39, 0, 6
2024-09-30 17:18:41, 0, 6
2024-09-30 17:18:43, 0, 6
2024-09-30 17:18:45, 0, 6
2024-09-30 17:18:48, 0, 6
2024-09-30 17:18:50, 0, 6
2024-09-30 17:18:52, 0, 6
2024-09-30 17:18:54, 0, 6
2024-09-30 17:18:57, 0, 6
2024-09-30 17:18:59, 0, 6
2024-09-30 17:19:01, 0, 6
2024-09-30 17:19:03, 0, 6
2024-09-30 17:19:05, 0, 6
2024-09-30 17:19:08, 0, 6
2024-09-30 17:19:10, 0, 6
2024-09-30 17:19:12, 0, 6
2024-09-30 17:19:14, 0, 6
2024-09-30 17:19:16, 0, 6
2024-09-30 17:19:19, 0, 6
2024-09-30 17:19:21, 0, 6
2024-09-30 17:19:23, 0, 6
2024-09-30 17:19:25, 0, 6
2024-09-30 17:19:27, 0, 6
2024-09-30 17:19:29, 0, 6
2024-09-30 17:19:32, 0, 6
2024-09-30 17:19:34, 0, 6
2024-09-30 17:19:36, 0, 6
2024-09-30 17:19:38, 0, 6
2024-09-30 17:19:40, 0, 6
2024-09-30 17:19:43, 0, 6
2024-09-30 17:19:45, 0, 6
2024-09-30 17:19:47, 0, 6
2024-09-30 17:19:49, 0, 6
2024-09-30 17:19:51, 0, 6
2024-09-30 17:19:54, 0, 6
2024-09-30 17:19:56, 0, 6
2024-09-30 17:19:58, 0, 6
2024-09-30 17:20:00, 0, 6
2024-09-30 17:20:02, 0, 6
2024-09-30 17:20:05, 0, 6
2024-09-30 17:20:07, 0, 6
2024-09-30 17:20:09, 0, 6
2024-09-30 17:20:11, 0, 6
2024-09-30 17:20:13, 0, 6
2024-09-30 17:20:16, 0, 6
2024-09-30 17:20:18, 0, 6
2024-09-30 17:20:20, 0, 6
2024-09-30 17:20:22, 0, 6
2024-09-30 17:20:24, 0, 6
2024-09-30 17:20:27, 0, 6
2024-09-30 17:20:29, 0, 6
2024-09-30 17:20:31, 0, 6
2024-09-30 17:20:33, 0, 6
2024-09-30 17:20:35, 0, 6
2024-09-30 17:20:38, 0, 6
2024-09-30 17:20:40, 0, 6
2024-09-30 17:20:42, 0, 6
2024-09-30 17:20:44, 0, 6
2024-09-30 17:20:46, 0, 6
2024-09-30 17:20:49, 0, 6
2024-09-30 17:20:51, 0, 6
2024-09-30 17:20:53, 0, 6
2024-09-30 17:20:55, 0, 6
2024-09-30 17:20:58, 0, 6
2024-09-30 17:21:00, 0, 6
2024-09-30 17:21:02, 0, 6
2024-09-30 17:21:04, 0, 6
2024-09-30 17:21:06, 0, 6
2024-09-30 17:21:08, 0, 6
2024-09-30 17:21:11, 0, 6
2024-09-30 17:21:13, 0, 6
2024-09-30 17:21:15, 0, 6
2024-09-30 17:21:17, 0, 6
2024-09-30 17:21:19, 0, 6
2024-09-30 17:21:22, 0, 6
2024-09-30 17:21:24, 0, 6
2024-09-30 17:21:26, 0, 6
2024-09-30 17:21:28, 0, 6
2024-09-30 17:21:30, 0, 6
2024-09-30 17:21:33, 0, 6
2024-09-30 17:21:35, 0, 6
2024-09-30 17:21:37, 0, 6
2024-09-30 17:21:39, 0, 6
2024-09-30 17:21:41, 0, 6
2024-09-30 17:21:44, 0, 7
2024-09-30 17:21:46, 0, 7
2024-09-30 17:21:48, 0, 7
2024-09-30 17:21:51, 0, 7
2024-09-30 17:21:53, 0, 7
2024-09-30 17:21:55, 0, 7
2024-09-30 17:21:57, 0, 7
2024-09-30 17:21:59, 0, 7
2024-09-30 17:22:02, 0, 7
2024-09-30 17:22:04, 0, 7
2024-09-30 17:22:06, 0, 7
2024-09-30 17:22:08, 0, 7
2024-09-30 17:22:10, 0, 7
2024-09-30 17:22:13, 0, 7
2024-09-30 17:22:15, 0, 7
2024-09-30 17:22:17, 0, 7
2024-09-30 17:22:19, 0, 7
2024-09-30 17:22:21, 0, 7
2024-09-30 17:22:24, 0, 7
2024-09-30 17:22:26, 0, 7
2024-09-30 17:22:28, 0, 7
2024-09-30 17:22:30, 0, 7
2024-09-30 17:22:32, 0, 7
2024-09-30 17:22:35, 0, 7
2024-09-30 17:22:37, 0, 7
2024-09-30 17:22:39, 0, 7
2024-09-30 17:22:41, 0, 7
2024-09-30 17:22:43, 0, 7
2024-09-30 17:22:45, 0, 7
2024-09-30 17:22:48, 0, 7
2024-09-30 17:22:50, 0, 7
2024-09-30 17:22:52, 0, 7
2024-09-30 17:22:54, 0, 7
2024-09-30 17:22:57, 0, 7
2024-09-30 17:22:59, 0, 7
2024-09-30 17:23:01, 0, 7
2024-09-30 17:23:03, 0, 7
2024-09-30 17:23:05, 0, 7
2024-09-30 17:23:08, 0, 7
2024-09-30 17:23:10, 0, 7
2024-09-30 17:23:12, 0, 8
2024-09-30 17:23:14, 0, 8
2024-09-30 17:23:17, 0, 8
2024-09-30 17:23:19, 0, 8
2024-09-30 17:23:21, 0, 8
2024-09-30 17:23:23, 0, 8
2024-09-30 17:23:25, 0, 8
2024-09-30 17:23:27, 0, 8
2024-09-30 17:23:30, 0, 8
2024-09-30 17:23:32, 0, 8
2024-09-30 17:23:34, 0, 8
2024-09-30 17:23:36, 0, 8
2024-09-30 17:23:38, 0, 8
2024-09-30 17:23:41, 0, 8
2024-09-30 17:23:43, 0, 8
2024-09-30 17:23:45, 0, 8
2024-09-30 17:23:47, 0, 8
2024-09-30 17:23:49, 0, 8
2024-09-30 17:23:51, 0, 8
2024-09-30 17:23:53, 0, 8
2024-09-30 17:23:56, 0, 8
2024-09-30 17:23:58, 0, 8
2024-09-30 17:24:00, 0, 8
2024-09-30 17:24:02, 0, 8
2024-09-30 17:24:04, 0, 8
2024-09-30 17:24:07, 0, 8
2024-09-30 17:24:09, 0, 8
2024-09-30 17:24:11, 0, 8
2024-09-30 17:24:13, 0, 8
2024-09-30 17:24:15, 0, 8
2024-09-30 17:24:18, 0, 8
2024-09-30 17:24:20, 0, 8
2024-09-30 17:24:22, 0, 8
2024-09-30 17:24:24, 0, 8
2024-09-30 17:24:26, 0, 8
2024-09-30 17:24:28, 0, 8
2024-09-30 17:24:31, 0, 8
2024-09-30 17:24:33, 0, 8
2024-09-30 17:24:35, 0, 8
2024-09-30 17:24:37, 0, 8
2024-09-30 17:24:39, 0, 8
2024-09-30 17:24:41, 0, 8
2024-09-30 17:24:44, 0, 8
2024-09-30 17:24:46, 0, 8
2024-09-30 17:24:48, 0, 8
2024-09-30 17:24:50, 0, 8
2024-09-30 17:24:52, 0, 8
2024-09-30 17:24:54, 0, 8
2024-09-30 17:24:57, 0, 8
2024-09-30 17:24:59, 0, 8
2024-09-30 17:25:01, 0, 8
2024-09-30 17:25:03, 0, 8
2024-09-30 17:25:05, 0, 8
2024-09-30 17:25:08, 0, 8
2024-09-30 17:25:10, 0, 8
2024-09-30 17:25:12, 0, 8
2024-09-30 17:25:14, 0, 8
2024-09-30 17:25:16, 0, 8
2024-09-30 17:25:18, 0, 8
2024-09-30 17:25:21, 0, 8
2024-09-30 17:25:23, 0, 8
2024-09-30 17:25:25, 0, 8
2024-09-30 17:25:27, 0, 8
2024-09-30 17:25:29, 0, 8
2024-09-30 17:25:31, 0, 8
2024-09-30 17:25:34, 0, 8
2024-09-30 17:25:36, 0, 8
2024-09-30 17:25:38, 0, 8
2024-09-30 17:25:40, 0, 8
2024-09-30 17:25:42, 0, 8
2024-09-30 17:25:44, 0, 8
2024-09-30 17:25:47, 0, 8
2024-09-30 17:25:49, 0, 8
2024-09-30 17:25:51, 0, 8
2024-09-30 17:25:53, 0, 8
2024-09-30 17:25:55, 0, 8
2024-09-30 17:25:58, 0, 8
2024-09-30 17:26:00, 0, 8
2024-09-30 17:26:02, 0, 8
2024-09-30 17:26:04, 0, 8
2024-09-30 17:26:06, 0, 8
2024-09-30 17:26:08, 0, 8
2024-09-30 17:26:11, 0, 8
2024-09-30 17:26:13, 0, 8
2024-09-30 17:26:15, 0, 8
2024-09-30 17:26:17, 0, 8
2024-09-30 17:26:19, 0, 8
2024-09-30 17:26:22, 0, 8
2024-09-30 17:26:24, 0, 8
2024-09-30 17:26:26, 0, 8
2024-09-30 17:26:28, 0, 8
2024-09-30 17:26:30, 0, 8
2024-09-30 17:26:32, 0, 8
2024-09-30 17:26:35, 0, 8
2024-09-30 17:26:37, 0, 8
2024-09-30 17:26:39, 0, 8
2024-09-30 17:26:41, 0, 8
2024-09-30 17:26:43, 0, 8
2024-09-30 17:26:46, 0, 8
2024-09-30 17:26:48, 0, 8
2024-09-30 17:26:50, 0, 8
2024-09-30 17:26:52, 0, 8
2024-09-30 17:26:54, 0, 8
2024-09-30 17:26:56, 0, 8
2024-09-30 17:26:59, 0, 8
2024-09-30 17:27:01, 0, 8
2024-09-30 17:27:03, 0, 8
2024-09-30 17:27:05, 0, 8
2024-09-30 17:27:07, 0, 8
2024-09-30 17:27:10, 0, 8
2024-09-30 17:27:12, 0, 8
2024-09-30 17:27:14, 0, 8
2024-09-30 17:27:16, 0, 8
2024-09-30 17:27:18, 0, 8
2024-09-30 17:27:20, 0, 8
2024-09-30 17:27:23, 0, 8
2024-09-30 17:27:25, 0, 8
2024-09-30 17:27:27, 0, 8
2024-09-30 17:27:29, 0, 8
2024-09-30 17:27:31, 0, 8
2024-09-30 17:27:34, 0, 8
2024-09-30 17:27:36, 0, 8
2024-09-30 17:27:38, 0, 8
2024-09-30 17:27:40, 0, 8
2024-09-30 17:27:43, 0, 9
2024-09-30 17:27:45, 0, 9
2024-09-30 17:27:47, 0, 9
2024-09-30 17:27:49, 0, 9
2024-09-30 17:27:51, 0, 9
2024-09-30 17:27:53, 0, 9
2024-09-30 17:27:56, 0, 9
2024-09-30 17:27:58, 0, 9
2024-09-30 17:28:00, 0, 9
2024-09-30 17:28:02, 0, 9
2024-09-30 17:28:04, 0, 9
2024-09-30 17:28:06, 0, 9
2024-09-30 17:28:09, 0, 9
2024-09-30 17:28:11, 0, 9
2024-09-30 17:28:13, 0, 9
2024-09-30 17:28:15, 0, 9
2024-09-30 17:28:17, 0, 9
2024-09-30 17:28:19, 0, 9
2024-09-30 17:28:21, 0, 9
2024-09-30 17:28:24, 0, 9
2024-09-30 17:28:26, 0, 9
2024-09-30 17:28:28, 0, 9
2024-09-30 17:28:30, 0, 9
2024-09-30 17:28:32, 0, 9
2024-09-30 17:28:34, 0, 9
2024-09-30 17:28:37, 0, 9
2024-09-30 17:28:39, 0, 9
2024-09-30 17:28:41, 0, 9
2024-09-30 17:28:43, 0, 9
2024-09-30 17:28:45, 0, 9
2024-09-30 17:28:47, 0, 9
2024-09-30 17:28:50, 0, 9
2024-09-30 17:28:52, 0, 9
2024-09-30 17:28:54, 0, 9
2024-09-30 17:28:56, 0, 9
2024-09-30 17:28:59, 0, 9
2024-09-30 17:29:01, 0, 9
2024-09-30 17:29:03, 0, 9
2024-09-30 17:29:05, 0, 9
2024-09-30 17:29:07, 0, 9
2024-09-30 17:29:09, 0, 9
2024-09-30 17:29:12, 0, 9
2024-09-30 17:29:14, 0, 9
2024-09-30 17:29:16, 0, 9
2024-09-30 17:29:18, 0, 9
2024-09-30 17:29:20, 0, 9
2024-09-30 17:29:22, 0, 9
2024-09-30 17:29:25, 0, 9
2024-09-30 17:29:27, 0, 9
2024-09-30 17:29:29, 0, 9
2024-09-30 17:29:31, 0, 9
2024-09-30 17:29:33, 0, 9
2024-09-30 17:29:36, 0, 9
2024-09-30 17:29:38, 0, 10
2024-09-30 17:29:40, 0, 10
2024-09-30 17:29:42, 0, 10
2024-09-30 17:29:45, 0, 10
2024-09-30 17:29:47, 0, 10
2024-09-30 17:29:49, 0, 10
2024-09-30 17:29:51, 0, 11
2024-09-30 17:29:54, 0, 11
2024-09-30 17:29:56, 0, 11
2024-09-30 17:29:58, 0, 11
2024-09-30 17:30:00, 0, 11
2024-09-30 17:30:02, 0, 11
2024-09-30 17:30:05, 0, 11
2024-09-30 17:30:07, 0, 11
2024-09-30 17:30:09, 0, 11
2024-09-30 17:30:11, 0, 11
2024-09-30 17:30:13, 0, 11
2024-09-30 17:30:15, 0, 11
2024-09-30 17:30:18, 0, 11
2024-09-30 17:30:20, 0, 11
2024-09-30 17:30:22, 0, 11
2024-09-30 17:30:24, 0, 11
2024-09-30 17:30:26, 0, 11
2024-09-30 17:30:28, 0, 11
2024-09-30 17:30:31, 0, 11
2024-09-30 17:30:33, 0, 11
2024-09-30 17:30:35, 0, 11
2024-09-30 17:30:37, 0, 11
2024-09-30 17:30:39, 0, 11
2024-09-30 17:30:41, 0, 11
2024-09-30 17:30:43, 0, 11
2024-09-30 17:30:46, 0, 11
2024-09-30 17:30:48, 0, 11
2024-09-30 17:30:50, 0, 11
2024-09-30 17:30:52, 0, 11
2024-09-30 17:30:54, 0, 11
2024-09-30 17:30:56, 0, 11
2024-09-30 17:30:59, 0, 11
2024-09-30 17:31:01, 0, 11
2024-09-30 17:31:03, 0, 11
2024-09-30 17:31:05, 0, 11
2024-09-30 17:31:07, 0, 11
2024-09-30 17:31:09, 0, 11
2024-09-30 17:31:11, 0, 11
2024-09-30 17:31:14, 0, 11
2024-09-30 17:31:16, 0, 11
2024-09-30 17:31:18, 0, 11
2024-09-30 17:31:20, 0, 11
2024-09-30 17:31:22, 0, 11
2024-09-30 17:31:24, 0, 11
2024-09-30 17:31:26, 0, 11
2024-09-30 17:31:29, 0, 11
2024-09-30 17:31:31, 0, 11
2024-09-30 17:31:33, 0, 11
2024-09-30 17:31:35, 0, 11
2024-09-30 17:31:37, 0, 11
2024-09-30 17:31:39, 0, 11
2024-09-30 17:31:42, 0, 11
2024-09-30 17:31:44, 0, 11
2024-09-30 17:31:46, 0, 11
2024-09-30 17:31:48, 0, 11
2024-09-30 17:31:50, 0, 11
2024-09-30 17:31:52, 0, 11
2024-09-30 17:31:54, 0, 11
2024-09-30 17:31:57, 0, 11
2024-09-30 17:31:59, 0, 11
2024-09-30 17:32:01, 0, 11
2024-09-30 17:32:03, 0, 11
2024-09-30 17:32:05, 0, 11
2024-09-30 17:32:07, 0, 11
2024-09-30 17:32:09, 0, 11
2024-09-30 17:32:12, 0, 11
2024-09-30 17:32:14, 0, 11
2024-09-30 17:32:16, 0, 11
2024-09-30 17:32:18, 0, 11
2024-09-30 17:32:20, 0, 11
2024-09-30 17:32:22, 0, 11
2024-09-30 17:32:25, 0, 11
2024-09-30 17:32:27, 0, 11
2024-09-30 17:32:29, 0, 11
2024-09-30 17:32:31, 0, 11
2024-09-30 17:32:33, 0, 11
2024-09-30 17:32:36, 0, 12
2024-09-30 17:32:38, 0, 12
2024-09-30 17:32:40, 0, 12
2024-09-30 17:32:42, 0, 12
2024-09-30 17:32:44, 0, 12
2024-09-30 17:32:47, 0, 12
2024-09-30 17:32:49, 0, 12
2024-09-30 17:32:51, 0, 12
2024-09-30 17:32:53, 0, 12
2024-09-30 17:32:55, 0, 12
2024-09-30 17:32:57, 0, 12
2024-09-30 17:33:00, 0, 12
2024-09-30 17:33:02, 0, 12
2024-09-30 17:33:04, 0, 12
2024-09-30 17:33:06, 0, 12
2024-09-30 17:33:08, 0, 12
2024-09-30 17:33:10, 0, 12
2024-09-30 17:33:13, 0, 12
2024-09-30 17:33:15, 0, 12
2024-09-30 17:33:17, 0, 12
2024-09-30 17:33:19, 0, 12
2024-09-30 17:33:21, 0, 12
2024-09-30 17:33:23, 0, 12
2024-09-30 17:33:26, 0, 12
2024-09-30 17:33:28, 0, 12
2024-09-30 17:33:30, 0, 12
2024-09-30 17:33:32, 0, 12
2024-09-30 17:33:34, 0, 12
2024-09-30 17:33:36, 0, 12
2024-09-30 17:33:38, 0, 12
2024-09-30 17:33:41, 0, 12
2024-09-30 17:33:43, 0, 12
2024-09-30 17:33:45, 0, 12
2024-09-30 17:33:47, 0, 12
2024-09-30 17:33:49, 0, 12
2024-09-30 17:33:52, 0, 13
2024-09-30 17:33:54, 0, 13
2024-09-30 17:33:56, 0, 13
2024-09-30 17:33:58, 0, 13
2024-09-30 17:34:00, 0, 13
2024-09-30 17:34:02, 0, 13
2024-09-30 17:34:04, 0, 13
2024-09-30 17:34:06, 0, 13
2024-09-30 17:34:09, 0, 13
2024-09-30 17:34:11, 0, 13
2024-09-30 17:34:13, 0, 13
2024-09-30 17:34:15, 0, 13
2024-09-30 17:34:17, 0, 13
2024-09-30 17:34:19, 0, 13
2024-09-30 17:34:21, 0, 13
2024-09-30 17:34:23, 0, 13
2024-09-30 17:34:26, 0, 13
2024-09-30 17:34:28, 0, 13
2024-09-30 17:34:30, 0, 13
2024-09-30 17:34:32, 0, 13
2024-09-30 17:34:34, 0, 13
2024-09-30 17:34:36, 0, 13
2024-09-30 17:34:38, 0, 13
2024-09-30 17:34:40, 0, 13
2024-09-30 17:34:43, 0, 13
2024-09-30 17:34:45, 0, 14
2024-09-30 17:34:47, 0, 14
2024-09-30 17:34:49, 0, 14
2024-09-30 17:34:52, 0, 14
2024-09-30 17:34:54, 0, 14
2024-09-30 17:34:56, 0, 14
2024-09-30 17:34:58, 0, 15
2024-09-30 17:35:00, 0, 15
2024-09-30 17:35:03, 0, 15
2024-09-30 17:35:05, 0, 15
2024-09-30 17:35:07, 0, 15
2024-09-30 17:35:09, 0, 15
2024-09-30 17:35:11, 0, 15
2024-09-30 17:35:13, 0, 15
2024-09-30 17:35:15, 0, 15
2024-09-30 17:35:17, 0, 15
2024-09-30 17:35:20, 0, 15
2024-09-30 17:35:22, 0, 15
2024-09-30 17:35:24, 0, 15
2024-09-30 17:35:26, 0, 15
2024-09-30 17:35:28, 0, 15
2024-09-30 17:35:30, 0, 15
2024-09-30 17:35:32, 0, 15
2024-09-30 17:35:34, 0, 15
2024-09-30 17:35:37, 0, 15
2024-09-30 17:35:39, 0, 15
2024-09-30 17:35:41, 0, 15
2024-09-30 17:35:43, 0, 15
2024-09-30 17:35:45, 0, 15
2024-09-30 17:35:47, 0, 15
2024-09-30 17:35:49, 0, 15
2024-09-30 17:35:51, 0, 15
2024-09-30 17:35:53, 0, 15
2024-09-30 17:35:56, 0, 15
2024-09-30 17:35:58, 0, 15
2024-09-30 17:36:00, 0, 15
2024-09-30 17:36:02, 0, 16
2024-09-30 17:36:04, 0, 16
2024-09-30 17:36:07, 0, 16
2024-09-30 17:36:09, 0, 16
2024-09-30 17:36:11, 0, 16
2024-09-30 17:36:13, 0, 16
2024-09-30 17:36:15, 0, 16
2024-09-30 17:36:17, 0, 16
2024-09-30 17:36:19, 0, 16
2024-09-30 17:36:21, 0, 16
2024-09-30 17:36:24, 0, 16
2024-09-30 17:36:26, 0, 16
2024-09-30 17:36:28, 0, 16
2024-09-30 17:36:30, 0, 16
2024-09-30 17:36:32, 0, 16
2024-09-30 17:36:34, 0, 16
2024-09-30 17:36:36, 0, 16
2024-09-30 17:36:38, 0, 16
2024-09-30 17:36:40, 0, 16
2024-09-30 17:36:43, 0, 16
2024-09-30 17:36:45, 0, 16
2024-09-30 17:36:47, 0, 16
2024-09-30 17:36:49, 0, 16
2024-09-30 17:36:51, 0, 16
2024-09-30 17:36:53, 0, 16
2024-09-30 17:36:55, 0, 16
2024-09-30 17:36:57, 0, 16
2024-09-30 17:36:59, 0, 16
2024-09-30 17:37:02, 0, 16
2024-09-30 17:37:04, 0, 16
2024-09-30 17:37:06, 0, 16
2024-09-30 17:37:08, 0, 16
2024-09-30 17:37:10, 0, 16
2024-09-30 17:37:12, 0, 16
2024-09-30 17:37:14, 0, 16
2024-09-30 17:37:16, 0, 16
2024-09-30 17:37:18, 0, 16
2024-09-30 17:37:20, 0, 16
2024-09-30 17:37:23, 0, 16
2024-09-30 17:37:25, 0, 16
2024-09-30 17:37:27, 0, 16
2024-09-30 17:37:29, 0, 16
2024-09-30 17:37:31, 0, 16
2024-09-30 17:37:33, 0, 16
2024-09-30 17:37:35, 0, 16
2024-09-30 17:37:37, 0, 16
2024-09-30 17:37:40, 0, 16
2024-09-30 17:37:42, 0, 16
2024-09-30 17:37:44, 0, 16
2024-09-30 17:37:46, 0, 16
2024-09-30 17:37:48, 0, 16
2024-09-30 17:37:50, 0, 16
2024-09-30 17:37:52, 0, 16
2024-09-30 17:37:54, 0, 16
2024-09-30 17:37:56, 0, 16
2024-09-30 17:37:59, 0, 16
2024-09-30 17:38:01, 0, 16
2024-09-30 17:38:03, 0, 16
2024-09-30 17:38:05, 0, 16
2024-09-30 17:38:07, 0, 16
2024-09-30 17:38:09, 0, 16
2024-09-30 17:38:11, 0, 16
2024-09-30 17:38:13, 0, 16
2024-09-30 17:38:16, 0, 16
2024-09-30 17:38:18, 0, 16
2024-09-30 17:38:20, 0, 16
2024-09-30 17:38:22, 0, 16
2024-09-30 17:38:24, 0, 16
2024-09-30 17:38:26, 0, 16
2024-09-30 17:38:28, 0, 16
2024-09-30 17:38:31, 0, 16
2024-09-30 17:38:33, 0, 16
2024-09-30 17:38:35, 0, 16
2024-09-30 17:38:37, 0, 16
2024-09-30 17:38:39, 0, 16
2024-09-30 17:38:41, 0, 16
2024-09-30 17:38:43, 0, 16
2024-09-30 17:38:45, 0, 16
2024-09-30 17:38:48, 0, 16
2024-09-30 17:38:50, 0, 16
2024-09-30 17:38:52, 0, 17
2024-09-30 17:38:54, 0, 17
2024-09-30 17:38:56, 0, 17
2024-09-30 17:38:59, 0, 17
2024-09-30 17:39:01, 0, 17
2024-09-30 17:39:03, 0, 17
2024-09-30 17:39:05, 0, 17
2024-09-30 17:39:07, 0, 17
2024-09-30 17:39:09, 0, 17
2024-09-30 17:39:11, 0, 17
2024-09-30 17:39:13, 0, 17
2024-09-30 17:39:15, 0, 17
2024-09-30 17:39:18, 0, 17
2024-09-30 17:39:20, 0, 17
2024-09-30 17:39:22, 0, 17
2024-09-30 17:39:24, 0, 17
2024-09-30 17:39:26, 0, 17
2024-09-30 17:39:28, 0, 17
2024-09-30 17:39:30, 0, 17
2024-09-30 17:39:32, 0, 17
2024-09-30 17:39:35, 0, 17
2024-09-30 17:39:37, 0, 17
2024-09-30 17:39:39, 0, 17
2024-09-30 17:39:41, 0, 17
2024-09-30 17:39:43, 0, 17
2024-09-30 17:39:45, 0, 17
2024-09-30 17:39:47, 0, 17
2024-09-30 17:39:49, 0, 17
2024-09-30 17:39:52, 0, 17
2024-09-30 17:39:54, 0, 17
2024-09-30 17:39:56, 0, 17
2024-09-30 17:39:58, 0, 17
2024-09-30 17:40:00, 0, 17
2024-09-30 17:40:02, 0, 17
2024-09-30 17:40:04, 0, 17
2024-09-30 17:40:06, 0, 17
2024-09-30 17:40:09, 0, 17
2024-09-30 17:40:11, 0, 17
2024-09-30 17:40:13, 0, 17
2024-09-30 17:40:15, 0, 17
2024-09-30 17:40:17, 0, 17
2024-09-30 17:40:19, 0, 17
2024-09-30 17:40:21, 0, 17
2024-09-30 17:40:23, 0, 17
2024-09-30 17:40:26, 0, 17
2024-09-30 17:40:28, 0, 17
2024-09-30 17:40:30, 0, 17
2024-09-30 17:40:32, 0, 17
2024-09-30 17:40:34, 0, 17
2024-09-30 17:40:36, 0, 17
2024-09-30 17:40:38, 0, 17
2024-09-30 17:40:40, 0, 17
2024-09-30 17:40:42, 0, 17
2024-09-30 17:40:45, 0, 17
2024-09-30 17:40:47, 0, 17
2024-09-30 17:40:49, 0, 17
2024-09-30 17:40:51, 0, 17
2024-09-30 17:40:53, 0, 17
2024-09-30 17:40:55, 0, 17
2024-09-30 17:40:57, 0, 17
2024-09-30 17:40:59, 0, 17
2024-09-30 17:41:01, 0, 17
2024-09-30 17:41:03, 0, 17
2024-09-30 17:41:06, 0, 17
2024-09-30 17:41:08, 0, 17
2024-09-30 17:41:10, 0, 17
2024-09-30 17:41:12, 0, 17
2024-09-30 17:41:14, 0, 17
2024-09-30 17:41:16, 0, 17
2024-09-30 17:41:18, 0, 17
2024-09-30 17:41:20, 0, 17
2024-09-30 17:41:22, 0, 17
2024-09-30 17:41:25, 0, 17
2024-09-30 17:41:27, 0, 17
2024-09-30 17:41:29, 0, 17
2024-09-30 17:41:31, 0, 17
2024-09-30 17:41:33, 0, 17
2024-09-30 17:41:35, 0, 17
2024-09-30 17:41:37, 0, 17
2024-09-30 17:41:39, 0, 17
2024-09-30 17:41:41, 0, 17
2024-09-30 17:41:44, 0, 17
2024-09-30 17:41:46, 0, 17
2024-09-30 17:41:48, 0, 17
2024-09-30 17:41:50, 0, 17
2024-09-30 17:41:52, 0, 17
2024-09-30 17:41:54, 0, 17
2024-09-30 17:41:56, 0, 17
2024-09-30 17:41:58, 0, 17
2024-09-30 17:42:01, 0, 17
2024-09-30 17:42:03, 0, 17
2024-09-30 17:42:05, 0, 17
2024-09-30 17:42:07, 0, 17
2024-09-30 17:42:09, 0, 17
2024-09-30 17:42:11, 0, 17
2024-09-30 17:42:13, 0, 17
2024-09-30 17:42:15, 0, 17
2024-09-30 17:42:17, 0, 17
2024-09-30 17:42:20, 0, 17
2024-09-30 17:42:22, 0, 17
2024-09-30 17:42:24, 0, 17
2024-09-30 17:42:26, 0, 17
2024-09-30 17:42:28, 0, 17
2024-09-30 17:42:30, 0, 17
2024-09-30 17:42:32, 0, 17
2024-09-30 17:42:34, 0, 17
2024-09-30 17:42:37, 0, 17
2024-09-30 17:42:39, 0, 17
2024-09-30 17:42:41, 0, 17
2024-09-30 17:42:43, 0, 17
2024-09-30 17:42:45, 0, 17
2024-09-30 17:42:47, 0, 17
2024-09-30 17:42:49, 0, 17
2024-09-30 17:42:51, 0, 17
2024-09-30 17:42:53, 0, 17
2024-09-30 17:42:56, 0, 17
2024-09-30 17:42:58, 0, 17
2024-09-30 17:43:00, 0, 17
2024-09-30 17:43:02, 0, 17
2024-09-30 17:43:04, 0, 17
2024-09-30 17:43:06, 0, 17
2024-09-30 17:43:09, 0, 17
2024-09-30 17:43:11, 0, 17
2024-09-30 17:43:13, 0, 17
2024-09-30 17:43:15, 0, 17
2024-09-30 17:43:17, 0, 17
2024-09-30 17:43:19, 0, 17
2024-09-30 17:43:21, 0, 17
2024-09-30 17:43:23, 0, 17
2024-09-30 17:43:26, 0, 17
2024-09-30 17:43:28, 0, 17
2024-09-30 17:43:30, 0, 17
2024-09-30 17:43:32, 0, 17
2024-09-30 17:43:34, 0, 17
2024-09-30 17:43:36, 0, 17
2024-09-30 17:43:38, 0, 17
2024-09-30 17:43:41, 0, 17
2024-09-30 17:43:43, 0, 17
2024-09-30 17:43:45, 0, 17
2024-09-30 17:43:47, 0, 17
2024-09-30 17:43:49, 0, 17
2024-09-30 17:43:51, 0, 17
2024-09-30 17:43:53, 0, 17
2024-09-30 17:43:55, 0, 17
2024-09-30 17:43:58, 0, 17
2024-09-30 17:44:00, 0, 17
2024-09-30 17:44:02, 0, 17
2024-09-30 17:44:04, 0, 17
2024-09-30 17:44:06, 0, 17
2024-09-30 17:44:08, 0, 17
2024-09-30 17:44:10, 0, 17
2024-09-30 17:44:12, 0, 17
2024-09-30 17:44:15, 0, 17
2024-09-30 17:44:17, 0, 17
2024-09-30 17:44:19, 0, 17
2024-09-30 17:44:21, 0, 17
2024-09-30 17:44:23, 0, 17
2024-09-30 17:44:25, 0, 17
2024-09-30 17:44:27, 0, 17
2024-09-30 17:44:29, 0, 17
2024-09-30 17:44:31, 0, 17
2024-09-30 17:44:33, 0, 17
2024-09-30 17:44:36, 0, 17
2024-09-30 17:44:38, 0, 17
2024-09-30 17:44:40, 0, 17
2024-09-30 17:44:42, 0, 17
2024-09-30 17:44:44, 0, 17
2024-09-30 17:44:46, 0, 17
2024-09-30 17:44:48, 0, 17
2024-09-30 17:44:50, 0, 17
2024-09-30 17:44:53, 0, 17
2024-09-30 17:44:55, 0, 17
2024-09-30 17:44:57, 0, 17
2024-09-30 17:44:59, 0, 17
2024-09-30 17:45:01, 0, 17
2024-09-30 17:45:03, 0, 17
2024-09-30 17:45:05, 0, 17
2024-09-30 17:45:08, 0, 17
2024-09-30 17:45:10, 0, 17
2024-09-30 17:45:12, 0, 17
2024-09-30 17:45:14, 0, 17
2024-09-30 17:45:16, 0, 17
2024-09-30 17:45:18, 0, 17
2024-09-30 17:45:20, 0, 17
2024-09-30 17:45:22, 0, 17
2024-09-30 17:45:25, 0, 17
2024-09-30 17:45:27, 0, 17
2024-09-30 17:45:29, 0, 17
2024-09-30 17:45:31, 0, 17
2024-09-30 17:45:33, 0, 17
2024-09-30 17:45:35, 0, 17
2024-09-30 17:45:37, 0, 17
2024-09-30 17:45:39, 0, 17
2024-09-30 17:45:42, 0, 17
2024-09-30 17:45:44, 0, 17
2024-09-30 17:45:46, 0, 17
2024-09-30 17:45:48, 0, 17
2024-09-30 17:45:50, 0, 17
2024-09-30 17:45:52, 0, 17
2024-09-30 17:45:54, 0, 17
2024-09-30 17:45:56, 0, 17
2024-09-30 17:45:59, 0, 17
2024-09-30 17:46:01, 0, 17
2024-09-30 17:46:03, 0, 17
2024-09-30 17:46:05, 0, 17
2024-09-30 17:46:07, 0, 17
2024-09-30 17:46:09, 0, 17
2024-09-30 17:46:11, 0, 17
2024-09-30 17:46:13, 0, 17
2024-09-30 17:46:15, 0, 17
2024-09-30 17:46:18, 0, 17
2024-09-30 17:46:20, 0, 17
2024-09-30 17:46:22, 0, 17
2024-09-30 17:46:24, 0, 17
2024-09-30 17:46:26, 0, 17
2024-09-30 17:46:28, 0, 17
2024-09-30 17:46:30, 0, 17
2024-09-30 17:46:32, 0, 17
2024-09-30 17:46:35, 0, 17
2024-09-30 17:46:37, 0, 17
2024-09-30 17:46:39, 0, 17
2024-09-30 17:46:41, 0, 17
2024-09-30 17:46:43, 0, 17
2024-09-30 17:46:45, 0, 17
2024-09-30 17:46:47, 0, 17
2024-09-30 17:46:50, 0, 17
2024-09-30 17:46:52, 0, 17
2024-09-30 17:46:54, 0, 17
2024-09-30 17:46:56, 0, 17
2024-09-30 17:46:58, 0, 17
2024-09-30 17:47:00, 0, 17
2024-09-30 17:47:02, 0, 17
2024-09-30 17:47:04, 0, 17
2024-09-30 17:47:06, 0, 17
2024-09-30 17:47:09, 0, 17
2024-09-30 17:47:11, 0, 17
2024-09-30 17:47:13, 0, 17
2024-09-30 17:47:15, 0, 17
2024-09-30 17:47:17, 0, 17
2024-09-30 17:47:19, 0, 17
2024-09-30 17:47:21, 0, 17
2024-09-30 17:47:23, 0, 17
2024-09-30 17:47:26, 0, 17
2024-09-30 17:47:28, 0, 17
2024-09-30 17:47:30, 0, 17
2024-09-30 17:47:32, 0, 17
2024-09-30 17:47:34, 0, 17
2024-09-30 17:47:36, 0, 17
2024-09-30 17:47:38, 0, 17
2024-09-30 17:47:40, 0, 17
2024-09-30 17:47:43, 0, 18
2024-09-30 17:47:45, 0, 18
2024-09-30 17:47:47, 0, 18
2024-09-30 17:47:49, 0, 18
2024-09-30 17:47:51, 0, 18
2024-09-30 17:47:54, 0, 19
2024-09-30 17:47:56, 0, 19
2024-09-30 17:47:58, 0, 19
2024-09-30 17:48:00, 0, 19
2024-09-30 17:48:02, 0, 19
2024-09-30 17:48:04, 0, 19
2024-09-30 17:48:06, 0, 19
2024-09-30 17:48:08, 0, 19
2024-09-30 17:48:11, 0, 19
2024-09-30 17:48:13, 0, 19
2024-09-30 17:48:15, 0, 19
2024-09-30 17:48:17, 0, 19
2024-09-30 17:48:19, 0, 19
2024-09-30 17:48:21, 0, 19
2024-09-30 17:48:23, 0, 19
2024-09-30 17:48:25, 0, 19
2024-09-30 17:48:28, 0, 19
2024-09-30 17:48:30, 0, 19
2024-09-30 17:48:32, 0, 19
2024-09-30 17:48:34, 0, 19
2024-09-30 17:48:36, 0, 19
2024-09-30 17:48:38, 0, 19
2024-09-30 17:48:40, 0, 19
2024-09-30 17:48:42, 0, 19
2024-09-30 17:48:44, 0, 19
2024-09-30 17:48:46, 0, 19
2024-09-30 17:48:49, 0, 19
2024-09-30 17:48:51, 0, 19
2024-09-30 17:48:53, 0, 19
2024-09-30 17:48:55, 0, 19
2024-09-30 17:48:57, 0, 19
2024-09-30 17:48:59, 0, 19
2024-09-30 17:49:01, 0, 19
2024-09-30 17:49:03, 0, 19
2024-09-30 17:49:05, 0, 19
2024-09-30 17:49:07, 0, 19
2024-09-30 17:49:10, 0, 19
2024-09-30 17:49:12, 0, 19
2024-09-30 17:49:14, 0, 19
2024-09-30 17:49:16, 0, 19
2024-09-30 17:49:18, 0, 19
2024-09-30 17:49:20, 0, 19
2024-09-30 17:49:22, 0, 19
2024-09-30 17:49:24, 0, 19
2024-09-30 17:49:26, 0, 19
2024-09-30 17:49:28, 0, 19
2024-09-30 17:49:31, 0, 19
2024-09-30 17:49:33, 0, 19
2024-09-30 17:49:35, 0, 19
2024-09-30 17:49:37, 0, 19
2024-09-30 17:49:39, 0, 19
2024-09-30 17:49:41, 0, 19
2024-09-30 17:49:43, 0, 19
2024-09-30 17:49:45, 0, 19
2024-09-30 17:49:47, 0, 19
2024-09-30 17:49:50, 0, 19
2024-09-30 17:49:52, 0, 19
2024-09-30 17:49:54, 0, 19
2024-09-30 17:49:56, 0, 19
2024-09-30 17:49:58, 0, 19
2024-09-30 17:50:00, 0, 19
2024-09-30 17:50:02, 0, 19
2024-09-30 17:50:04, 0, 19
2024-09-30 17:50:06, 0, 19
2024-09-30 17:50:09, 0, 19
2024-09-30 17:50:11, 0, 19
2024-09-30 17:50:13, 0, 19
2024-09-30 17:50:15, 0, 19
2024-09-30 17:50:17, 0, 19
2024-09-30 17:50:19, 0, 19
2024-09-30 17:50:21, 0, 19
2024-09-30 17:50:23, 0, 19
2024-09-30 17:50:25, 0, 19
2024-09-30 17:50:27, 0, 19
2024-09-30 17:50:30, 0, 19
2024-09-30 17:50:32, 0, 19
2024-09-30 17:50:34, 0, 19
2024-09-30 17:50:36, 0, 19
2024-09-30 17:50:38, 0, 19
2024-09-30 17:50:40, 0, 19
2024-09-30 17:50:42, 0, 19
2024-09-30 17:50:44, 0, 19
2024-09-30 17:50:46, 0, 19
2024-09-30 17:50:49, 0, 19
2024-09-30 17:50:51, 0, 19
2024-09-30 17:50:53, 0, 19
2024-09-30 17:50:55, 0, 19
2024-09-30 17:50:57, 0, 19
2024-09-30 17:50:59, 0, 19
2024-09-30 17:51:01, 0, 19
2024-09-30 17:51:03, 0, 19
2024-09-30 17:51:05, 0, 19
2024-09-30 17:51:08, 0, 19
2024-09-30 17:51:10, 0, 19
2024-09-30 17:51:12, 0, 19
2024-09-30 17:51:14, 0, 19
2024-09-30 17:51:16, 0, 19
2024-09-30 17:51:18, 0, 19
2024-09-30 17:51:20, 0, 19
2024-09-30 17:51:22, 0, 19
2024-09-30 17:51:24, 0, 19
2024-09-30 17:51:26, 0, 19
2024-09-30 17:51:29, 0, 19
2024-09-30 17:51:31, 0, 19
2024-09-30 17:51:33, 0, 19
2024-09-30 17:51:35, 0, 19
2024-09-30 17:51:37, 0, 19
2024-09-30 17:51:39, 0, 19
2024-09-30 17:51:41, 0, 19
2024-09-30 17:51:43, 0, 19
2024-09-30 17:51:45, 0, 19
2024-09-30 17:51:47, 0, 19
2024-09-30 17:51:50, 0, 19
2024-09-30 17:51:52, 0, 19
2024-09-30 17:51:54, 0, 19
2024-09-30 17:51:56, 0, 19
2024-09-30 17:51:58, 0, 19
2024-09-30 17:52:00, 0, 19
2024-09-30 17:52:02, 0, 19
2024-09-30 17:52:04, 0, 19
2024-09-30 17:52:07, 0, 19
2024-09-30 17:52:09, 0, 19
2024-09-30 17:52:11, 0, 19
2024-09-30 17:52:13, 0, 19
2024-09-30 17:52:15, 0, 19
2024-09-30 17:52:17, 0, 19
2024-09-30 17:52:19, 0, 19
2024-09-30 17:52:21, 0, 19
2024-09-30 17:52:23, 0, 19
2024-09-30 17:52:25, 0, 19
2024-09-30 17:52:28, 0, 19
2024-09-30 17:52:30, 0, 19
2024-09-30 17:52:32, 0, 19
2024-09-30 17:52:34, 0, 19
2024-09-30 17:52:36, 0, 19
2024-09-30 17:52:38, 0, 19
2024-09-30 17:52:40, 0, 19
2024-09-30 17:52:42, 0, 19
2024-09-30 17:52:45, 0, 19
2024-09-30 17:52:47, 0, 19
2024-09-30 17:52:49, 0, 19
2024-09-30 17:52:51, 0, 19
2024-09-30 17:52:53, 0, 19
2024-09-30 17:52:55, 0, 19
2024-09-30 17:52:57, 0, 19
2024-09-30 17:52:59, 0, 19
2024-09-30 17:53:01, 0, 19
2024-09-30 17:53:03, 0, 19
2024-09-30 17:53:06, 0, 19
2024-09-30 17:53:08, 0, 19
2024-09-30 17:53:10, 0, 19
2024-09-30 17:53:12, 0, 19
2024-09-30 17:53:14, 0, 19
2024-09-30 17:53:16, 0, 19
2024-09-30 17:53:18, 0, 19
2024-09-30 17:53:20, 0, 19
2024-09-30 17:53:23, 0, 19
2024-09-30 17:53:25, 0, 19
2024-09-30 17:53:27, 0, 19
2024-09-30 17:53:29, 0, 19
2024-09-30 17:53:31, 0, 19
2024-09-30 17:53:33, 0, 19
2024-09-30 17:53:35, 0, 19
2024-09-30 17:53:37, 0, 19
2024-09-30 17:53:40, 0, 19
2024-09-30 17:53:42, 0, 19
2024-09-30 17:53:44, 0, 19
2024-09-30 17:53:46, 0, 19
2024-09-30 17:53:48, 0, 19
2024-09-30 17:53:50, 0, 19
2024-09-30 17:53:52, 0, 19
2024-09-30 17:53:54, 0, 19
2024-09-30 17:53:56, 0, 19
2024-09-30 17:53:58, 0, 19
2024-09-30 17:54:00, 0, 19
2024-09-30 17:54:03, 0, 19
2024-09-30 17:54:05, 0, 19
2024-09-30 17:54:07, 0, 19
2024-09-30 17:54:09, 0, 19
2024-09-30 17:54:11, 0, 19
2024-09-30 17:54:13, 0, 19
2024-09-30 17:54:15, 0, 19
2024-09-30 17:54:17, 0, 19
2024-09-30 17:54:19, 0, 19
2024-09-30 17:54:22, 0, 19
2024-09-30 17:54:24, 0, 19
2024-09-30 17:54:26, 0, 19
2024-09-30 17:54:28, 0, 19
2024-09-30 17:54:30, 0, 19
2024-09-30 17:54:32, 0, 19
2024-09-30 17:54:34, 0, 19
2024-09-30 17:54:36, 0, 19
2024-09-30 17:54:38, 0, 19
2024-09-30 17:54:41, 0, 19
2024-09-30 17:54:43, 0, 19
2024-09-30 17:54:45, 0, 19
2024-09-30 17:54:47, 0, 19
2024-09-30 17:54:49, 0, 19
2024-09-30 17:54:51, 0, 19
2024-09-30 17:54:53, 0, 19
2024-09-30 17:54:55, 0, 19
2024-09-30 17:54:57, 0, 19
2024-09-30 17:54:59, 0, 19
2024-09-30 17:55:02, 0, 19
2024-09-30 17:55:04, 0, 19
2024-09-30 17:55:06, 0, 19
2024-09-30 17:55:08, 0, 19
2024-09-30 17:55:10, 0, 19
2024-09-30 17:55:12, 0, 19
2024-09-30 17:55:14, 0, 19
2024-09-30 17:55:17, 0, 19
2024-09-30 17:55:19, 0, 19
2024-09-30 17:55:21, 0, 19
2024-09-30 17:55:23, 0, 19
2024-09-30 17:55:26, 0, 19
2024-09-30 17:55:28, 0, 19
2024-09-30 17:55:30, 0, 19
2024-09-30 17:55:32, 0, 19
2024-09-30 17:55:34, 0, 19
2024-09-30 17:55:36, 0, 19
2024-09-30 17:55:38, 0, 19
2024-09-30 17:55:40, 0, 19
2024-09-30 17:55:42, 0, 19
2024-09-30 17:55:45, 0, 19
2024-09-30 17:55:47, 0, 19
2024-09-30 17:55:49, 0, 19
2024-09-30 17:55:51, 0, 19
2024-09-30 17:55:53, 0, 19
2024-09-30 17:55:55, 0, 19
2024-09-30 17:55:57, 0, 19
2024-09-30 17:55:59, 0, 19
2024-09-30 17:56:02, 0, 19
2024-09-30 17:56:04, 0, 19
2024-09-30 17:56:06, 0, 19
2024-09-30 17:56:08, 0, 19
2024-09-30 17:56:10, 0, 19
2024-09-30 17:56:12, 0, 19
2024-09-30 17:56:14, 0, 19
2024-09-30 17:56:16, 0, 19
2024-09-30 17:56:19, 0, 19
2024-09-30 17:56:21, 0, 19
2024-09-30 17:56:23, 0, 19
2024-09-30 17:56:25, 0, 19
2024-09-30 17:56:28, 0, 19
2024-09-30 17:56:30, 0, 19
2024-09-30 17:56:32, 0, 19
2024-09-30 17:56:34, 0, 19
2024-09-30 17:56:36, 0, 19
2024-09-30 17:56:38, 0, 19
2024-09-30 17:56:40, 0, 19
2024-09-30 17:56:43, 0, 19
2024-09-30 17:56:45, 0, 19
2024-09-30 17:56:47, 0, 19
2024-09-30 17:56:49, 0, 19
2024-09-30 17:56:51, 0, 19
2024-09-30 17:56:53, 0, 19
2024-09-30 17:56:55, 0, 19
2024-09-30 17:56:57, 0, 19
2024-09-30 17:56:59, 0, 19
2024-09-30 17:57:02, 0, 19
2024-09-30 17:57:04, 0, 19
2024-09-30 17:57:06, 0, 19
2024-09-30 17:57:08, 0, 19
2024-09-30 17:57:10, 0, 19
2024-09-30 17:57:12, 0, 19
2024-09-30 17:57:14, 0, 19
2024-09-30 17:57:16, 0, 19
2024-09-30 17:57:18, 0, 19
2024-09-30 17:57:20, 0, 19
2024-09-30 17:57:22, 0, 19
2024-09-30 17:57:25, 0, 19
2024-09-30 17:57:27, 0, 19
2024-09-30 17:57:29, 0, 19
2024-09-30 17:57:31, 0, 19
2024-09-30 17:57:33, 0, 19
2024-09-30 17:57:35, 0, 19
2024-09-30 17:57:37, 0, 19
2024-09-30 17:57:39, 0, 19
2024-09-30 17:57:41, 0, 19
2024-09-30 17:57:44, 0, 19
2024-09-30 17:57:46, 0, 19
2024-09-30 17:57:48, 0, 19
2024-09-30 17:57:50, 0, 19
2024-09-30 17:57:52, 0, 19
2024-09-30 17:57:54, 0, 19
2024-09-30 17:57:56, 0, 19
2024-09-30 17:57:58, 0, 19
2024-09-30 17:58:00, 0, 19
2024-09-30 17:58:02, 0, 19
2024-09-30 17:58:05, 0, 19
2024-09-30 17:58:07, 0, 19
2024-09-30 17:58:09, 0, 19
2024-09-30 17:58:11, 0, 19
2024-09-30 17:58:13, 0, 19
2024-09-30 17:58:15, 0, 19
2024-09-30 17:58:18, 0, 19
2024-09-30 17:58:20, 0, 19
2024-09-30 17:58:22, 0, 19
2024-09-30 17:58:24, 0, 19
2024-09-30 17:58:26, 0, 19
2024-09-30 17:58:28, 0, 19
2024-09-30 17:58:30, 0, 19
2024-09-30 17:58:32, 0, 19
2024-09-30 17:58:34, 0, 19
2024-09-30 17:58:37, 0, 19
2024-09-30 17:58:39, 0, 19
2024-09-30 17:58:41, 0, 19
2024-09-30 17:58:43, 0, 19
2024-09-30 17:58:45, 0, 19
2024-09-30 17:58:47, 0, 19
2024-09-30 17:58:49, 0, 19
2024-09-30 17:58:51, 0, 19
2024-09-30 17:58:53, 0, 19
2024-09-30 17:58:55, 0, 19
2024-09-30 17:58:58, 0, 19
2024-09-30 17:59:00, 0, 19
2024-09-30 17:59:02, 0, 19
2024-09-30 17:59:04, 0, 19
2024-09-30 17:59:06, 0, 19
2024-09-30 17:59:08, 0, 19
2024-09-30 17:59:10, 0, 19
2024-09-30 17:59:12, 0, 19
2024-09-30 17:59:14, 0, 19
2024-09-30 17:59:16, 0, 19
2024-09-30 17:59:19, 0, 19
2024-09-30 17:59:21, 0, 19
2024-09-30 17:59:23, 0, 19
2024-09-30 17:59:25, 0, 19
2024-09-30 17:59:27, 0, 19
2024-09-30 17:59:29, 0, 19
2024-09-30 17:59:31, 0, 19
2024-09-30 17:59:33, 0, 19
2024-09-30 17:59:35, 0, 19
2024-09-30 17:59:38, 0, 19
2024-09-30 17:59:40, 0, 19
2024-09-30 17:59:42, 0, 19
2024-09-30 17:59:44, 0, 19
2024-09-30 17:59:46, 0, 19
2024-09-30 17:59:48, 0, 19
2024-09-30 17:59:50, 0, 19
2024-09-30 17:59:52, 0, 19
2024-09-30 17:59:55, 0, 19
2024-09-30 17:59:57, 0, 19
2024-09-30 17:59:59, 0, 19
2024-09-30 18:00:01, 0, 19
2024-09-30 18:00:03, 0, 19
2024-09-30 18:00:05, 0, 19
2024-09-30 18:00:24, 1, 20
2024-09-30 18:00:29, 0, 19
2024-09-30 18:00:31, 0, 19
2024-09-30 18:00:33, 0, 19
2024-09-30 18:00:35, 0, 19
2024-09-30 18:00:37, 0, 19
2024-09-30 18:00:40, 0, 19
2024-09-30 18:00:42, 0, 19
2024-09-30 18:00:44, 0, 19
2024-09-30 18:00:46, 0, 19
2024-09-30 18:00:48, 0, 19
2024-09-30 18:00:50, 0, 19
2024-09-30 18:00:53, 0, 19
2024-09-30 18:00:55, 0, 19
2024-09-30 18:00:57, 0, 19
2024-09-30 18:00:59, 0, 19
2024-09-30 18:01:02, 0, 19
2024-09-30 18:01:04, 0, 19
2024-09-30 18:01:06, 0, 19
2024-09-30 18:01:08, 0, 19
2024-09-30 18:01:10, 0, 19
2024-09-30 18:01:12, 0, 19
2024-09-30 18:01:15, 0, 19
2024-09-30 18:01:17, 0, 19
2024-09-30 18:01:19, 0, 19
2024-09-30 18:01:21, 0, 19
2024-09-30 18:01:23, 0, 19
2024-09-30 18:01:25, 0, 19
2024-09-30 18:01:28, 0, 19
2024-09-30 18:01:30, 0, 19
2024-09-30 18:01:32, 0, 19
2024-09-30 18:01:34, 0, 19
2024-09-30 18:01:37, 0, 19
2024-09-30 18:01:39, 0, 19
2024-09-30 18:01:41, 0, 19
2024-09-30 18:01:43, 0, 19
2024-09-30 18:01:45, 0, 19
2024-09-30 18:01:48, 0, 19
2024-09-30 18:01:50, 0, 19
2024-09-30 18:01:52, 0, 19
2024-09-30 18:01:54, 0, 19
2024-09-30 18:01:56, 0, 19
2024-09-30 18:01:59, 0, 19
2024-09-30 18:02:01, 0, 19
2024-09-30 18:02:03, 0, 19
2024-09-30 18:02:05, 0, 19
2024-09-30 18:02:07, 0, 19
2024-09-30 18:02:09, 0, 19
2024-09-30 18:02:12, 0, 19
2024-09-30 18:02:14, 0, 19
2024-09-30 18:02:16, 0, 19
2024-09-30 18:02:18, 0, 19
2024-09-30 18:02:20, 0, 19
2024-09-30 18:02:23, 0, 19
2024-09-30 18:02:25, 0, 19
2024-09-30 18:02:27, 0, 19
2024-09-30 18:02:29, 0, 19
2024-09-30 18:02:31, 0, 19
2024-09-30 18:02:33, 0, 19
2024-09-30 18:02:36, 0, 19
2024-09-30 18:02:38, 0, 19
2024-09-30 18:02:40, 0, 19
2024-09-30 18:02:42, 0, 19
2024-09-30 18:02:45, 0, 19
2024-09-30 18:02:47, 0, 19
2024-09-30 18:02:49, 0, 19
2024-09-30 18:02:51, 0, 19
2024-09-30 18:02:53, 0, 19
2024-09-30 18:02:55, 0, 19
2024-09-30 18:02:58, 0, 19
2024-09-30 18:03:00, 0, 19
2024-09-30 18:03:02, 0, 19
2024-09-30 18:03:04, 0, 19
2024-09-30 18:03:06, 0, 19
2024-09-30 18:03:08, 0, 19
2024-09-30 18:03:11, 0, 19
2024-09-30 18:03:13, 0, 19
2024-09-30 18:03:15, 0, 19
2024-09-30 18:03:17, 0, 19
2024-09-30 18:03:19, 0, 19
2024-09-30 18:03:22, 0, 19
2024-09-30 18:03:24, 0, 19
2024-09-30 18:03:26, 0, 19
2024-09-30 18:03:28, 0, 19
2024-09-30 18:03:30, 0, 19
2024-09-30 18:03:32, 0, 19
2024-09-30 18:03:35, 0, 19
2024-09-30 18:03:37, 0, 19
2024-09-30 18:03:39, 0, 19
2024-09-30 18:03:41, 0, 19
2024-09-30 18:03:43, 0, 19
2024-09-30 18:03:45, 0, 19
2024-09-30 18:03:48, 0, 19
2024-09-30 18:03:50, 0, 19
2024-09-30 18:03:52, 0, 19
2024-09-30 18:03:54, 0, 19
2024-09-30 18:03:56, 0, 19
2024-09-30 18:03:59, 0, 19
2024-09-30 18:04:01, 0, 19
2024-09-30 18:04:03, 0, 19
2024-09-30 18:04:05, 0, 19
2024-09-30 18:04:07, 0, 19
2024-09-30 18:04:09, 0, 19
2024-09-30 18:04:12, 0, 19
2024-09-30 18:04:14, 0, 19
2024-09-30 18:04:16, 0, 19
2024-09-30 18:04:18, 0, 19
2024-09-30 18:04:20, 0, 19
2024-09-30 18:04:22, 0, 19
2024-09-30 18:04:24, 0, 19
2024-09-30 18:04:27, 0, 19
2024-09-30 18:04:29, 0, 19
2024-09-30 18:04:31, 0, 19
2024-09-30 18:04:33, 0, 19
2024-09-30 18:04:35, 0, 19
2024-09-30 18:04:37, 0, 19
2024-09-30 18:04:40, 0, 19
2024-09-30 18:04:42, 0, 19
2024-09-30 18:04:44, 0, 19
2024-09-30 18:04:46, 0, 19
2024-09-30 18:04:48, 0, 19
2024-09-30 18:04:51, 0, 19
2024-09-30 18:04:53, 0, 19
2024-09-30 18:04:55, 0, 19
2024-09-30 18:04:57, 0, 19
2024-09-30 18:04:59, 0, 19
2024-09-30 18:05:02, 0, 19
2024-09-30 18:05:04, 0, 19
2024-09-30 18:05:06, 0, 19
2024-09-30 18:05:08, 0, 19
2024-09-30 18:05:10, 0, 19
2024-09-30 18:05:12, 0, 19
2024-09-30 18:05:15, 0, 19
2024-09-30 18:05:17, 0, 19
2024-09-30 18:05:19, 0, 19
2024-09-30 18:05:21, 0, 19
2024-09-30 18:05:23, 0, 19
2024-09-30 18:05:25, 0, 19
2024-09-30 18:05:28, 0, 19
2024-09-30 18:05:30, 0, 19
2024-09-30 18:05:32, 0, 19
2024-09-30 18:05:34, 0, 19
2024-09-30 18:05:36, 0, 19
2024-09-30 18:05:38, 0, 19
2024-09-30 18:05:41, 0, 19
2024-09-30 18:05:43, 0, 19
2024-09-30 18:05:45, 0, 19
2024-09-30 18:05:47, 0, 19
2024-09-30 18:05:49, 0, 19
2024-09-30 18:05:51, 0, 19
2024-09-30 18:05:54, 0, 19
2024-09-30 18:05:56, 0, 19
2024-09-30 18:05:58, 0, 19
2024-09-30 18:06:00, 0, 19
2024-09-30 18:06:02, 0, 19
2024-09-30 18:06:04, 0, 19
2024-09-30 18:06:07, 0, 19
2024-09-30 18:06:09, 0, 19
2024-09-30 18:06:11, 0, 19
2024-09-30 18:06:13, 0, 19
2024-09-30 18:06:15, 0, 19
2024-09-30 18:06:17, 0, 19
2024-09-30 18:06:20, 0, 19
2024-09-30 18:06:22, 0, 19
2024-09-30 18:06:24, 0, 19
2024-09-30 18:06:26, 0, 19
2024-09-30 18:06:28, 0, 19
2024-09-30 18:06:30, 0, 19
2024-09-30 18:06:32, 0, 19
2024-09-30 18:06:35, 0, 19
2024-09-30 18:06:37, 0, 19
2024-09-30 18:06:39, 0, 19
2024-09-30 18:06:41, 0, 19
2024-09-30 18:06:43, 0, 19
2024-09-30 18:06:45, 0, 19
2024-09-30 18:06:47, 0, 19
2024-09-30 18:06:50, 0, 19
2024-09-30 18:06:52, 0, 19
2024-09-30 18:06:54, 0, 19
2024-09-30 18:06:56, 0, 19
2024-09-30 18:06:58, 0, 19
2024-09-30 18:07:00, 0, 19
2024-09-30 18:07:03, 0, 19
2024-09-30 18:07:05, 0, 19
2024-09-30 18:07:07, 0, 19
2024-09-30 18:07:09, 0, 19
2024-09-30 18:07:11, 0, 19
2024-09-30 18:07:13, 0, 19
2024-09-30 18:07:15, 0, 19
2024-09-30 18:07:18, 0, 19
2024-09-30 18:07:20, 0, 19
2024-09-30 18:07:22, 0, 19
2024-09-30 18:07:24, 0, 19
2024-09-30 18:07:26, 0, 19
2024-09-30 18:07:28, 0, 19
2024-09-30 18:07:31, 0, 19
2024-09-30 18:07:33, 0, 19
2024-09-30 18:07:35, 0, 19
2024-09-30 18:07:37, 0, 19
2024-09-30 18:07:39, 0, 19
2024-09-30 18:07:41, 0, 19
2024-09-30 18:07:44, 0, 19
2024-09-30 18:07:46, 0, 19
2024-09-30 18:07:48, 0, 19
2024-09-30 18:07:50, 0, 19
2024-09-30 18:07:52, 0, 19
2024-09-30 18:07:54, 0, 19
2024-09-30 18:07:57, 0, 19
2024-09-30 18:07:59, 0, 19
2024-09-30 18:08:01, 0, 19
2024-09-30 18:08:03, 0, 19
2024-09-30 18:08:05, 0, 19
2024-09-30 18:08:07, 0, 19
2024-09-30 18:08:09, 0, 19
2024-09-30 18:08:12, 0, 19
2024-09-30 18:08:14, 0, 19
2024-09-30 18:08:16, 0, 19
2024-09-30 18:08:18, 0, 19
2024-09-30 18:08:20, 0, 19
2024-09-30 18:08:22, 0, 19
2024-09-30 18:08:25, 0, 19
2024-09-30 18:08:27, 0, 19
2024-09-30 18:08:29, 0, 19
2024-09-30 18:08:31, 0, 19
2024-09-30 18:08:33, 0, 19
2024-09-30 18:08:35, 0, 19
2024-09-30 18:08:38, 0, 19
2024-09-30 18:08:40, 0, 19
2024-09-30 18:08:42, 0, 19
2024-09-30 18:08:44, 0, 19
2024-09-30 18:08:46, 0, 19
2024-09-30 18:08:48, 0, 19
2024-09-30 18:08:51, 0, 19
2024-09-30 18:08:53, 0, 19
2024-09-30 18:08:55, 0, 19
2024-09-30 18:08:57, 0, 19
2024-09-30 18:08:59, 0, 19
2024-09-30 18:09:01, 0, 19
2024-09-30 18:09:04, 0, 19
2024-09-30 18:09:06, 0, 19
2024-09-30 18:09:08, 0, 19
2024-09-30 18:09:10, 0, 19
2024-09-30 18:09:12, 0, 19
2024-09-30 18:09:15, 0, 19
2024-09-30 18:09:17, 0, 19
2024-09-30 18:09:19, 0, 19
2024-09-30 18:09:21, 0, 19
2024-09-30 18:09:23, 0, 19
2024-09-30 18:09:26, 0, 19
2024-09-30 18:09:28, 0, 19
2024-09-30 18:09:30, 0, 19
2024-09-30 18:09:32, 0, 19
2024-09-30 18:09:34, 0, 19
2024-09-30 18:09:36, 0, 19
2024-09-30 18:09:38, 0, 19
2024-09-30 18:09:41, 0, 19
2024-09-30 18:09:43, 0, 19
2024-09-30 18:09:45, 0, 19
2024-09-30 18:09:47, 0, 19
2024-09-30 18:09:49, 0, 19
2024-09-30 18:09:51, 0, 19
2024-09-30 18:09:54, 0, 19
2024-09-30 18:09:56, 0, 19
2024-09-30 18:09:58, 0, 19
2024-09-30 18:10:00, 0, 19
2024-09-30 18:10:02, 0, 19
2024-09-30 18:10:04, 0, 19
2024-09-30 18:10:07, 0, 19
2024-09-30 18:10:09, 0, 19
2024-09-30 18:10:11, 0, 19
2024-09-30 18:10:13, 0, 19
2024-09-30 18:10:15, 0, 19
2024-09-30 18:10:17, 0, 19
2024-09-30 18:10:20, 0, 19
2024-09-30 18:10:22, 0, 19
2024-09-30 18:10:24, 0, 19
2024-09-30 18:10:26, 0, 19
2024-09-30 18:10:28, 0, 19
2024-09-30 18:10:30, 0, 19
2024-09-30 18:10:33, 0, 19
2024-09-30 18:10:35, 0, 19
2024-09-30 18:10:37, 0, 19
2024-09-30 18:10:39, 0, 19
2024-09-30 18:10:41, 0, 19
2024-09-30 18:10:43, 0, 19
2024-09-30 18:10:46, 0, 19
2024-09-30 18:10:48, 0, 19
2024-09-30 18:10:50, 0, 19
2024-09-30 18:10:52, 0, 19
2024-09-30 18:10:54, 0, 19
2024-09-30 18:10:56, 0, 19
2024-09-30 18:10:58, 0, 19
2024-09-30 18:11:01, 0, 19
2024-09-30 18:11:03, 0, 19
2024-09-30 18:11:05, 0, 19
2024-09-30 18:11:07, 0, 19
2024-09-30 18:11:09, 0, 19
2024-09-30 18:11:11, 0, 19
2024-09-30 18:11:14, 0, 19
2024-09-30 18:11:16, 0, 19
2024-09-30 18:11:18, 0, 19
2024-09-30 18:11:20, 0, 19
2024-09-30 18:11:22, 0, 19
2024-09-30 18:11:24, 0, 19
2024-09-30 18:11:27, 0, 19
2024-09-30 18:11:29, 0, 19
2024-09-30 18:11:31, 0, 19
2024-09-30 18:11:33, 0, 19
2024-09-30 18:11:35, 0, 19
2024-09-30 18:11:37, 0, 19
2024-09-30 18:11:40, 0, 19
2024-09-30 18:11:42, 0, 19
2024-09-30 18:11:44, 0, 19
2024-09-30 18:11:46, 0, 19
2024-09-30 18:11:48, 0, 19
2024-09-30 18:11:50, 0, 19
2024-09-30 18:11:52, 0, 19
2024-09-30 18:11:55, 0, 19
2024-09-30 18:11:57, 0, 19
2024-09-30 18:11:59, 0, 19
2024-09-30 18:12:01, 0, 19
2024-09-30 18:12:03, 0, 19
2024-09-30 18:12:05, 0, 19
2024-09-30 18:12:08, 0, 19
2024-09-30 18:12:10, 0, 19
2024-09-30 18:12:12, 0, 19
2024-09-30 18:12:14, 0, 19
2024-09-30 18:12:16, 0, 19
2024-09-30 18:12:18, 0, 19
2024-09-30 18:12:20, 0, 19
2024-09-30 18:12:23, 0, 19
2024-09-30 18:12:25, 0, 19
2024-09-30 18:12:27, 0, 19
2024-09-30 18:12:29, 0, 19
2024-09-30 18:12:31, 0, 19
2024-09-30 18:12:33, 0, 19
2024-09-30 18:12:36, 0, 19
2024-09-30 18:12:38, 0, 19
2024-09-30 18:12:40, 0, 19
2024-09-30 18:12:42, 0, 19
2024-09-30 18:12:44, 0, 19
2024-09-30 18:12:46, 0, 19
2024-09-30 18:12:49, 0, 19
2024-09-30 18:12:51, 0, 19
2024-09-30 18:12:53, 0, 19
2024-09-30 18:12:55, 0, 19
2024-09-30 18:12:57, 0, 19
2024-09-30 18:12:59, 0, 19
2024-09-30 18:13:01, 0, 19
2024-09-30 18:13:04, 0, 19
2024-09-30 18:13:06, 0, 19
2024-09-30 18:13:08, 0, 19
2024-09-30 18:13:10, 0, 19
2024-09-30 18:13:12, 0, 19
2024-09-30 18:13:14, 0, 19
2024-09-30 18:13:17, 0, 19
2024-09-30 18:13:19, 0, 19
2024-09-30 18:13:21, 0, 19
2024-09-30 18:13:23, 0, 19
2024-09-30 18:13:25, 0, 19
2024-09-30 18:13:27, 0, 19
2024-09-30 18:13:30, 0, 19
2024-09-30 18:13:32, 0, 19
2024-09-30 18:13:34, 0, 19
2024-09-30 18:13:36, 0, 19
2024-09-30 18:13:38, 0, 19
2024-09-30 18:13:40, 0, 19
2024-09-30 18:13:43, 0, 19
2024-09-30 18:13:45, 0, 19
2024-09-30 18:13:47, 0, 19
2024-09-30 18:13:49, 0, 19
2024-09-30 18:13:51, 0, 19
2024-09-30 18:13:53, 0, 19
2024-09-30 18:13:55, 0, 19
2024-09-30 18:13:58, 0, 19
2024-09-30 18:14:00, 0, 19
2024-09-30 18:14:02, 0, 19
2024-09-30 18:14:04, 0, 19
2024-09-30 18:14:06, 0, 19
2024-09-30 18:14:08, 0, 19
2024-09-30 18:14:10, 0, 19
2024-09-30 18:14:13, 0, 19
2024-09-30 18:14:15, 0, 19
2024-09-30 18:14:17, 0, 19
2024-09-30 18:14:19, 0, 19
2024-09-30 18:14:21, 0, 19
2024-09-30 18:14:23, 0, 19
2024-09-30 18:14:26, 0, 19
2024-09-30 18:14:28, 0, 19
2024-09-30 18:14:30, 0, 19
2024-09-30 18:14:32, 0, 19
2024-09-30 18:14:34, 0, 19
2024-09-30 18:14:36, 0, 19
2024-09-30 18:14:39, 0, 19
2024-09-30 18:14:41, 0, 19
2024-09-30 18:14:43, 0, 19
2024-09-30 18:14:45, 0, 19
2024-09-30 18:14:47, 0, 19
2024-09-30 18:14:49, 0, 19
2024-09-30 18:14:52, 0, 19
2024-09-30 18:14:54, 0, 19
2024-09-30 18:14:56, 0, 19
2024-09-30 18:14:58, 0, 19
2024-09-30 18:15:00, 0, 19
2024-09-30 18:15:03, 0, 19
2024-09-30 18:15:05, 0, 19
2024-09-30 18:15:07, 0, 19
2024-09-30 18:15:09, 0, 19
2024-09-30 18:15:11, 0, 19
2024-09-30 18:15:13, 0, 19
2024-09-30 18:15:16, 0, 19
2024-09-30 18:15:18, 0, 19
2024-09-30 18:15:20, 0, 19
2024-09-30 18:15:22, 0, 19
2024-09-30 18:15:24, 0, 19
2024-09-30 18:15:27, 0, 19
2024-09-30 18:15:29, 0, 19
2024-09-30 18:15:31, 0, 19
2024-09-30 18:15:33, 0, 19
2024-09-30 18:15:35, 0, 19
2024-09-30 18:15:37, 0, 19
2024-09-30 18:15:40, 0, 19
2024-09-30 18:15:42, 0, 19
2024-09-30 18:15:44, 0, 19
2024-09-30 18:15:46, 0, 19
2024-09-30 18:15:48, 0, 19
2024-09-30 18:15:50, 0, 19
2024-09-30 18:15:53, 0, 19
2024-09-30 18:15:55, 0, 19
2024-09-30 18:15:57, 0, 19
2024-09-30 18:15:59, 0, 19
2024-09-30 18:16:01, 0, 19
2024-09-30 18:16:03, 0, 19
2024-09-30 18:16:06, 0, 19
2024-09-30 18:16:08, 0, 19
2024-09-30 18:16:10, 0, 19
2024-09-30 18:16:12, 0, 19
2024-09-30 18:16:14, 0, 19
2024-09-30 18:16:16, 0, 19
2024-09-30 18:16:19, 0, 19
2024-09-30 18:16:21, 0, 19
2024-09-30 18:16:23, 0, 19
2024-09-30 18:16:25, 0, 19
2024-09-30 18:16:27, 0, 19
2024-09-30 18:16:29, 0, 19
2024-09-30 18:16:32, 0, 19
2024-09-30 18:16:34, 0, 19
2024-09-30 18:16:36, 0, 19
2024-09-30 18:16:38, 0, 19
2024-09-30 18:16:40, 0, 19
2024-09-30 18:16:42, 0, 19
2024-09-30 18:16:45, 0, 19
2024-09-30 18:16:47, 0, 19
2024-09-30 18:16:49, 0, 19
2024-09-30 18:16:51, 0, 19
2024-09-30 18:16:53, 0, 19
2024-09-30 18:16:55, 0, 19
2024-09-30 18:16:58, 0, 19
2024-09-30 18:17:00, 0, 19
2024-09-30 18:17:02, 0, 19
2024-09-30 18:17:04, 0, 19
2024-09-30 18:17:06, 0, 19
2024-09-30 18:17:09, 0, 19
2024-09-30 18:17:11, 0, 19
2024-09-30 18:17:13, 0, 19
2024-09-30 18:17:15, 0, 19
2024-09-30 18:17:17, 0, 19
2024-09-30 18:17:19, 0, 19
2024-09-30 18:17:22, 0, 19
2024-09-30 18:17:24, 0, 19
2024-09-30 18:17:26, 0, 19
2024-09-30 18:17:28, 0, 19
2024-09-30 18:17:30, 0, 19
2024-09-30 18:17:32, 0, 19
2024-09-30 18:17:35, 0, 19
2024-09-30 18:17:37, 0, 19
2024-09-30 18:17:39, 0, 19
2024-09-30 18:17:41, 0, 19
2024-09-30 18:17:43, 0, 19
2024-09-30 18:17:45, 0, 19
2024-09-30 18:17:48, 0, 19
2024-09-30 18:17:50, 0, 19
2024-09-30 18:17:52, 0, 19
2024-09-30 18:17:54, 0, 19
2024-09-30 18:17:57, 0, 19
2024-09-30 18:17:59, 0, 19
2024-09-30 18:18:01, 0, 19
2024-09-30 18:18:03, 0, 19
2024-09-30 18:18:05, 0, 19
2024-09-30 18:18:08, 0, 19
2024-09-30 18:18:10, 0, 19
2024-09-30 18:18:12, 0, 19
2024-09-30 18:18:14, 0, 19
2024-09-30 18:18:16, 0, 19
2024-09-30 18:18:18, 0, 19
2024-09-30 18:18:21, 0, 19
2024-09-30 18:18:23, 0, 19
2024-09-30 18:18:25, 0, 19
2024-09-30 18:18:27, 0, 19
2024-09-30 18:18:29, 0, 19
2024-09-30 18:18:32, 0, 19
2024-09-30 18:18:34, 0, 19
2024-09-30 18:18:36, 0, 19
2024-09-30 18:18:38, 0, 19
2024-09-30 18:18:40, 0, 19
2024-09-30 18:18:42, 0, 19
2024-09-30 18:18:45, 0, 19
2024-09-30 18:18:47, 0, 19
2024-09-30 18:18:49, 0, 19
2024-09-30 18:18:51, 0, 19
2024-09-30 18:18:53, 0, 19
2024-09-30 18:18:55, 0, 19
2024-09-30 18:18:58, 0, 19
2024-09-30 18:19:00, 0, 19
2024-09-30 18:19:02, 0, 19
2024-09-30 18:19:04, 0, 19
2024-09-30 18:19:06, 0, 19
2024-09-30 18:19:09, 0, 19
2024-09-30 18:19:11, 0, 19
2024-09-30 18:19:13, 0, 19
2024-09-30 18:19:15, 0, 19
2024-09-30 18:19:17, 0, 19
2024-09-30 18:19:20, 0, 19
2024-09-30 18:19:22, 0, 19
2024-09-30 18:19:24, 0, 19
2024-09-30 18:19:26, 0, 19
2024-09-30 18:19:28, 0, 19
2024-09-30 18:19:31, 0, 19
2024-09-30 18:19:33, 0, 19
2024-09-30 18:19:35, 0, 19
2024-09-30 18:19:37, 0, 19
2024-09-30 18:19:39, 0, 19
2024-09-30 18:19:41, 0, 19
2024-09-30 18:19:44, 0, 19
2024-09-30 18:19:46, 0, 19
2024-09-30 18:19:48, 0, 19
2024-09-30 18:19:50, 0, 19
2024-09-30 18:19:52, 0, 19
2024-09-30 18:19:54, 0, 19
2024-09-30 18:19:57, 0, 19
2024-09-30 18:19:59, 0, 19
2024-09-30 18:20:01, 0, 19
2024-09-30 18:20:03, 0, 19
2024-09-30 18:20:05, 0, 19
2024-09-30 18:20:07, 0, 19
2024-09-30 18:20:09, 0, 19
2024-09-30 18:20:12, 0, 19
2024-09-30 18:20:14, 0, 19
2024-09-30 18:20:16, 0, 19
2024-09-30 18:20:18, 0, 19
2024-09-30 18:20:20, 0, 19
2024-09-30 18:20:23, 0, 19
2024-09-30 18:20:25, 0, 19
2024-09-30 18:20:27, 0, 19
2024-09-30 18:20:29, 0, 19
2024-09-30 18:20:31, 0, 19
2024-09-30 18:20:33, 0, 19
2024-09-30 18:20:36, 0, 19
2024-09-30 18:20:38, 0, 19
2024-09-30 18:20:40, 0, 19
2024-09-30 18:20:42, 0, 19
2024-09-30 18:20:44, 0, 19
2024-09-30 18:20:46, 0, 19
2024-09-30 18:20:49, 0, 19
2024-09-30 18:20:51, 0, 19
2024-09-30 18:20:53, 0, 19
2024-09-30 18:20:55, 0, 19
2024-09-30 18:20:57, 0, 19
2024-09-30 18:20:59, 0, 19
2024-09-30 18:21:02, 0, 19
2024-09-30 18:21:04, 0, 19
2024-09-30 18:21:06, 0, 19
2024-09-30 18:21:08, 0, 19
2024-09-30 18:21:10, 0, 19
2024-09-30 18:21:12, 0, 19
2024-09-30 18:21:15, 0, 19
2024-09-30 18:21:17, 0, 19
2024-09-30 18:21:19, 0, 19
2024-09-30 18:21:21, 0, 19
2024-09-30 18:21:23, 0, 19
2024-09-30 18:21:26, 0, 19
2024-09-30 18:21:28, 0, 19
2024-09-30 18:21:30, 0, 19
2024-09-30 18:21:32, 0, 19
2024-09-30 18:21:34, 0, 19
2024-09-30 18:21:36, 0, 19
2024-09-30 18:21:38, 0, 19
2024-09-30 18:21:41, 0, 19
2024-09-30 18:21:43, 0, 19
2024-09-30 18:21:45, 0, 19
2024-09-30 18:21:47, 0, 19
2024-09-30 18:21:49, 0, 19
2024-09-30 18:21:52, 0, 19
2024-09-30 18:21:54, 0, 19
2024-09-30 18:21:56, 0, 19
2024-09-30 18:21:58, 0, 19
2024-09-30 18:22:00, 0, 19
2024-09-30 18:22:03, 0, 19
2024-09-30 18:22:05, 0, 19
2024-09-30 18:22:07, 0, 19
2024-09-30 18:22:09, 0, 19
2024-09-30 18:22:11, 0, 19
2024-09-30 18:22:13, 0, 19
2024-09-30 18:22:15, 0, 19
2024-09-30 18:22:18, 0, 19
2024-09-30 18:22:20, 0, 19
2024-09-30 18:22:22, 0, 19
2024-09-30 18:22:24, 0, 19
2024-09-30 18:22:26, 0, 19
2024-09-30 18:22:29, 0, 19
2024-09-30 18:22:31, 0, 19
2024-09-30 18:22:33, 0, 19
2024-09-30 18:22:35, 0, 19
2024-09-30 18:22:37, 0, 19
2024-09-30 18:22:39, 0, 19
2024-09-30 18:22:42, 0, 19
2024-09-30 18:22:44, 0, 19
2024-09-30 18:22:46, 0, 19
2024-09-30 18:22:48, 0, 19
2024-09-30 18:22:50, 0, 19
2024-09-30 18:22:52, 0, 19
2024-09-30 18:22:55, 0, 19
2024-09-30 18:22:57, 0, 19
2024-09-30 18:22:59, 0, 19
2024-09-30 18:23:01, 0, 19
2024-09-30 18:23:03, 0, 19
2024-09-30 18:23:05, 0, 19
2024-09-30 18:23:08, 0, 19
2024-09-30 18:23:10, 0, 19
2024-09-30 18:23:12, 0, 19
2024-09-30 18:23:14, 0, 19
2024-09-30 18:23:16, 0, 19
2024-09-30 18:23:18, 0, 19
2024-09-30 18:23:21, 0, 19
2024-09-30 18:23:23, 0, 19
2024-09-30 18:23:25, 0, 19
2024-09-30 18:23:27, 0, 19
2024-09-30 18:23:29, 0, 19
2024-09-30 18:23:31, 0, 19
2024-09-30 18:23:34, 0, 19
2024-09-30 18:23:36, 0, 19
2024-09-30 18:23:38, 0, 19
2024-09-30 18:23:40, 0, 19
2024-09-30 18:23:42, 0, 19
2024-09-30 18:23:44, 0, 19
2024-09-30 18:23:47, 0, 19
2024-09-30 18:23:49, 0, 19
2024-09-30 18:23:51, 0, 19
2024-09-30 18:23:53, 0, 19
2024-09-30 18:23:55, 0, 19
2024-09-30 18:23:57, 0, 19
2024-09-30 18:24:00, 0, 19
2024-09-30 18:24:02, 0, 19
2024-09-30 18:24:04, 0, 19
2024-09-30 18:24:06, 0, 19
2024-09-30 18:24:08, 0, 19
2024-09-30 18:24:10, 0, 19
2024-09-30 18:24:13, 0, 19
2024-09-30 18:24:15, 0, 19
2024-09-30 18:24:17, 0, 19
2024-09-30 18:24:19, 0, 19
2024-09-30 18:24:21, 0, 19
2024-09-30 18:24:23, 0, 19
2024-09-30 18:24:26, 0, 19
2024-09-30 18:24:28, 0, 19
2024-09-30 18:24:30, 0, 19
2024-09-30 18:24:32, 0, 19
2024-09-30 18:24:34, 0, 19
2024-09-30 18:24:36, 0, 19
2024-09-30 18:24:39, 0, 19
2024-09-30 18:24:41, 0, 19
2024-09-30 18:24:43, 0, 19
2024-09-30 18:24:45, 0, 19
2024-09-30 18:24:47, 0, 19
2024-09-30 18:24:49, 0, 19
2024-09-30 18:24:51, 0, 19
2024-09-30 18:24:54, 0, 19
2024-09-30 18:24:56, 0, 19
2024-09-30 18:24:58, 0, 19
2024-09-30 18:25:00, 0, 19
2024-09-30 18:25:02, 0, 19
2024-09-30 18:25:05, 0, 19
2024-09-30 18:25:07, 0, 19
2024-09-30 18:25:09, 0, 19
2024-09-30 18:25:11, 0, 19
2024-09-30 18:25:13, 0, 19
2024-09-30 18:25:15, 0, 19
2024-09-30 18:25:18, 0, 19
2024-09-30 18:25:20, 0, 19
2024-09-30 18:25:22, 0, 19
2024-09-30 18:25:24, 0, 19
2024-09-30 18:25:26, 0, 19
2024-09-30 18:25:29, 0, 19
2024-09-30 18:25:31, 0, 19
2024-09-30 18:25:33, 0, 19
2024-09-30 18:25:35, 0, 19
2024-09-30 18:25:37, 0, 19
2024-09-30 18:25:39, 0, 19
2024-09-30 18:25:41, 0, 19
2024-09-30 18:25:44, 0, 19
2024-09-30 18:25:46, 0, 19
2024-09-30 18:25:48, 0, 19
2024-09-30 18:25:50, 0, 19
2024-09-30 18:25:52, 0, 19
2024-09-30 18:25:55, 0, 19
2024-09-30 18:25:57, 0, 19
2024-09-30 18:25:59, 0, 19
2024-09-30 18:26:01, 0, 19
2024-09-30 18:26:03, 0, 19
2024-09-30 18:26:05, 0, 19
2024-09-30 18:26:07, 0, 19
2024-09-30 18:26:10, 0, 19
2024-09-30 18:26:12, 0, 19
2024-09-30 18:26:14, 0, 19
2024-09-30 18:26:16, 0, 19
2024-09-30 18:26:18, 0, 19
2024-09-30 18:26:20, 0, 19
2024-09-30 18:26:23, 0, 19
2024-09-30 18:26:25, 0, 19
2024-09-30 18:26:27, 0, 19
2024-09-30 18:26:29, 0, 19
2024-09-30 18:26:31, 0, 19
2024-09-30 18:26:34, 0, 19
2024-09-30 18:26:36, 0, 19
2024-09-30 18:26:38, 0, 19
2024-09-30 18:26:40, 0, 19
2024-09-30 18:26:42, 0, 19
2024-09-30 18:26:44, 0, 19
2024-09-30 18:26:47, 0, 19
2024-09-30 18:26:49, 0, 19
2024-09-30 18:26:51, 0, 19
2024-09-30 18:26:53, 0, 19
2024-09-30 18:26:55, 0, 19
2024-09-30 18:26:57, 0, 19
2024-09-30 18:27:00, 0, 19
2024-09-30 18:27:02, 0, 19
2024-09-30 18:27:04, 0, 19
2024-09-30 18:27:06, 0, 19
2024-09-30 18:27:08, 0, 19
2024-09-30 18:27:10, 0, 19
2024-09-30 18:27:13, 0, 19
2024-09-30 18:27:15, 0, 19
2024-09-30 18:27:17, 0, 19
2024-09-30 18:27:19, 0, 19
2024-09-30 18:27:21, 0, 19
2024-09-30 18:27:23, 0, 19
2024-09-30 18:27:26, 0, 19
2024-09-30 18:27:28, 0, 19
2024-09-30 18:27:30, 0, 19
2024-09-30 18:27:32, 0, 19
2024-09-30 18:27:34, 0, 19
2024-09-30 18:27:36, 0, 19
2024-09-30 18:27:39, 0, 19
2024-09-30 18:27:41, 0, 19
2024-09-30 18:27:43, 0, 19
2024-09-30 18:27:45, 0, 19
2024-09-30 18:27:47, 0, 19
2024-09-30 18:27:49, 0, 19
2024-09-30 18:27:52, 0, 19
2024-09-30 18:27:54, 0, 19
2024-09-30 18:27:56, 0, 19
2024-09-30 18:27:58, 0, 19
2024-09-30 18:28:00, 0, 19
2024-09-30 18:28:03, 0, 19
2024-09-30 18:28:05, 0, 19
2024-09-30 18:28:07, 0, 19
2024-09-30 18:28:09, 0, 19
2024-09-30 18:28:11, 0, 19
2024-09-30 18:28:13, 0, 19
2024-09-30 18:28:16, 0, 19
2024-09-30 18:28:18, 0, 19
2024-09-30 18:28:20, 0, 19
2024-09-30 18:28:22, 0, 19
2024-09-30 18:28:24, 0, 19
2024-09-30 18:28:27, 0, 19
2024-09-30 18:28:29, 0, 19
2024-09-30 18:28:31, 0, 19
2024-09-30 18:28:33, 0, 19
2024-09-30 18:28:35, 0, 19
2024-09-30 18:28:37, 0, 19
2024-09-30 18:28:40, 0, 19
2024-09-30 18:28:42, 0, 19
2024-09-30 18:28:44, 0, 19
2024-09-30 18:28:46, 0, 19
2024-09-30 18:28:48, 0, 19
2024-09-30 18:28:50, 0, 19
2024-09-30 18:28:53, 0, 19
2024-09-30 18:28:55, 0, 19
2024-09-30 18:28:57, 0, 19
2024-09-30 18:28:59, 0, 19
2024-09-30 18:29:01, 0, 19
2024-09-30 18:29:04, 0, 19
2024-09-30 18:29:06, 0, 19
2024-09-30 18:29:08, 0, 19
2024-09-30 18:29:10, 0, 19
2024-09-30 18:29:12, 0, 19
2024-09-30 18:29:14, 0, 19
2024-09-30 18:29:17, 0, 19
2024-09-30 18:29:19, 0, 19
2024-09-30 18:29:21, 0, 19
2024-09-30 18:29:23, 0, 19
2024-09-30 18:29:25, 0, 19
2024-09-30 18:29:27, 0, 19
2024-09-30 18:29:30, 0, 19
2024-09-30 18:29:32, 0, 19
2024-09-30 18:29:34, 0, 19
2024-09-30 18:29:36, 0, 19
2024-09-30 18:29:38, 0, 19
2024-09-30 18:29:40, 0, 19
2024-09-30 18:29:43, 0, 19
2024-09-30 18:29:45, 0, 19
2024-09-30 18:29:47, 0, 19
2024-09-30 18:29:49, 0, 19
2024-09-30 18:29:51, 0, 19
2024-09-30 18:29:53, 0, 19
2024-09-30 18:29:56, 0, 19
2024-09-30 18:29:58, 0, 19
2024-09-30 18:30:00, 0, 19
2024-09-30 18:30:02, 0, 19
2024-09-30 18:30:04, 0, 19
2024-09-30 18:30:07, 0, 19
2024-09-30 18:30:09, 0, 19
2024-09-30 18:30:11, 0, 19
2024-09-30 18:30:13, 0, 19
2024-09-30 18:30:15, 0, 19
2024-09-30 18:30:17, 0, 19
2024-09-30 18:30:19, 0, 19
2024-09-30 18:30:22, 0, 19
2024-09-30 18:30:24, 0, 19
2024-09-30 18:30:26, 0, 19
2024-09-30 18:30:28, 0, 19
2024-09-30 18:30:30, 0, 19
2024-09-30 18:30:33, 0, 19
2024-09-30 18:30:35, 0, 19
2024-09-30 18:30:37, 0, 19
2024-09-30 18:30:39, 0, 19
2024-09-30 18:30:41, 0, 19
2024-09-30 18:30:43, 0, 19
2024-09-30 18:30:46, 0, 19
2024-09-30 18:30:48, 0, 19
2024-09-30 18:30:50, 0, 19
2024-09-30 18:30:52, 0, 19
2024-09-30 18:30:54, 0, 19
2024-09-30 18:30:56, 0, 19
2024-09-30 18:30:59, 0, 19
2024-09-30 18:31:01, 0, 19
2024-09-30 18:31:03, 0, 19
2024-09-30 18:31:05, 0, 19
2024-09-30 18:31:08, 0, 19
2024-09-30 18:31:10, 0, 19
2024-09-30 18:31:12, 0, 19
2024-09-30 18:31:14, 0, 19
2024-09-30 18:31:16, 0, 19
2024-09-30 18:31:18, 0, 19
2024-09-30 18:31:21, 0, 19
2024-09-30 18:31:23, 0, 19
2024-09-30 18:31:25, 0, 19
2024-09-30 18:31:27, 0, 19
2024-09-30 18:31:29, 0, 19
2024-09-30 18:31:32, 0, 19
2024-09-30 18:31:34, 0, 19
2024-09-30 18:31:36, 0, 19
2024-09-30 18:31:38, 0, 19
2024-09-30 18:31:40, 0, 19
2024-09-30 18:31:42, 0, 19
2024-09-30 18:31:45, 0, 19
2024-09-30 18:31:47, 0, 19
2024-09-30 18:31:49, 0, 19
2024-09-30 18:31:51, 0, 19
2024-09-30 18:31:53, 0, 19
2024-09-30 18:31:55, 0, 19
2024-09-30 18:31:58, 0, 19
2024-09-30 18:32:00, 0, 19
2024-09-30 18:32:02, 0, 19
2024-09-30 18:32:04, 0, 19
2024-09-30 18:32:06, 0, 19
2024-09-30 18:32:09, 0, 19
2024-09-30 18:32:11, 0, 19
2024-09-30 18:32:13, 0, 19
2024-09-30 18:32:15, 0, 19
2024-09-30 18:32:17, 0, 19
2024-09-30 18:32:19, 0, 19
2024-09-30 18:32:22, 0, 19
2024-09-30 18:32:24, 0, 19
2024-09-30 18:32:26, 0, 19
2024-09-30 18:32:28, 0, 19
2024-09-30 18:32:30, 0, 19
2024-09-30 18:32:33, 0, 19
2024-09-30 18:32:35, 0, 19
2024-09-30 18:32:37, 0, 19
2024-09-30 18:32:39, 0, 19
2024-09-30 18:32:41, 0, 19
2024-09-30 18:32:43, 0, 19
2024-09-30 18:32:46, 0, 19
2024-09-30 18:32:48, 0, 19
2024-09-30 18:32:50, 0, 19
2024-09-30 18:32:52, 0, 19
2024-09-30 18:32:54, 0, 19
2024-09-30 18:32:57, 0, 19
2024-09-30 18:32:59, 0, 19
2024-09-30 18:33:01, 0, 19
2024-09-30 18:33:03, 0, 19
2024-09-30 18:33:05, 0, 19
2024-09-30 18:33:08, 0, 19
2024-09-30 18:33:10, 0, 19
2024-09-30 18:33:12, 0, 19
2024-09-30 18:33:14, 0, 19
2024-09-30 18:33:16, 0, 19
2024-09-30 18:33:18, 0, 19
2024-09-30 18:33:21, 0, 19
2024-09-30 18:33:23, 0, 19
2024-09-30 18:33:25, 0, 19
2024-09-30 18:33:27, 0, 19
2024-09-30 18:33:29, 0, 19
2024-09-30 18:33:32, 0, 19
2024-09-30 18:33:34, 0, 19
2024-09-30 18:33:36, 0, 19
2024-09-30 18:33:38, 0, 19
2024-09-30 18:33:40, 0, 19
2024-09-30 18:33:42, 0, 19
2024-09-30 18:33:45, 0, 19
2024-09-30 18:33:47, 0, 19
2024-09-30 18:33:49, 0, 19
2024-09-30 18:33:51, 0, 19
2024-09-30 18:33:53, 0, 19
2024-09-30 18:33:56, 0, 19
2024-09-30 18:33:58, 0, 19
2024-09-30 18:34:00, 0, 19
2024-09-30 18:34:02, 0, 19
2024-09-30 18:34:04, 0, 19
2024-09-30 18:34:07, 0, 19
2024-09-30 18:34:09, 0, 19
2024-09-30 18:34:11, 0, 19
2024-09-30 18:34:13, 0, 19
2024-09-30 18:34:15, 0, 19
2024-09-30 18:34:17, 0, 19
2024-09-30 18:34:20, 0, 19
2024-09-30 18:34:22, 0, 19
2024-09-30 18:34:24, 0, 19
2024-09-30 18:34:26, 0, 19
2024-09-30 18:34:28, 0, 19
2024-09-30 18:34:31, 0, 19
2024-09-30 18:34:33, 0, 19
2024-09-30 18:34:35, 0, 19
2024-09-30 18:34:37, 0, 19
2024-09-30 18:34:39, 0, 19
2024-09-30 18:34:41, 0, 19
2024-09-30 18:34:44, 0, 19
2024-09-30 18:34:46, 0, 19
2024-09-30 18:34:48, 0, 19
2024-09-30 18:34:50, 0, 19
2024-09-30 18:34:52, 0, 19
2024-09-30 18:34:54, 0, 19
2024-09-30 18:34:57, 0, 19
2024-09-30 18:34:59, 0, 19
2024-09-30 18:35:01, 0, 19
2024-09-30 18:35:03, 0, 19
2024-09-30 18:35:05, 0, 19
2024-09-30 18:35:07, 0, 19
2024-09-30 18:35:10, 0, 19
2024-09-30 18:35:12, 0, 19
2024-09-30 18:35:14, 0, 19
2024-09-30 18:35:16, 0, 19
2024-09-30 18:35:18, 0, 19
2024-09-30 18:35:20, 0, 19
2024-09-30 18:35:23, 0, 19
2024-09-30 18:35:25, 0, 19
2024-09-30 18:35:27, 0, 19
2024-09-30 18:35:29, 0, 19
2024-09-30 18:35:31, 0, 19
2024-09-30 18:35:33, 0, 19
2024-09-30 18:35:36, 0, 19
2024-09-30 18:35:38, 0, 19
2024-09-30 18:35:40, 0, 19
2024-09-30 18:35:42, 0, 19
2024-09-30 18:35:44, 0, 19
2024-09-30 18:35:47, 0, 19
2024-09-30 18:35:49, 0, 19
2024-09-30 18:35:51, 0, 19
2024-09-30 18:35:53, 0, 19
2024-09-30 18:35:55, 0, 19
2024-09-30 18:35:57, 0, 19
2024-09-30 18:35:59, 0, 19
2024-09-30 18:36:02, 0, 19
2024-09-30 18:36:04, 0, 19
2024-09-30 18:36:06, 0, 19
2024-09-30 18:36:08, 0, 19
2024-09-30 18:36:10, 0, 19
2024-09-30 18:36:13, 0, 19
2024-09-30 18:36:15, 0, 19
2024-09-30 18:36:17, 0, 19
2024-09-30 18:36:19, 0, 19
2024-09-30 18:36:21, 0, 19
2024-09-30 18:36:24, 0, 19
2024-09-30 18:36:26, 0, 19
2024-09-30 18:36:28, 0, 19
2024-09-30 18:36:30, 0, 19
2024-09-30 18:36:32, 0, 19
2024-09-30 18:36:35, 0, 19
2024-09-30 18:36:37, 0, 19
2024-09-30 18:36:39, 0, 19
2024-09-30 18:36:41, 0, 19
2024-09-30 18:36:43, 0, 19
2024-09-30 18:36:45, 0, 19
2024-09-30 18:36:48, 0, 19
2024-09-30 18:36:50, 0, 19
2024-09-30 18:36:52, 0, 19
2024-09-30 18:36:54, 0, 19
2024-09-30 18:36:56, 0, 19
2024-09-30 18:36:58, 0, 19
2024-09-30 18:37:01, 0, 19
2024-09-30 18:37:03, 0, 19
2024-09-30 18:37:05, 0, 19
2024-09-30 18:37:07, 0, 19
2024-09-30 18:37:09, 0, 19
2024-09-30 18:37:12, 0, 19
2024-09-30 18:37:14, 0, 19
2024-09-30 18:37:16, 0, 19
2024-09-30 18:37:18, 0, 19
2024-09-30 18:37:20, 0, 19
2024-09-30 18:37:22, 0, 19
2024-09-30 18:37:25, 0, 19
2024-09-30 18:37:27, 0, 19
2024-09-30 18:37:29, 0, 19
2024-09-30 18:37:31, 0, 19
2024-09-30 18:37:37, 0, 19
2024-09-30 18:37:39, 0, 19
2024-09-30 18:37:41, 0, 19
2024-09-30 18:37:43, 0, 19
2024-09-30 18:37:45, 0, 19
2024-09-30 18:37:47, 0, 19
2024-09-30 18:37:50, 0, 19
2024-09-30 18:37:52, 0, 19
2024-09-30 18:37:54, 0, 19
2024-09-30 18:37:56, 0, 19
2024-09-30 18:37:59, 0, 19
2024-09-30 18:38:01, 0, 19
2024-09-30 18:38:03, 0, 19
2024-09-30 18:38:05, 0, 19
2024-09-30 18:38:07, 0, 19
2024-09-30 18:38:09, 0, 19
2024-09-30 18:38:12, 0, 19
2024-09-30 18:38:14, 0, 19
2024-09-30 18:38:16, 0, 19
2024-09-30 18:38:18, 0, 19
2024-09-30 18:38:21, 0, 19
2024-09-30 18:38:23, 0, 19
2024-09-30 18:38:25, 0, 19
2024-09-30 18:38:27, 0, 19
2024-09-30 18:38:29, 0, 19
2024-09-30 18:38:32, 0, 19
2024-09-30 18:38:34, 0, 19
2024-09-30 18:38:36, 0, 19
2024-09-30 18:38:38, 0, 19
2024-09-30 18:38:40, 0, 19
2024-09-30 18:38:42, 0, 19
2024-09-30 18:38:45, 0, 19
2024-09-30 18:38:47, 0, 19
2024-09-30 18:38:49, 0, 19
2024-09-30 18:38:51, 0, 19
2024-09-30 18:38:53, 0, 19
2024-09-30 18:38:56, 0, 19
2024-09-30 18:38:58, 0, 19
2024-09-30 18:39:00, 0, 19
2024-09-30 18:39:02, 0, 19
2024-09-30 18:39:04, 0, 19
2024-09-30 18:39:07, 0, 19
2024-09-30 18:39:09, 0, 19
2024-09-30 18:39:11, 0, 19
2024-09-30 18:39:13, 0, 19
2024-09-30 18:39:16, 0, 19
2024-09-30 18:39:18, 0, 19
2024-09-30 18:39:20, 0, 19
2024-09-30 18:39:22, 0, 19
2024-09-30 18:39:24, 0, 19
2024-09-30 18:39:26, 0, 19
2024-09-30 18:39:29, 0, 19
2024-09-30 18:39:31, 0, 19
2024-09-30 18:39:33, 0, 19
2024-09-30 18:39:35, 0, 19
2024-09-30 18:39:37, 0, 19
2024-09-30 18:39:40, 0, 19
2024-09-30 18:39:42, 0, 19
2024-09-30 18:39:44, 0, 19
2024-09-30 18:39:46, 0, 19
2024-09-30 18:39:48, 0, 19
2024-09-30 18:39:51, 0, 19
2024-09-30 18:39:53, 0, 19
2024-09-30 18:39:55, 0, 19
2024-09-30 18:39:57, 0, 19
2024-09-30 18:39:59, 0, 19
2024-09-30 18:40:02, 0, 19
2024-09-30 18:40:04, 0, 19
2024-09-30 18:40:06, 0, 19
2024-09-30 18:40:08, 0, 19
2024-09-30 18:40:10, 0, 19
2024-09-30 18:40:13, 0, 19
2024-09-30 18:40:15, 0, 19
2024-09-30 18:40:17, 0, 19
2024-09-30 18:40:19, 0, 19
2024-09-30 18:40:21, 0, 19
2024-09-30 18:40:24, 0, 19
2024-09-30 18:40:26, 0, 19
2024-09-30 18:40:28, 0, 19
2024-09-30 18:40:30, 0, 19
2024-09-30 18:40:32, 0, 19
2024-09-30 18:40:34, 0, 19
2024-09-30 18:40:37, 0, 19
2024-09-30 18:40:39, 0, 19
2024-09-30 18:40:41, 0, 19
2024-09-30 18:40:43, 0, 19
2024-09-30 18:40:45, 0, 19
2024-09-30 18:40:48, 0, 19
2024-09-30 18:40:50, 0, 19
2024-09-30 18:40:52, 0, 19
2024-09-30 18:40:54, 0, 19
2024-09-30 18:40:56, 0, 19
2024-09-30 18:40:58, 0, 19
2024-09-30 18:41:01, 0, 19
2024-09-30 18:41:03, 0, 19
2024-09-30 18:41:05, 0, 19
2024-09-30 18:41:07, 0, 19
2024-09-30 18:41:09, 0, 19
2024-09-30 18:41:12, 0, 19
2024-09-30 18:41:14, 0, 19
2024-09-30 18:41:16, 0, 19
2024-09-30 18:41:18, 0, 19
2024-09-30 18:41:21, 0, 19
2024-09-30 18:41:23, 0, 19
2024-09-30 18:41:25, 0, 19
2024-09-30 18:41:27, 0, 19
2024-09-30 18:41:29, 0, 19
2024-09-30 18:41:32, 0, 19
2024-09-30 18:41:34, 0, 19
2024-09-30 18:41:36, 0, 19
2024-09-30 18:41:38, 0, 19
2024-09-30 18:41:40, 0, 19
2024-09-30 18:41:43, 0, 19
2024-09-30 18:44:01, 20, 20
2024-09-30 19:04:54, 1, 1
2024-09-30 19:05:07, 1, 1
2024-09-30 19:05:21, 1, 1
2024-09-30 19:05:34, 1, 1
2024-09-30 19:05:45, 1, 1
2024-09-30 19:06:00, 1, 1
2024-09-30 19:07:25, 2, 2
2024-09-30 19:07:54, 3, 3
2024-09-30 19:08:20, 2, 2
2024-09-30 19:08:42, 1, 1
2024-09-30 19:09:03, 2, 2
2024-09-30 19:09:21, 1, 1
2024-09-30 19:09:34, 1, 1
2024-09-30 19:09:47, 1, 1
2024-09-30 19:10:18, 1, 1
2024-09-30 19:27:03, 1, 1
2024-09-30 19:27:32, 1, 1
2024-09-30 19:28:23, 1, 1
2024-09-30 19:29:01, 1, 1
2024-09-30 19:29:27, 2, 2
2024-09-30 19:30:00, 1, 1
2024-09-30 19:30:41, 1, 1
2024-09-30 19:30:56, 1, 1
2024-09-30 19:31:12, 1, 1
2024-09-30 19:31:30, 1, 1
2024-09-30 19:31:48, 1, 1
2024-09-30 19:32:10, 1, 1
2024-09-30 19:32:41, 1, 1
2024-09-30 19:33:09, 2, 2
2024-09-30 19:33:40, 1, 1
2024-09-30 19:33:55, 1, 1
2024-09-30 19:34:14, 1, 1
2024-09-30 19:34:38, 1, 1
2024-09-30 19:45:37, 1, 1
2024-09-30 19:48:22, 1, 1
2024-09-30 19:51:07, 1, 1
2024-09-30 19:51:45, 1, 1
2024-09-30 19:52:13, 1, 1
2024-09-30 19:52:43, 2, 2
2024-09-30 19:53:37, 1, 1
2024-09-30 19:53:58, 1, 1
2024-09-30 19:55:33, 1, 1
2024-09-30 19:58:01, 1, 1
2024-09-30 19:59:41, 1, 1
2024-09-30 20:00:04, 1, 1
2024-09-30 20:02:27, 1, 1
2024-09-30 20:02:48, 1, 1
2024-09-30 20:06:03, 1, 1
2024-09-30 20:06:55, 1, 1
2024-09-30 20:07:14, 1, 1
2024-09-30 20:07:50, 1, 1
2024-09-30 20:09:14, 1, 1
2024-09-30 20:11:24, 1, 1
2024-09-30 20:24:41, 1, 1
2024-09-30 20:26:09, 1, 1
2024-09-30 20:26:30, 1, 1
2024-09-30 20:30:48, 1, 1
2024-09-30 20:31:23, 1, 1
2024-09-30 20:34:09, 1, 1
2024-09-30 20:53:58, 1, 1
2024-09-30 20:56:04, 5, 5
2024-09-30 20:57:04, 1, 1
2024-09-30 20:59:01, 1, 1
2024-09-30 21:05:19, 1, 1
2024-09-30 21:07:22, 1, 1
2024-09-30 21:09:11, 3, 3
2024-09-30 21:10:13, 1, 1
2024-09-30 21:13:48, 1, 1
2024-09-30 21:25:15, 1, 1
2024-09-30 21:25:51, 1, 1
2024-09-30 21:27:12, 1, 1
2024-09-30 21:34:09, 2, 2
2024-09-30 21:40:14, 1, 1
2024-09-30 22:05:39, 7, 7
2024-09-30 22:06:55, 1, 1
2024-09-30 22:08:31, 1, 1
2024-09-30 22:11:24, 3, 3
2024-09-30 22:12:20, 1, 1
2024-09-30 22:16:06, 1, 1
2024-09-30 22:31:23, 3, 3
2024-09-30 22:36:07, 2, 2
2024-09-30 22:43:35, 1, 1
2024-09-30 22:59:24, 1, 1
2024-09-30 23:00:51, 1, 1
2024-09-30 23:10:44, 7, 7
2024-09-30 23:12:36, 2, 2
2024-09-30 23:14:03, 2, 2
2024-09-30 23:18:25, 1, 1
2024-09-30 23:26:36, 1, 1
2024-09-30 23:35:32, 3, 3
2024-09-30 23:37:18, 1, 1
2024-09-30 23:43:01, 1, 1
2024-09-30 23:45:25, 1, 1
2024-09-30 23:59:36, 1, 1
2024-10-01 00:00:21, 1, 1
2024-10-01 00:02:47, 1, 1
2024-10-01 00:04:33, 1, 1
2024-10-01 00:07:04, 1, 1
2024-10-01 00:18:18, 7, 7
2024-10-01 00:19:51, 1, 1
2024-10-01 00:28:23, 1, 1
2024-10-01 00:46:36, 5, 5
2024-10-01 00:48:09, 2, 2
2024-10-01 01:05:39, 3, 3
2024-10-01 01:06:42, 2, 2
2024-10-01 01:08:28, 1, 1
2024-10-01 01:25:10, 7, 7
2024-10-01 01:31:15, 1, 1
2024-10-01 01:50:27, 4, 4
2024-10-01 01:52:21, 2, 2
2024-10-01 01:57:58, 1, 1
2024-10-01 02:09:50, 1, 1
2024-10-01 02:12:36, 5, 5
2024-10-01 02:34:34, 7, 7
2024-10-01 02:36:17, 1, 1
2024-10-01 02:57:11, 5, 5
2024-10-01 02:59:06, 1, 1
2024-10-01 03:19:57, 6, 6
2024-10-01 03:29:05, 1, 1
2024-10-01 03:42:10, 7, 7
2024-10-01 04:06:15, 6, 6
2024-10-01 04:07:50, 1, 1
2024-10-01 04:10:21, 1, 1
2024-10-01 04:14:09, 1, 1
2024-10-01 04:25:10, 1, 1
2024-10-01 04:27:35, 5, 5
2024-10-01 04:30:17, 1, 1
2024-10-01 04:54:14, 6, 6
2024-10-01 05:07:24, 1, 1
2024-10-01 05:10:40, 5, 5
2024-10-01 05:17:24, 1, 1
2024-10-01 05:27:37, 1, 1
2024-10-01 05:29:16, 2, 2
2024-10-01 05:32:01, 4, 4
2024-10-01 05:49:47, 1, 1
2024-10-01 05:51:36, 1, 1
2024-10-01 05:59:49, 4, 4
2024-10-01 06:13:22, 4, 4
2024-10-01 06:15:31, 3, 3
2024-10-01 06:19:48, 1, 1
2024-10-01 06:27:40, 1, 1
2024-10-01 06:31:31, 1, 1
2024-10-01 06:35:03, 4, 4
2024-10-01 06:58:31, 2, 2
2024-10-01 07:04:34, 4, 4
2024-10-01 07:20:18, 7, 7
2024-10-01 07:22:38, 1, 1
2024-10-01 07:29:21, 1, 1
2024-10-01 07:33:07, 1, 1
2024-10-01 07:38:09, 4, 4
2024-10-01 07:40:01, 1, 1
2024-10-01 08:02:59, 2, 2
2024-10-01 08:08:18, 4, 4
2024-10-01 08:35:12, 8, 8
2024-10-01 08:37:45, 1, 1
2024-10-01 08:39:54, 2, 2
2024-10-01 08:42:15, 3, 3
2024-10-01 09:06:25, 2, 2
2024-10-01 09:11:57, 4, 4
2024-10-01 09:29:23, 1, 1
2024-10-01 09:36:42, 1, 1
2024-10-01 09:40:43, 7, 7
2024-10-01 09:45:19, 5, 5
2024-10-01 10:10:56, 2, 2
2024-10-01 10:14:50, 3, 3
2024-10-01 10:16:27, 1, 1
2024-10-01 10:30:07, 1, 1
2024-10-01 10:31:06, 1, 1
2024-10-01 10:39:22, 1, 1
2024-10-01 10:42:04, 1, 1
2024-10-01 10:44:36, 5, 5
2024-10-01 10:48:28, 5, 5
2024-10-01 10:50:24, 1, 1
2024-10-01 11:05:00, 1, 1
2024-10-01 11:06:26, 4, 4
2024-10-01 11:16:13, 2, 2
2024-10-01 11:19:09, 4, 4
2024-10-01 11:25:39, 1, 1
2024-10-01 11:26:33, 1, 1
2024-10-01 11:29:48, 1, 1
2024-10-01 11:30:56, 1, 1
2024-10-01 11:32:56, 1, 1
2024-10-01 11:36:20, 1, 1
2024-10-01 11:37:38, 1, 1
2024-10-01 11:38:37, 2, 2
2024-10-01 11:41:45, 1, 1
2024-10-01 11:43:40, 1, 1
2024-10-01 11:46:12, 1, 1
2024-10-01 11:48:37, 1, 1
2024-10-01 11:50:20, 2, 2
2024-10-01 11:53:15, 4, 4
2024-10-01 11:57:31, 1, 1
2024-10-01 12:00:50, 1, 1
2024-10-01 12:05:20, 1, 1
2024-10-01 12:06:56, 1, 1
2024-10-01 12:13:12, 1, 1
2024-10-01 12:14:29, 1, 1
2024-10-01 12:23:33, 2, 2
2024-10-01 12:28:46, 1, 1
2024-10-01 12:31:04, 1, 1
2024-10-01 12:32:09, 1, 1
2024-10-01 12:33:21, 1, 1
2024-10-01 12:34:55, 1, 1
2024-10-01 12:39:44, 1, 1
2024-10-01 12:44:41, 1, 1
2024-10-01 12:48:54, 1, 1
2024-10-01 12:50:29, 1, 1
2024-10-01 12:51:52, 1, 1
2024-10-01 12:54:59, 1, 1
2024-10-01 12:56:47, 2, 2
2024-10-01 12:59:24, 1, 1
2024-10-01 13:00:35, 1, 1
2024-10-01 13:02:38, 1, 1
2024-10-01 13:11:37, 1, 1
2024-10-01 13:17:08, 2, 2
2024-10-01 13:21:38, 1, 1
2024-10-01 13:27:30, 2, 2
2024-10-01 13:30:52, 1, 1
2024-10-01 13:32:59, 1, 1
2024-10-01 13:35:21, 1, 1
2024-10-01 13:36:29, 1, 1
2024-10-01 13:37:50, 1, 1
2024-10-01 13:41:06, 1, 1
2024-10-01 13:42:19, 1, 1
2024-10-01 13:47:27, 1, 1
2024-10-01 13:49:29, 1, 1
2024-10-01 13:50:43, 1, 1
2024-10-01 13:52:09, 2, 2
2024-10-01 13:53:36, 1, 1
2024-10-01 13:56:37, 1, 1
2024-10-01 13:58:44, 1, 1
2024-10-01 14:00:20, 1, 1
2024-10-01 14:02:25, 1, 1
2024-10-01 14:04:44, 1, 1
2024-10-01 14:17:08, 1, 1
2024-10-01 14:18:09, 1, 1
2024-10-01 14:19:18, 1, 1
2024-10-01 14:24:03, 1, 1
2024-10-01 14:29:20, 1, 1
2024-10-01 14:30:29, 1, 1
2024-10-01 14:41:29, 4, 4
2024-10-01 14:44:33, 2, 2
2024-10-01 14:50:06, 1, 1
2024-10-01 14:51:33, 1, 1
2024-10-01 14:52:48, 1, 1
2024-10-01 14:54:48, 2, 2
2024-10-01 14:58:16, 1, 1
2024-10-01 14:59:24, 1, 1
2024-10-01 15:02:52, 1, 1
2024-10-01 15:08:17, 1, 1
2024-10-01 15:20:42, 1, 1
2024-10-01 15:22:44, 2, 2
2024-10-01 15:33:14, 2, 2
2024-10-01 15:43:07, 1, 1
2024-10-01 15:45:34, 3, 3
2024-10-01 15:48:04, 2, 2
2024-10-01 15:51:29, 1, 1
2024-10-01 15:53:05, 2, 2
2024-10-01 15:56:32, 1, 1
2024-10-01 15:57:48, 1, 1
2024-10-01 15:59:57, 1, 1
