Status,ACCURACY,RUNTIME,recent_samples_size,n_subspaces,feature_percentage,alpha,window_size,mode
Completed,0.57,3,4032,42,0.07139152497053146,0.1475405262708664,138,EDFSMode.RANDOM
Completed,0.55,182,1493,71,0.946918303059414,0.8626391261462122,936,EDFSMode.RANDOM
Completed,0.55,1,391,21,0.4883588257525116,0.395999019946903,589,EDFSMode.RANDOM
Completed,0.55,5,2930,94,0.6157052135095,0.616008019471541,486,EDFSMode.RANDOM
Completed,0.56,1,3734,9,0.8572837416175753,0.6814574080221355,424,EDFSMode.RANDOM
Completed,0.55,6,1195,80,0.2311351968422532,0.3366418471429497,758,EDFSMode.RANDOM
Completed,0.55,56,1979,30,0.7052806910425424,0.9300420758835971,875,EDFSMode.RANDOM
Completed,0.56,3,4518,57,0.3285563079137355,0.09012822420336306,307,EDFSMode.RANDOM
Completed,0.55,9,4911,13,0.6585332520063967,0.29679786577448247,964,EDFSMode.RANDOM
Completed,0.56,4,2372,98,0.28180880753323434,0.7005738529805094,166,EDFSMode.RANDOM
Completed,0.55,2,646,49,0.779341127101332,0.044433255400508645,514,EDFSMode.RANDOM
Completed,0.55,1,3185,66,0.15319264367036523,0.9511110707763583,616,EDFSMode.RANDOM
Completed,0.55,1,2699,38,0.3791754866428673,0.7533602497093379,674,EDFSMode.RANDOM
Completed,0.55,2,160,53,0.5065218167733401,0.22098913324810565,340,EDFSMode.RANDOM
Completed,0.56,1,1568,1,0.055763014098629354,0.5008695896975696,223,EDFSMode.RANDOM
Completed,0.55,174,4107,85,0.9312898498140275,0.471408748337999,790,EDFSMode.RANDOM
Completed,0.55,1,4297,5,0.263928722737357,0.8770568630285561,441,EDFSMode.RANDOM
Completed,0.55,4,1836,82,0.6398007427789271,0.09522053811140359,577,EDFSMode.RANDOM
Completed,0.55,1,126,35,0.17442279947921635,0.6266414714045823,891,EDFSMode.RANDOM
Completed,0.57,7,2587,56,0.7994747265335173,0.3477069746572524,127,EDFSMode.RANDOM
Completed,0.56,3,3385,47,0.5423102298639715,0.4206520411409438,291,EDFSMode.RANDOM
Completed,0.55,26,924,69,0.4160602144505829,0.574893221931532,835,EDFSMode.RANDOM
Completed,0.55,42,2328,16,0.8970241746436804,0.17011059987917543,741,EDFSMode.RANDOM
Completed,0.56,1,4789,95,0.022350480902940034,0.8272620557714254,385,EDFSMode.RANDOM
Completed,0.55,95,4552,27,0.9749667129442096,0.5577301820106805,662,EDFSMode.RANDOM
Completed,0.55,1,2091,60,0.1002930805478245,0.46244108471460643,525,EDFSMode.RANDOM
Completed,0.56,2,1004,12,0.5890577153731138,0.8042394625134766,211,EDFSMode.RANDOM
Completed,0.55,12,3465,77,0.4628076386153698,0.21386075928993523,976,EDFSMode.RANDOM
Completed,0.55,5,2974,24,0.1900512675959617,0.023716972891241313,807,EDFSMode.RANDOM
Completed,0.56,6,513,91,0.8151032522767783,0.988289099888876,263,EDFSMode.RANDOM
Completed,0.56,5,2755,1,0.8025344891874394,0.001,284,EDFSMode.RANDOM
Completed,0.56,2,612,1,0.9068840233065186,0.999,137,EDFSMode.RANDOM
Completed,0.56,2,1783,1,0.7693872332359472,0.001,377,EDFSMode.RANDOM
Completed,0.56,5,4217,1,0.8685841668854973,0.001,203,EDFSMode.RANDOM
Completed,0.56,4,649,1,0.999,0.001,174,EDFSMode.RANDOM
Completed,0.57,3,5000,28,0.001,0.999,100,EDFSMode.RANDOM
Completed,0.57,4,5000,100,0.001,0.001,104,EDFSMode.RANDOM
Completed,0.56,2,3986,1,0.7305317813855514,0.001,370,EDFSMode.RANDOM
Completed,0.55,0,18,1,0.8106366957067143,0.999,245,EDFSMode.RANDOM
Completed,0.56,2,3557,1,0.8004365897418029,0.999,191,EDFSMode.RANDOM
Completed,0.57,15,5000,100,0.6725738989628871,0.999,100,EDFSMode.RANDOM
Completed,0.55,1,4044,1,0.7045157602197011,0.001,498,EDFSMode.RANDOM
Completed,0.55,0,1,1,0.999,0.999,100,EDFSMode.RANDOM
Completed,0.58,2,3075,1,0.999,0.999,117,EDFSMode.RANDOM
Completed,0.56,2,5000,1,0.7442056568578795,0.001,259,EDFSMode.RANDOM
Completed,0.56,2,2152,100,0.001,0.999,100,EDFSMode.RANDOM
Completed,0.55,1,1,100,0.001,0.001,100,EDFSMode.RANDOM
Completed,0.55,1,4269,100,0.001,0.001,1000,EDFSMode.RANDOM
Completed,0.56,4,3275,1,0.999,0.001,176,EDFSMode.RANDOM
Completed,0.55,420,1,100,0.999,0.001,100,EDFSMode.RANDOM
Completed,0.57,80,4981,100,0.5931586577502334,0.001,169,EDFSMode.RANDOM
Completed,0.55,5,1,1,0.8565929016283902,0.001,262,EDFSMode.RANDOM
Completed,0.57,3,5000,1,0.001,0.001,100,EDFSMode.RANDOM
Completed,0.55,1,10,100,0.001,0.999,1000,EDFSMode.RANDOM
Completed,0.55,0,5000,1,0.001,0.999,1000,EDFSMode.RANDOM
Completed,0.57,3,5000,1,0.001,0.999,100,EDFSMode.RANDOM
Completed,0.58,433,5000,100,0.999,0.001,100,EDFSMode.RANDOM
Completed,0.57,2,4727,1,0.8385721127536815,0.999,135,EDFSMode.RANDOM
Completed,0.57,4,5000,100,0.001,0.999,100,EDFSMode.RANDOM
Completed,0.56,2,2170,1,0.29794962820027937,0.001,100,EDFSMode.RANDOM
Completed,0.57,15,4384,91,0.7216916694903586,0.999,100,EDFSMode.RANDOM
Completed,0.58,213,5000,49,0.999,0.001,100,EDFSMode.RANDOM
Completed,0.57,6,4971,100,0.14761740990536676,0.001,100,EDFSMode.RANDOM
Completed,0.58,242,5000,92,0.7241298323283041,0.001,100,EDFSMode.RANDOM
Completed,0.57,4,3997,74,0.001,0.999,100,EDFSMode.RANDOM
Completed,0.57,9,4503,56,0.6720744657432919,0.999,100,EDFSMode.RANDOM
Completed,0.57,18,5000,80,0.999,0.999,100,EDFSMode.RANDOM
Completed,0.57,16,4184,82,0.999,0.999,100,EDFSMode.RANDOM
Completed,0.57,11,1529,91,0.7207696732424533,0.999,123,EDFSMode.RANDOM
Completed,0.57,3,4666,1,0.46687828957793365,0.999,100,EDFSMode.RANDOM
Completed,0.57,303,5000,100,0.8245257092590155,0.001,100,EDFSMode.RANDOM
Completed,0.57,10,4238,46,0.999,0.999,100,EDFSMode.RANDOM
Completed,0.55,1,2063,13,0.001,0.999,100,EDFSMode.RANDOM
Completed,0.57,4,4915,14,0.37860113707768145,0.999,100,EDFSMode.RANDOM
Completed,0.57,4,4758,69,0.001,0.05970752229268505,100,EDFSMode.RANDOM
Completed,0.57,4,5000,8,0.999,0.999,100,EDFSMode.RANDOM
Completed,0.57,3,3915,1,0.999,0.999,100,EDFSMode.RANDOM
Completed,0.57,3,4472,13,0.04327747781791224,0.999,100,EDFSMode.RANDOM
Completed,0.57,9,2656,48,0.9249526098747219,0.999,100,EDFSMode.RANDOM
Completed,0.57,8,3748,87,0.3670640667952159,0.999,100,EDFSMode.RANDOM
Completed,0.55,5,1,92,0.7226646417409983,0.001,1000,EDFSMode.RANDOM
Completed,0.58,244,3659,92,0.7213071644559592,0.001,100,EDFSMode.RANDOM
Completed,0.57,3,2806,47,0.22152186710723734,0.999,100,EDFSMode.RANDOM
Completed,0.57,10,5000,50,0.9116579145544383,0.999,100,EDFSMode.RANDOM
Completed,0.57,6,5000,96,0.15830347598474537,0.999,100,EDFSMode.RANDOM
Completed,0.57,5,5000,100,0.1385527595266023,0.999,100,EDFSMode.RANDOM
Completed,0.57,15,1028,92,0.7216538726461096,0.999,100,EDFSMode.RANDOM
Completed,0.57,288,4122,100,0.79707728908359,0.001,100,EDFSMode.RANDOM
Completed,0.57,3,4375,8,0.41892843144029096,0.999,100,EDFSMode.RANDOM
Completed,0.57,2,3195,15,0.08194013150657894,0.999,100,EDFSMode.RANDOM
Completed,0.57,6,5000,17,0.999,0.4608511347110189,100,EDFSMode.RANDOM
Completed,0.56,18,2567,100,0.999,0.756728153929548,100,EDFSMode.RANDOM
Completed,0.56,4,5000,100,0.3365630156514427,0.08360162658162552,331,EDFSMode.RANDOM
Completed,0.56,7,2565,36,0.999,0.5904334933782356,100,EDFSMode.RANDOM
Completed,0.57,3,3746,2,0.999,0.40123064882827375,100,EDFSMode.RANDOM
Completed,0.56,17,2488,100,0.999,0.999,100,EDFSMode.RANDOM
Completed,0.57,21,5000,100,0.999,0.5939265360104043,100,EDFSMode.RANDOM
Completed,0.57,5,4284,11,0.7931863758546369,0.3860827660796636,100,EDFSMode.RANDOM
Completed,0.56,5,5000,100,0.3492801911241357,0.25555878196282017,244,EDFSMode.RANDOM
Completed,0.58,90,5000,100,0.5135388215374278,0.001,100,EDFSMode.RANDOM
Completed,0.56,3,4982,100,0.3296615818259852,0.001,380,EDFSMode.RANDOM
Completed,0.56,12,2322,57,0.999,0.66380342533895,100,EDFSMode.RANDOM
Completed,0.57,23,3130,100,0.999,0.999,100,EDFSMode.RANDOM
Completed,0.58,28,5000,6,0.999,0.001,100,EDFSMode.RANDOM
Completed,0.57,15,4854,100,0.692936197611545,0.6001990466758268,100,EDFSMode.RANDOM
Completed,0.57,6,4683,29,0.7564286660990712,0.45477695135560153,100,EDFSMode.RANDOM
Completed,0.56,17,2171,100,0.999,0.999,100,EDFSMode.RANDOM
Completed,0.57,13,4197,47,0.999,0.5930232318697534,100,EDFSMode.RANDOM
Completed,0.57,3,4548,1,0.999,0.47751001341031546,100,EDFSMode.RANDOM
Completed,0.56,1,2181,1,0.999,0.999,100,EDFSMode.RANDOM
Completed,0.56,5,4806,100,0.5473374926799115,0.36969780809385455,279,EDFSMode.RANDOM
Completed,0.57,21,4492,100,0.999,0.42728428835044446,100,EDFSMode.RANDOM
Completed,0.57,9,4709,100,0.31271503248990123,0.3317615915936831,100,EDFSMode.RANDOM
Completed,0.56,3,2235,11,0.999,0.39136048399004497,100,EDFSMode.RANDOM
Completed,0.58,5,4685,1,0.6230609399461817,0.001,100,EDFSMode.RANDOM
Completed,0.57,2,2902,1,0.7775645776501623,0.354279129037423,100,EDFSMode.RANDOM
Completed,0.56,3,4158,100,0.25572970514463994,0.20350027447593758,345,EDFSMode.RANDOM
Completed,0.57,4,4161,100,0.001,0.3224338902977067,100,EDFSMode.RANDOM
Completed,0.57,3,4869,1,0.6034130278205515,0.2888483627903582,100,EDFSMode.RANDOM
Completed,0.57,3,4667,1,0.999,0.7829342606091232,100,EDFSMode.RANDOM
Completed,0.56,1,4440,19,0.001,0.001,289,EDFSMode.RANDOM
Completed,0.57,2,5000,1,0.001,0.7158272504741188,100,EDFSMode.RANDOM
Completed,0.57,4,5000,55,0.001,0.5801820849153925,100,EDFSMode.RANDOM
Completed,0.56,1,4987,1,0.001,0.23649534308554718,342,EDFSMode.RANDOM
Completed,0.56,5,5000,100,0.47857287053666764,0.8353430041722132,291,EDFSMode.RANDOM
Completed,0.56,1,5000,1,0.999,0.24831327393275707,251,EDFSMode.RANDOM
Completed,0.57,3,3642,100,0.001,0.7662735487693036,100,EDFSMode.RANDOM
Completed,0.56,2,4838,1,0.999,0.762924707847217,211,EDFSMode.RANDOM
Completed,0.56,2,4286,100,0.001,0.4813469684189384,328,EDFSMode.RANDOM
Completed,0.56,1,4263,45,0.001,0.999,299,EDFSMode.RANDOM
Completed,0.57,3,5000,37,0.001,0.001,100,EDFSMode.RANDOM
Completed,0.57,4,5000,48,0.001,0.4037628911803653,100,EDFSMode.RANDOM
Completed,0.57,4,5000,43,0.001,0.7477094191823959,100,EDFSMode.RANDOM
Completed,0.55,3,3802,64,0.506283667277133,0.841568678485421,350,EDFSMode.RANDOM
Completed,0.56,1,4893,1,0.001,0.14031792524185804,421,EDFSMode.RANDOM
Completed,0.56,4,4109,37,0.999,0.8170175357697557,275,EDFSMode.RANDOM
Completed,0.57,3,5000,1,0.001,0.3313458658678528,100,EDFSMode.RANDOM
Completed,0.56,2,5000,55,0.001,0.6076264240337602,218,EDFSMode.RANDOM
Completed,0.56,1,4156,1,0.001,0.001,370,EDFSMode.RANDOM
Completed,0.56,4,3947,41,0.5080969199456471,0.999,399,EDFSMode.RANDOM
Completed,0.56,1,5000,24,0.001,0.001,432,EDFSMode.RANDOM
Completed,0.57,4,5000,100,0.001,0.6108807885956817,100,EDFSMode.RANDOM
Completed,0.56,6,3941,66,0.999,0.7101240048546358,315,EDFSMode.RANDOM
Completed,0.55,1,4615,100,0.001,0.6413264577417771,1000,EDFSMode.RANDOM
Completed,0.56,1,4083,1,0.999,0.38393876704974206,313,EDFSMode.RANDOM
Completed,0.56,4,4368,100,0.4583100246427734,0.8696483317770929,374,EDFSMode.RANDOM
Completed,0.56,2,4998,63,0.001,0.40022150056797023,227,EDFSMode.RANDOM
Completed,0.57,3,3785,1,0.2861386467741753,0.6115459972336411,100,EDFSMode.RANDOM
Completed,0.55,0,2390,1,0.11165051595734052,0.3030119367772292,1000,EDFSMode.RANDOM
Completed,0.56,7,5000,23,0.40539693356565726,0.001,402,EDFSMode.RANDOM
Completed,0.56,7,4050,61,0.9045090756513524,0.44858761026163024,183,EDFSMode.RANDOM
Completed,0.55,1,305,100,0.1843489793860783,0.6824467352389865,680,EDFSMode.RANDOM
Completed,0.56,1,3277,1,0.5140141519065042,0.579982360975095,377,EDFSMode.RANDOM
Completed,0.56,7,1387,58,0.9486664247559191,0.42170942017749724,256,EDFSMode.RANDOM
Completed,0.56,1,4350,1,0.3375712125968946,0.14773657404919532,384,EDFSMode.RANDOM
Completed,0.57,4,4497,1,0.3362337218422404,0.1455533359980625,100,EDFSMode.RANDOM
Completed,0.55,1,485,1,0.3592596162191265,0.999,753,EDFSMode.RANDOM
Completed,0.55,0,213,1,0.6090556801581017,0.001,1000,EDFSMode.RANDOM
Completed,0.57,7,5000,66,0.2898333452526335,0.5291851255926403,100,EDFSMode.RANDOM
Completed,0.56,1,5000,1,0.001,0.999,384,EDFSMode.RANDOM
Completed,0.57,4,4584,26,0.26412113021742917,0.3686636735214818,100,EDFSMode.RANDOM
Completed,0.56,11,4861,100,0.5624500872003497,0.001,415,EDFSMode.RANDOM
Completed,0.57,12,4249,58,0.9596316034642715,0.4465097078582137,139,EDFSMode.RANDOM
Completed,0.55,2,662,41,0.567950355282681,0.001,689,EDFSMode.RANDOM
Completed,0.55,2,4577,1,0.39755212936933726,0.6149415452604552,794,EDFSMode.RANDOM
Completed,0.55,1,4597,45,0.001,0.999,879,EDFSMode.RANDOM
Completed,0.57,6,5000,45,0.38195761235514064,0.7567722001066207,100,EDFSMode.RANDOM
Completed,0.55,2,4885,1,0.3955841923238858,0.25260113017318714,853,EDFSMode.RANDOM
Completed,0.57,2,4665,1,0.6774453461800178,0.6080520069890395,134,EDFSMode.RANDOM
Completed,0.55,0,4025,1,0.41145767324806126,0.6762759972310443,1000,EDFSMode.RANDOM
Completed,0.56,1,5000,1,0.001,0.71140415511582,414,EDFSMode.RANDOM
Completed,0.55,0,2256,1,0.39382708247241505,0.999,1000,EDFSMode.RANDOM
Completed,0.55,46,337,30,0.6516700471500829,0.001,909,EDFSMode.RANDOM
Completed,0.55,1,5000,10,0.001,0.999,730,EDFSMode.RANDOM
Completed,0.57,2,4814,1,0.2856694311643984,0.3003983813769066,159,EDFSMode.RANDOM
Completed,0.55,1,2496,49,0.13114773640412836,0.999,1000,EDFSMode.RANDOM
Completed,0.55,2,4705,100,0.16176917290625578,0.7222779804167497,728,EDFSMode.RANDOM
Completed,0.56,1,5000,100,0.001,0.999,376,EDFSMode.RANDOM
Completed,0.56,3,4403,100,0.26946605615269487,0.6073427458605108,413,EDFSMode.RANDOM
Completed,0.55,1,2415,69,0.001,0.1826954433554127,369,EDFSMode.RANDOM
Completed,0.56,2,4400,71,0.001,0.001,188,EDFSMode.RANDOM
Completed,0.56,7,4494,100,0.999,0.8426930661553891,374,EDFSMode.RANDOM
Completed,0.55,79,641,100,0.3896730692399118,0.001,898,EDFSMode.RANDOM
Completed,0.56,14,4179,100,0.25378805539341626,0.001,210,EDFSMode.RANDOM
Completed,0.55,1,5000,1,0.999,0.999,443,EDFSMode.RANDOM
Completed,0.55,0,2171,1,0.001,0.001,1000,EDFSMode.RANDOM
Completed,0.57,2,4359,1,0.001,0.861888022877302,162,EDFSMode.RANDOM
Completed,0.56,2,5000,1,0.999,0.001,398,EDFSMode.RANDOM
Completed,0.57,3,5000,1,0.999,0.1876318772980142,100,EDFSMode.RANDOM
Completed,0.55,1,4975,70,0.001,0.181319011173703,454,EDFSMode.RANDOM
Completed,0.55,1,396,77,0.001,0.001,724,EDFSMode.RANDOM
Completed,0.57,3,5000,1,0.001,0.5211800310688145,100,EDFSMode.RANDOM
Completed,0.56,1,3476,100,0.001,0.19244303772009314,359,EDFSMode.RANDOM
Completed,0.55,1,4956,1,0.999,0.999,517,EDFSMode.RANDOM
Completed,0.57,14,5000,100,0.6567109313417197,0.4193545054393755,100,EDFSMode.RANDOM
Completed,0.56,1,4364,37,0.001,0.8096277038522741,392,EDFSMode.RANDOM
Completed,0.56,12,4624,61,0.999,0.999,399,EDFSMode.RANDOM
Completed,0.55,1,5000,100,0.001,0.1318616549646758,720,EDFSMode.RANDOM
Completed,0.56,1,4900,67,0.001,0.19862852762744887,384,EDFSMode.RANDOM
Completed,0.57,3,5000,1,0.2741902892313753,0.8373950113688166,100,EDFSMode.RANDOM
Completed,0.55,1,1767,1,0.6997550644400815,0.999,444,EDFSMode.RANDOM
Completed,0.55,61,4657,100,0.4514512563946046,0.001,827,EDFSMode.RANDOM
Completed,0.55,334,2844,100,0.999,0.001,734,EDFSMode.RANDOM
Completed,0.57,4,5000,100,0.17823713704177016,0.001,161,EDFSMode.RANDOM
Completed,0.55,3,1909,100,0.3935643734411998,0.001,1000,EDFSMode.RANDOM
Completed,0.55,1,4851,64,0.001,0.23466309995405926,1000,EDFSMode.RANDOM
Completed,0.55,1,4009,1,0.001,0.001,716,EDFSMode.RANDOM
Completed,0.57,2,4721,100,0.001,0.1379267342866289,143,EDFSMode.RANDOM
Completed,0.55,1,2943,66,0.001,0.04230811409244091,696,EDFSMode.RANDOM
Completed,0.55,2,5000,84,0.35928761746634236,0.12095585829733131,532,EDFSMode.RANDOM
Completed,0.55,4,5000,76,0.42260090216135987,0.1446056603906214,443,EDFSMode.RANDOM
Completed,0.56,2,4424,100,0.001,0.9421133398270446,204,EDFSMode.RANDOM
Completed,0.56,2,5000,1,0.5977562291404517,0.16734283637843167,193,EDFSMode.RANDOM
Completed,0.55,2,4776,90,0.32511428144117827,0.11516411231671003,580,EDFSMode.RANDOM
Completed,0.56,9,2445,100,0.8555805847716449,0.4790307744202251,186,EDFSMode.RANDOM
Completed,0.56,1,5000,1,0.6557821936575813,0.3008491882460758,271,EDFSMode.RANDOM
Completed,0.55,2,5000,71,0.41043450672392834,0.15171430786152054,573,EDFSMode.RANDOM
Completed,0.55,3,5000,81,0.3833305281018616,0.13115141032656535,488,EDFSMode.RANDOM
Completed,0.56,2,5000,1,0.3095176404097863,0.999,236,EDFSMode.RANDOM
Completed,0.56,3,5000,28,0.5679544949414183,0.24523079859054517,208,EDFSMode.RANDOM
Completed,0.55,3,5000,100,0.33156469123314086,0.22307940292845344,574,EDFSMode.RANDOM
Completed,0.56,4,5000,100,0.1944868881021785,0.999,233,EDFSMode.RANDOM
Completed,0.55,2,5000,100,0.23757032412625262,0.001,589,EDFSMode.RANDOM
Completed,0.57,4,5000,1,0.3573865043102575,0.001,100,EDFSMode.RANDOM
Completed,0.56,3,5000,64,0.5547425811622544,0.19643661051784111,391,EDFSMode.RANDOM
Completed,0.57,2,5000,23,0.22404426993558355,0.5844601457228231,170,EDFSMode.RANDOM
Completed,0.55,5,3789,79,0.3099628347496078,0.001,590,EDFSMode.RANDOM
Completed,0.56,4,4723,62,0.3546832304085332,0.999,206,EDFSMode.RANDOM
Completed,0.57,7,5000,1,0.6987397402025655,0.001,100,EDFSMode.RANDOM
Completed,0.56,3,4631,27,0.7217522753348278,0.19508792283807966,308,EDFSMode.RANDOM
Completed,0.55,3,4767,73,0.4974713220683454,0.26203037837236487,510,EDFSMode.RANDOM
Completed,0.56,12,3574,100,0.999,0.4848255157331568,247,EDFSMode.RANDOM
Completed,0.57,9,2888,100,0.3204472209324491,0.808104815323523,100,EDFSMode.RANDOM
Completed,0.57,3,5000,1,0.6745758252044161,0.8253227324932626,100,EDFSMode.RANDOM
Completed,0.57,8,5000,100,0.3111286203344459,0.8050138488622466,100,EDFSMode.RANDOM
Completed,0.56,2,5000,1,0.26967377556831984,0.6288758100238954,225,EDFSMode.RANDOM
Completed,0.57,2,5000,1,0.5819408969834646,0.13116260076942649,149,EDFSMode.RANDOM
Completed,0.55,3,4992,100,0.3201345077844234,0.167458377302127,506,EDFSMode.RANDOM
Completed,0.56,11,4272,100,0.895453068306304,0.4759069085041897,195,EDFSMode.RANDOM
Completed,0.56,2,4650,100,0.09417356122747007,0.001,298,EDFSMode.RANDOM
Completed,0.57,4,3431,100,0.13088785467908898,0.41069569840987324,130,EDFSMode.RANDOM
Completed,0.55,2,4465,29,0.17442309472693626,0.08066752630112015,473,EDFSMode.RANDOM
Completed,0.55,4,3111,100,0.5768327653252128,0.001,1000,EDFSMode.RANDOM
Completed,0.57,3,5000,1,0.5087801187870444,0.5947575920752856,100,EDFSMode.RANDOM
Completed,0.56,2,3228,1,0.149891297116117,0.001,185,EDFSMode.RANDOM
Completed,0.55,1,4111,17,0.7801442481748191,0.26239641534071145,516,EDFSMode.RANDOM
Completed,0.56,1,4922,1,0.16364220989905914,0.001,339,EDFSMode.RANDOM
Completed,0.55,4,1,100,0.5773421723381701,0.001,1000,EDFSMode.RANDOM
Completed,0.57,5,4786,100,0.12352331061522942,0.27765811405990226,100,EDFSMode.RANDOM
Completed,0.56,3,4353,100,0.1259751238809236,0.505884398970391,215,EDFSMode.RANDOM
Completed,0.55,0,5000,1,0.3694706237814689,0.001,1000,EDFSMode.RANDOM
Completed,0.56,1,4793,1,0.19903437922490416,0.3442082917831966,389,EDFSMode.RANDOM
Completed,0.57,10,5000,100,0.4706593788463956,0.5621191117402655,100,EDFSMode.RANDOM
Completed,0.56,2,4082,14,0.8068505047180611,0.3139443466030352,428,EDFSMode.RANDOM
Completed,0.56,5,4526,100,0.6374910646355949,0.999,355,EDFSMode.RANDOM
Completed,0.57,5,4876,100,0.13921527473413878,0.5508329236757301,100,EDFSMode.RANDOM
Completed,0.57,6,4962,40,0.48956582765892503,0.4615537103587926,100,EDFSMode.RANDOM
Completed,0.55,1,3660,1,0.19568479680541456,0.001,551,EDFSMode.RANDOM
Completed,0.55,1,5000,1,0.2142985354108287,0.24433805013450113,600,EDFSMode.RANDOM
Completed,0.56,2,4559,100,0.10318302121355957,0.001,408,EDFSMode.RANDOM
Completed,0.57,3,5000,100,0.12064327692048282,0.7006952041593605,172,EDFSMode.RANDOM
Completed,0.56,1,4617,1,0.7222544349072402,0.6411060918494536,285,EDFSMode.RANDOM
Completed,0.58,3,5000,1,0.1372392772069739,0.001,100,EDFSMode.RANDOM
Completed,0.55,1,4687,1,0.7513320519562304,0.37060428883053464,568,EDFSMode.RANDOM
Completed,0.56,2,4590,1,0.1661066180832805,0.05764939811975805,248,EDFSMode.RANDOM
Completed,0.55,1,3045,1,0.2551018510806554,0.45453456593328934,478,EDFSMode.RANDOM
Completed,0.55,1,5000,1,0.17303589046455126,0.001,426,EDFSMode.RANDOM
Completed,0.57,6,4738,35,0.5481973055083255,0.5940268873538428,100,EDFSMode.RANDOM
Completed,0.56,3,4863,25,0.7024375724971657,0.6293602117562216,333,EDFSMode.RANDOM
Completed,0.56,8,3725,100,0.999,0.4766268825552205,407,EDFSMode.RANDOM
Completed,0.55,1,3721,29,0.001,0.7440234726003531,554,EDFSMode.RANDOM
Completed,0.56,2,4556,1,0.001,0.999,236,EDFSMode.RANDOM
Completed,0.55,2,4792,51,0.001,0.999,445,EDFSMode.RANDOM
Completed,0.55,3,1833,1,0.5830822680398268,0.16803482591097912,664,EDFSMode.RANDOM
Completed,0.56,6,4401,62,0.574750034589208,0.40013813331197556,189,EDFSMode.RANDOM
Completed,0.57,3,4778,1,0.999,0.24466075419443642,163,EDFSMode.RANDOM
Completed,0.56,2,5000,28,0.1428248318150448,0.27531354323954377,270,EDFSMode.RANDOM
Completed,0.55,0,1555,1,0.999,0.11449253640042632,1000,EDFSMode.RANDOM
Completed,0.56,2,5000,22,0.001,0.20640783976168262,181,EDFSMode.RANDOM
Completed,0.55,2,4485,100,0.001,0.6176026176667188,493,EDFSMode.RANDOM
Completed,0.56,6,3569,100,0.8557036680824494,0.33151603412374897,373,EDFSMode.RANDOM
Completed,0.55,1,1592,51,0.001,0.6609020806745488,674,EDFSMode.RANDOM
Completed,0.56,1,4810,1,0.999,0.7158294590764624,347,EDFSMode.RANDOM
Completed,0.55,3,4618,100,0.5539213686941192,0.999,562,EDFSMode.RANDOM
Completed,0.56,1,3799,1,0.001,0.8499915125780905,294,EDFSMode.RANDOM
Completed,0.55,0,2153,1,0.001,0.999,544,EDFSMode.RANDOM
Completed,0.56,1,4092,35,0.001,0.47852603377442504,366,EDFSMode.RANDOM
Completed,0.56,18,3646,53,0.8107026498519775,0.836266322616205,394,EDFSMode.RANDOM
Completed,0.55,0,1,1,0.001,0.6950657673858426,1000,EDFSMode.RANDOM
Completed,0.56,4,5000,38,0.6843476128747474,0.999,244,EDFSMode.RANDOM
Completed,0.57,3,5000,100,0.001,0.5305371814383218,172,EDFSMode.RANDOM
Completed,0.55,0,1,20,0.001,0.5757288806858628,717,EDFSMode.RANDOM
Completed,0.56,2,5000,64,0.001,0.001,329,EDFSMode.RANDOM
Completed,0.55,0,4734,1,0.999,0.001,1000,EDFSMode.RANDOM
Completed,0.56,6,5000,69,0.999,0.332847473231529,412,EDFSMode.RANDOM
Completed,0.56,3,4754,1,0.001,0.15474803114742597,151,EDFSMode.RANDOM
Completed,0.56,2,5000,71,0.18108673291234373,0.6688984919806181,290,EDFSMode.RANDOM
Completed,0.55,1,2737,1,0.001,0.6439207110246679,638,EDFSMode.RANDOM
Completed,0.55,1,587,51,0.001,0.001,1000,EDFSMode.RANDOM
Completed,0.58,16,5000,100,0.999,0.360130486195852,122,EDFSMode.RANDOM
Completed,0.57,11,5000,100,0.28869039434259175,0.001,118,EDFSMode.RANDOM
Completed,0.55,4,1136,100,0.001,0.49731397427979435,798,EDFSMode.RANDOM
Completed,0.56,3,3684,70,0.2600908877939582,0.999,401,EDFSMode.RANDOM
Completed,0.56,2,4937,36,0.3005006053642342,0.6998138334854758,403,EDFSMode.RANDOM
Completed,0.56,1,3209,1,0.999,0.2190236097623022,410,EDFSMode.RANDOM
Completed,0.57,7,5000,1,0.999,0.001,118,EDFSMode.RANDOM
Completed,0.56,1,3591,1,0.7574200290767503,0.5241748014145676,399,EDFSMode.RANDOM
Completed,0.55,1,853,39,0.001,0.2799331628029047,764,EDFSMode.RANDOM
Completed,0.55,13,4893,100,0.2507909064749033,0.999,891,EDFSMode.RANDOM
Completed,0.55,1,435,1,0.6516467212931003,0.999,644,EDFSMode.RANDOM
Completed,0.55,1,868,100,0.001,0.999,776,EDFSMode.RANDOM
Completed,0.58,3,5000,1,0.846350249591605,0.20924572241146652,120,EDFSMode.RANDOM
Completed,0.57,2,2984,14,0.4961389563032601,0.4264037279747888,156,EDFSMode.RANDOM
Completed,0.55,18,472,45,0.3040869868430489,0.999,825,EDFSMode.RANDOM
Completed,0.55,1,2336,1,0.001,0.2575141755577584,840,EDFSMode.RANDOM
Completed,0.55,1,4166,1,0.1714377377852692,0.8534318459157171,882,EDFSMode.RANDOM
Completed,0.56,2,3843,29,0.20531146310029058,0.999,386,EDFSMode.RANDOM
Completed,0.56,4,4640,100,0.277792554115054,0.999,399,EDFSMode.RANDOM
Completed,0.56,7,3549,23,0.999,0.2191164919687474,397,EDFSMode.RANDOM
Completed,0.55,1,3242,55,0.001,0.8012396721406091,1000,EDFSMode.RANDOM
Completed,0.56,31,4723,66,0.8013687717968201,0.3586492476608206,389,EDFSMode.RANDOM
Completed,0.55,1,4884,100,0.001,0.999,667,EDFSMode.RANDOM
Completed,0.55,68,2543,65,0.39498996487303273,0.999,737,EDFSMode.RANDOM
Completed,0.55,2,678,1,0.3069148449506493,0.7167128650182244,641,EDFSMode.RANDOM
Completed,0.55,25,2337,100,0.26623683525577524,0.999,833,EDFSMode.RANDOM
Completed,0.55,1,4955,1,0.663721585042225,0.999,663,EDFSMode.RANDOM
Completed,0.56,6,3444,63,0.999,0.999,259,EDFSMode.RANDOM
Completed,0.55,2,2022,20,0.999,0.9127662543514405,143,EDFSMode.RANDOM
Completed,0.55,1,188,100,0.001,0.3928634094937874,958,EDFSMode.RANDOM
Completed,0.57,7,3264,60,0.7199587574700944,0.8246704120199007,143,EDFSMode.RANDOM
Completed,0.56,9,3333,100,0.999,0.32346830145420113,267,EDFSMode.RANDOM
Completed,0.56,7,4799,100,0.6815124457397767,0.24383210576846792,266,EDFSMode.RANDOM
Completed,0.56,80,4734,100,0.999,0.24464753208745113,384,EDFSMode.RANDOM
Completed,0.58,7,5000,38,0.8077095961187788,0.8095260200239093,122,EDFSMode.RANDOM
Completed,0.57,2,4386,33,0.001,0.9072515549520633,144,EDFSMode.RANDOM
Completed,0.57,9,4292,100,0.6922035694287697,0.32612755404347893,173,EDFSMode.RANDOM
Completed,0.57,2,3795,1,0.999,0.6088419743140265,141,EDFSMode.RANDOM
Completed,0.57,7,3962,68,0.627993962681476,0.8186850724695618,144,EDFSMode.RANDOM
Completed,0.58,3,5000,68,0.001,0.21956044072573577,124,EDFSMode.RANDOM
Completed,0.57,3,4920,23,0.001,0.001,137,EDFSMode.RANDOM
Completed,0.57,2,5000,1,0.999,0.999,163,EDFSMode.RANDOM
Completed,0.57,3,4727,72,0.001,0.8423756885939274,134,EDFSMode.RANDOM
Completed,0.58,5,5000,22,0.999,0.327353378671431,121,EDFSMode.RANDOM
Completed,0.58,7,5000,24,0.999,0.7671524724204468,123,EDFSMode.RANDOM
Completed,0.56,9,4481,100,0.6939763798313546,0.3159276644959576,188,EDFSMode.RANDOM
Completed,0.57,7,4226,45,0.7844560216719576,0.7847055334550866,159,EDFSMode.RANDOM
Completed,0.57,3,4459,21,0.001,0.14425265316415237,100,EDFSMode.RANDOM
Completed,0.57,2,3974,29,0.001,0.001,158,EDFSMode.RANDOM
Completed,0.56,7,5000,7,0.999,0.5467244405222368,386,EDFSMode.RANDOM
Completed,0.57,8,5000,69,0.6461719047470462,0.826317499070109,127,EDFSMode.RANDOM
Completed,0.56,1,4797,1,0.6127572510780069,0.24698255241450534,385,EDFSMode.RANDOM
Completed,0.58,2,4996,39,0.001,0.999,155,EDFSMode.RANDOM
Completed,0.57,9,4190,100,0.5969856407444224,0.8518134100888194,148,EDFSMode.RANDOM
Completed,0.57,2,4744,1,0.20144237614375252,0.43600263605157746,112,EDFSMode.RANDOM
Completed,0.57,2,5000,71,0.001,0.999,164,EDFSMode.RANDOM
Completed,0.57,4,4327,21,0.999,0.6555002287677282,163,EDFSMode.RANDOM
Completed,0.57,5,5000,13,0.8515846679894303,0.6901932406725954,118,EDFSMode.RANDOM
Completed,0.57,6,5000,58,0.59096208857515,0.7911111778229712,168,EDFSMode.RANDOM
Completed,0.57,10,3598,100,0.6858241188326465,0.3381389743333151,155,EDFSMode.RANDOM
Completed,0.55,2,1467,48,0.6051990763861596,0.029361585485038717,546,EDFSMode.RANDOM
Completed,0.56,3,1984,39,0.6194024848484257,0.06821348248856804,427,EDFSMode.RANDOM
Completed,0.56,3,4963,36,0.3404440933941373,0.43367576156920384,285,EDFSMode.RANDOM
Completed,0.56,10,3536,100,0.999,0.999,402,EDFSMode.RANDOM
Completed,0.56,2,4417,34,0.6231076985206261,0.0831675836211777,404,EDFSMode.RANDOM
Completed,0.57,5,4702,64,0.23130869568474974,0.2691766370125023,140,EDFSMode.RANDOM
Completed,0.55,1,375,100,0.001,0.001,578,EDFSMode.RANDOM
Completed,0.56,3,4757,51,0.5752625777911754,0.001,429,EDFSMode.RANDOM
Completed,0.56,1,3077,100,0.001,0.001,426,EDFSMode.RANDOM
Completed,0.57,4,4947,48,0.3357019334482175,0.34840457919299195,166,EDFSMode.RANDOM
Completed,0.58,4,4814,20,0.6547904204001045,0.999,119,EDFSMode.RANDOM
Completed,0.55,2,2509,41,0.6216377233559442,0.04689875512522256,452,EDFSMode.RANDOM
Completed,0.56,1,4715,1,0.6877928192995131,0.804365383205576,398,EDFSMode.RANDOM
Completed,0.55,4,4482,51,0.5937512232064925,0.001,560,EDFSMode.RANDOM
Completed,0.55,3,3337,1,0.999,0.999,934,EDFSMode.RANDOM
Completed,0.55,2,1005,100,0.2596790272430245,0.4585549005405585,1000,EDFSMode.RANDOM
Completed,0.58,16,5000,100,0.9802417973031503,0.42940888125725785,125,EDFSMode.RANDOM
Completed,0.58,5,4672,100,0.12845522022785488,0.12973230278877465,123,EDFSMode.RANDOM
Completed,0.55,0,447,1,0.999,0.999,1000,EDFSMode.RANDOM
Completed,0.55,2,900,100,0.17309851428632034,0.833030659201243,1000,EDFSMode.RANDOM
Completed,0.57,2,4679,21,0.001,0.5967020345597874,131,EDFSMode.RANDOM
Completed,0.56,1,4856,1,0.001,0.4596341226426304,398,EDFSMode.RANDOM
Completed,0.57,3,4885,57,0.14197782574550508,0.8791405472165281,150,EDFSMode.RANDOM
Completed,0.56,5,4235,100,0.6901283269509566,0.8319925332781485,403,EDFSMode.RANDOM
Completed,0.55,3,4142,100,0.2766838310904961,0.478438800932647,955,EDFSMode.RANDOM
Completed,0.55,1,260,1,0.6483686717192008,0.7827797456761373,578,EDFSMode.RANDOM
Completed,0.58,4,4346,36,0.16624808389536946,0.001,126,EDFSMode.RANDOM
Completed,0.55,2,4475,100,0.28850325727212633,0.7598529784938705,1000,EDFSMode.RANDOM
Completed,0.55,1,866,31,0.3375915648390307,0.3777157479390868,1000,EDFSMode.RANDOM
Completed,0.57,3,4851,18,0.27215201740362305,0.12913249916133476,132,EDFSMode.RANDOM
Completed,0.56,1,3808,73,0.001,0.6395269348756462,400,EDFSMode.RANDOM
Completed,0.55,0,4499,1,0.5137768199225846,0.30025282016796045,1000,EDFSMode.RANDOM
Completed,0.55,2,910,1,0.7155311670353666,0.999,956,EDFSMode.RANDOM
Completed,0.55,1,2712,1,0.8317415978723365,0.1486001093098753,426,EDFSMode.RANDOM
Completed,0.56,1,4235,1,0.4339297008277847,0.999,396,EDFSMode.RANDOM
Completed,0.55,6,4525,23,0.22264894927438195,0.8970045442621462,933,EDFSMode.RANDOM
Completed,0.55,0,1806,1,0.718426275932084,0.830119622657467,1000,EDFSMode.RANDOM
Completed,0.55,1,2377,74,0.001,0.8704186091462407,420,EDFSMode.RANDOM
Completed,0.55,0,134,24,0.17122069581566723,0.8890268064676328,647,EDFSMode.RANDOM
Completed,0.58,4,5000,81,0.001,0.4397423901004986,125,EDFSMode.RANDOM
Completed,0.56,3,4743,22,0.507638839627917,0.7837165382315565,398,EDFSMode.RANDOM
Completed,0.55,4,501,100,0.5497097788243068,0.22081177827735243,414,EDFSMode.RANDOM
Completed,0.55,0,4689,1,0.8278263510198062,0.6899388030975077,995,EDFSMode.RANDOM
Completed,0.56,1,3619,28,0.001,0.2566570479856974,411,EDFSMode.RANDOM
Completed,0.55,0,3988,1,0.626580775789998,0.45752616436504856,1000,EDFSMode.RANDOM
Completed,0.56,3,4936,74,0.3037502835046742,0.734836096696647,425,EDFSMode.RANDOM
Completed,0.55,3,84,100,0.44479904953211347,0.7352808918284316,556,EDFSMode.RANDOM
Completed,0.55,3,4671,1,0.6677821168413135,0.999,912,EDFSMode.RANDOM
Completed,0.56,1,4516,84,0.001,0.3785812789583133,395,EDFSMode.RANDOM
Completed,0.55,1,3873,32,0.11473240240104705,0.8576999657906301,763,EDFSMode.RANDOM
Completed,0.58,3,4819,82,0.001,0.6749074505226287,154,EDFSMode.RANDOM
Completed,0.57,2,4458,25,0.23618849881554932,0.9266423319910765,156,EDFSMode.RANDOM
Completed,0.55,1,304,50,0.001,0.5147657368331552,982,EDFSMode.RANDOM
Completed,0.56,2,3478,69,0.16264614923539045,0.3702291214276058,380,EDFSMode.RANDOM
Completed,0.55,1,460,32,0.23870802956870382,0.5454280797333919,634,EDFSMode.RANDOM
Completed,0.55,0,806,1,0.5116960447880077,0.21007277916988962,1000,EDFSMode.RANDOM
Completed,0.57,2,4177,1,0.1388541840344938,0.7450122689728967,144,EDFSMode.RANDOM
Completed,0.55,0,431,1,0.7297258599679203,0.999,1000,EDFSMode.RANDOM
Completed,0.57,2,4930,1,0.4477401076749747,0.7880447573700862,131,EDFSMode.RANDOM
Completed,0.56,2,3834,1,0.45490452516876456,0.001,264,EDFSMode.RANDOM
Completed,0.55,1,4364,1,0.9211835637796993,0.001,532,EDFSMode.RANDOM
Completed,0.56,3,3435,41,0.4361254064998037,0.6425104315062312,234,EDFSMode.RANDOM
Completed,0.56,1,4831,1,0.001,0.6398611125782132,240,EDFSMode.RANDOM
Completed,0.55,1,3275,100,0.001,0.8529820650852559,542,EDFSMode.RANDOM
Completed,0.56,2,4729,27,0.2162891070002161,0.001,259,EDFSMode.RANDOM
Completed,0.56,2,4890,26,0.3691612678518767,0.18159204999909917,295,EDFSMode.RANDOM
Completed,0.56,3,4776,18,0.5678911495505723,0.560568357538461,200,EDFSMode.RANDOM
Completed,0.55,15,4958,17,0.8538534353486144,0.001,485,EDFSMode.RANDOM
Completed,0.55,4,4045,100,0.506939102766024,0.42368299527978587,550,EDFSMode.RANDOM
Completed,0.55,1,4247,1,0.5720605221089476,0.38047253335865977,459,EDFSMode.RANDOM
Completed,0.55,1,2219,1,0.5658066022319396,0.999,248,EDFSMode.RANDOM
Completed,0.55,2,2012,65,0.5545984771982089,0.15213302401927195,623,EDFSMode.RANDOM
Completed,0.55,5,3158,100,0.6974675123429663,0.999,469,EDFSMode.RANDOM
Completed,0.56,2,4569,26,0.001,0.7269601345755811,212,EDFSMode.RANDOM
Completed,0.56,2,4412,27,0.25575080314583626,0.8451840058950404,270,EDFSMode.RANDOM
Completed,0.56,2,4733,100,0.001,0.001,214,EDFSMode.RANDOM
Completed,0.55,1,3161,74,0.001,0.8568668135747339,613,EDFSMode.RANDOM
Completed,0.55,4,4539,100,0.521794219682075,0.999,458,EDFSMode.RANDOM
Completed,0.56,1,4748,1,0.5183469430244388,0.4026378528504227,319,EDFSMode.RANDOM
Completed,0.56,2,3623,100,0.001,0.30247754172176367,221,EDFSMode.RANDOM
Completed,0.56,1,4778,21,0.43170157069363946,0.311659825402526,351,EDFSMode.RANDOM
Completed,0.56,3,4566,19,0.9333105397375053,0.999,318,EDFSMode.RANDOM
Completed,0.55,5,4127,100,0.8897278562322061,0.999,536,EDFSMode.RANDOM
Completed,0.56,4,4935,64,0.40294326957333193,0.6413132151271994,221,EDFSMode.RANDOM
Completed,0.56,7,4453,76,0.999,0.38368871952382005,261,EDFSMode.RANDOM
Completed,0.55,1,3592,1,0.001,0.39554290596572167,549,EDFSMode.RANDOM
Completed,0.56,2,4709,13,0.001,0.41591036598070763,176,EDFSMode.RANDOM
Completed,0.56,4,4992,37,0.3823251764850502,0.8005516484550379,200,EDFSMode.RANDOM
Completed,0.57,4,5000,18,0.1540428766694622,0.712190903274019,100,EDFSMode.RANDOM
Completed,0.55,2,1649,76,0.1640409567620325,0.5981506232693977,1000,EDFSMode.RANDOM
Completed,0.55,1,3356,85,0.001,0.29377603713060285,668,EDFSMode.RANDOM
Completed,0.55,1,4744,1,0.001,0.5040901961722609,897,EDFSMode.RANDOM
Completed,0.55,3,4885,79,0.5646895279507758,0.001,1000,EDFSMode.RANDOM
Completed,0.55,1,4771,78,0.001,0.001,1000,EDFSMode.RANDOM
Completed,0.56,2,4435,51,0.20540611034265063,0.885590945007326,404,EDFSMode.RANDOM
Completed,0.56,9,3506,38,0.999,0.3656862887853927,281,EDFSMode.RANDOM
Completed,0.56,1,4245,1,0.8844387558942576,0.862809022443716,403,EDFSMode.RANDOM
Completed,0.55,4,4570,72,0.001,0.395999639981439,826,EDFSMode.RANDOM
Completed,0.55,1,3169,23,0.001,0.24238479030443205,990,EDFSMode.RANDOM
Completed,0.55,3,399,79,0.5693802028216981,0.001,1000,EDFSMode.RANDOM
Completed,0.56,1,1140,100,0.001,0.7490334089843332,263,EDFSMode.RANDOM
Completed,0.56,1,4306,1,0.903910835984678,0.5358587958454625,272,EDFSMode.RANDOM
Completed,0.56,1,2869,1,0.1804387628226547,0.999,393,EDFSMode.RANDOM
Completed,0.55,1,2653,76,0.001,0.999,913,EDFSMode.RANDOM
Completed,0.58,2,5000,1,0.855081610182208,0.8540525736875436,126,EDFSMode.RANDOM
Completed,0.56,1,3906,81,0.001,0.999,401,EDFSMode.RANDOM
Completed,0.55,1,3105,100,0.001,0.1910439876306259,1000,EDFSMode.RANDOM
Completed,0.56,22,3566,81,0.999,0.8430115823734544,397,EDFSMode.RANDOM
Completed,0.56,3,1403,75,0.2794500091403342,0.4422575718560933,246,EDFSMode.RANDOM
Completed,0.55,1,2942,31,0.001,0.001,677,EDFSMode.RANDOM
Completed,0.56,2,1495,83,0.001,0.12620562345544145,255,EDFSMode.RANDOM
Completed,0.55,2,553,1,0.2884777582481767,0.001,838,EDFSMode.RANDOM
Completed,0.55,1,38,1,0.36743898051117174,0.001,753,EDFSMode.RANDOM
Completed,0.56,2,3217,29,0.4208206600859207,0.999,279,EDFSMode.RANDOM
Completed,0.56,7,4867,73,0.999,0.8717404598332807,274,EDFSMode.RANDOM
Completed,0.56,1,4734,43,0.001,0.07880024433192254,281,EDFSMode.RANDOM
Completed,0.55,2,1479,74,0.001,0.86224014174705,841,EDFSMode.RANDOM
Completed,0.55,3,3984,70,0.001,0.690028127196909,819,EDFSMode.RANDOM
Completed,0.56,2,4274,53,0.14336180954711605,0.18157394777594335,287,EDFSMode.RANDOM
Completed,0.57,2,2584,58,0.08212867426179365,0.001,129,EDFSMode.RANDOM
Completed,0.55,1,3429,1,0.16738051588772077,0.999,870,EDFSMode.RANDOM
Completed,0.55,2,3762,1,0.5202851141655431,0.8063884046846836,774,EDFSMode.RANDOM
Completed,0.55,4,243,100,0.5938946530159694,0.17534789159877298,1000,EDFSMode.RANDOM
Completed,0.57,1,2583,1,0.1872034054538891,0.999,136,EDFSMode.RANDOM
Completed,0.55,1,3080,1,0.17047111415020647,0.11863285564000334,1000,EDFSMode.RANDOM
Completed,0.57,4,3346,28,0.6389633277899853,0.3565977258766047,144,EDFSMode.RANDOM
Completed,0.55,2,44,1,0.210981427983695,0.39391945982195176,799,EDFSMode.RANDOM
Completed,0.55,0,231,47,0.001,0.999,655,EDFSMode.RANDOM
Completed,0.56,2,3929,28,0.4050162836676637,0.4998376462527267,407,EDFSMode.RANDOM
Completed,0.56,2,3996,20,0.1682110426528618,0.44879140605958173,395,EDFSMode.RANDOM
Completed,0.55,1,3747,17,0.001,0.001,847,EDFSMode.RANDOM
Completed,0.56,1,3565,17,0.07715461007858718,0.607451062824187,401,EDFSMode.RANDOM
Completed,0.55,17,2101,100,0.5284534378006079,0.6447654956484785,395,EDFSMode.RANDOM
Completed,0.56,1,3464,36,0.19474699393870643,0.2999441763236912,404,EDFSMode.RANDOM
Completed,0.56,1,3289,59,0.001,0.8416297241445535,265,EDFSMode.RANDOM
Completed,0.55,0,416,1,0.5383106189595677,0.5961315826335027,548,EDFSMode.RANDOM
Completed,0.55,9,4620,27,0.22193463494155174,0.3959820449679543,818,EDFSMode.RANDOM
Completed,0.58,3,5000,100,0.001,0.8683960604376114,128,EDFSMode.RANDOM
Completed,0.56,6,4567,100,0.49876325284053874,0.6776336079892559,400,EDFSMode.RANDOM
Completed,0.55,1,4795,100,0.001,0.18488814096277756,550,EDFSMode.RANDOM
Completed,0.55,0,84,1,0.18687754828153014,0.999,928,EDFSMode.RANDOM
Failed,,,2412,23,0.999,0.5264802325055166,100,EDFSMode.RANDOM
