Status,trial_index,arm_name,trial_status,generation_node,ACCURACY,RUNTIME,REQLABELS,recent_samples_size,batch_size,gamma,alpha,use_mmd2,use_k2s_test
Completed,0,0,COMPLETED,0,0.55,1,0,1314,1793,1.8137425851470776,0.05,True,False
Completed,1,10,COMPLETED,0,0.55,1,0,3882,5000,10.0,0.0211505532009937,True,False
Completed,2,20,COMPLETED,0,0.56,1,0,968,152,0.001,0.0005,True,False
Completed,3,30,COMPLETED,0,0.55,0,0,1728,932,10.0,0.0172157685414294,False,False
Completed,4,40,COMPLETED,0,0.55,0,0,3278,3661,5.301887682220713,0.0005,False,False
Completed,5,50,COMPLETED,0,0.55,0,0,5000,5000,6.569842498545198,0.0137504731117972,False,False
Completed,6,60,COMPLETED,0,0.55,3,0,4352,2,0.001,0.0364347873880107,False,False
Completed,7,70,COMPLETED,0,0.55,0,0,2990,5000,5.19117443284263,0.0365091885765195,False,False
Completed,8,80,COMPLETED,0,0.56,5,0,1632,2,0.001,0.0078906683527555,True,False
Completed,9,90,COMPLETED,0,0.55,1,0,4519,1347,2.706111258464359,0.0005,True,False
Completed,10,100,COMPLETED,0,0.55,0,0,1,3915,10.0,0.0169382030444442,False,False
Completed,11,110,COMPLETED,0,0.55,1,0,2239,3121,10.0,0.05,True,False
Completed,12,120,COMPLETED,0,0.56,5,0,4303,2,1.288598268281643,0.0005,True,False
Completed,13,130,COMPLETED,0,0.55,1,0,1302,5000,10.0,0.0186190642776538,True,False
Completed,14,140,COMPLETED,0,0.55,0,0,4718,1686,10.0,0.0005,False,False
Completed,15,150,COMPLETED,0,0.55,0,0,1,3915,9.938292325544936,0.0070218452238879,False,False
Completed,16,160,COMPLETED,0,0.55,0,0,3353,5000,3.00360076703032,0.0005,False,False
Completed,17,170,COMPLETED,0,0.55,0,0,5000,5000,0.001,0.0464696977331015,False,False
Completed,18,180,COMPLETED,0,0.56,5,0,4055,2,0.001,0.0372968262240776,True,False
Completed,19,190,COMPLETED,0,0.56,126,0,1,456,10.0,0.05,True,True
Completed,20,200,COMPLETED,0,0.56,136,0,1,535,10.0,0.05,False,True
Completed,21,210,COMPLETED,0,0.56,331,0,653,2,10.0,0.05,True,True
Completed,22,220,COMPLETED,0,0.55,0,0,1728,932,10.0,0.0404669814973917,False,False
Completed,23,230,COMPLETED,0,0.55,1,0,177,238,0.001,0.0245592173198089,True,False
Completed,24,240,COMPLETED,0,0.55,1,0,5000,1782,0.001,0.0161600193818966,True,False
Completed,25,250,COMPLETED,0,0.55,1,0,3758,253,0.001,0.05,True,False
Completed,26,260,COMPLETED,0,0.55,0,0,3698,3812,5.083852663532589,0.05,False,False
Completed,27,270,COMPLETED,0,0.55,0,0,1125,778,5.22354530163868,0.05,False,False
Completed,28,280,COMPLETED,0,0.55,0,0,1662,1792,10.0,0.0005,False,False
Completed,29,290,COMPLETED,0,0.55,1,0,1465,5000,0.001,0.0244548202512131,True,False
Completed,30,300,COMPLETED,0,0.56,1,0,1272,158,0.001,0.0433040993758488,True,False
Completed,31,310,COMPLETED,0,0.55,1,0,1642,1677,10.0,0.013666785258688,True,False
Completed,32,320,COMPLETED,0,0.56,1,0,3943,148,0.001,0.0148473306536454,True,False
Completed,33,330,COMPLETED,0,0.55,1,0,3377,3377,0.7232126352217596,0.0071965074131021,True,False
Completed,34,340,COMPLETED,0,0.55,1,0,1015,2848,7.989402605548423,0.0005,True,False
Completed,35,350,COMPLETED,0,0.55,1,0,1349,2035,2.637779883224868,0.0005,True,False
Completed,36,360,COMPLETED,0,0.55,1,0,1095,4829,3.007202501108153,0.0077970556017573,True,False
Completed,37,370,COMPLETED,0,0.55,2,0,3345,2,0.001,0.0005,False,False
Completed,38,380,COMPLETED,0,0.55,1,0,3830,1347,0.001,0.0005,True,False
Completed,39,390,COMPLETED,0,0.56,5,0,1820,2,0.001,0.0452493215568782,True,False
Completed,40,400,COMPLETED,0,0.55,1,0,3278,3661,5.197856287550833,0.0005,True,False
Completed,41,410,COMPLETED,0,0.55,3,0,1044,2,8.783780069757196,0.0495892132895557,False,False
Completed,42,420,COMPLETED,0,0.55,0,0,709,4313,7.379077596219291,0.0361015017298544,False,False
Completed,43,430,COMPLETED,0,0.55,1,0,1,2092,0.001,0.0359928107299053,True,False
Completed,44,440,COMPLETED,0,0.55,1,0,1,1265,0.001,0.0286434023254494,True,False
Completed,45,450,COMPLETED,0,0.56,5,0,4352,2,0.001,0.0104827706085765,True,False
Completed,46,460,COMPLETED,0,0.55,0,0,1497,1857,6.069846974823315,0.0005,False,False
Completed,47,470,COMPLETED,0,0.55,0,0,662,5000,0.9342119607399292,0.0005,False,False
Completed,48,480,COMPLETED,0,0.56,1,0,2047,128,0.001,0.0448734606836886,True,False
Completed,49,490,COMPLETED,0,0.56,88,0,1,448,5.175056854183642,0.05,True,True
Completed,50,500,COMPLETED,0,0.56,137,0,939,2,0.001,0.05,True,True
Completed,51,510,COMPLETED,0,0.55,285,0,3105,2,10.0,0.05,True,False
Completed,52,520,COMPLETED,0,0.55,0,0,1225,1825,6.808308823165403,0.05,False,False
Completed,53,530,COMPLETED,0,0.55,0,0,1,3370,0.001,0.0151893763858192,False,False
Completed,54,540,COMPLETED,0,0.56,1,0,4038,44,0.001,0.0298266191185678,True,False
Completed,55,550,COMPLETED,0,0.55,1,0,5000,3295,2.084947465312465,0.05,True,False
Completed,56,560,COMPLETED,0,0.55,1,0,898,2082,10.0,0.05,True,False
Completed,57,570,COMPLETED,0,0.55,0,0,4322,2184,0.001,0.0278162160974357,False,False
Completed,58,580,COMPLETED,0,0.55,1,0,3505,2534,10.0,0.0005,True,False
Completed,59,590,COMPLETED,0,0.55,1,0,1,5000,0.4153772875349677,0.0344644282745245,True,False
Completed,60,600,COMPLETED,0,0.55,0,0,1724,1758,10.0,0.05,False,False
Completed,61,610,COMPLETED,0,0.55,1,0,4044,4038,3.039519367341604,0.0179677807015286,True,False
Completed,62,620,COMPLETED,0,0.55,1,0,2547,213,0.001,0.0027089496981216,True,False
Completed,63,630,COMPLETED,0,0.55,1,0,3259,2149,6.433756898072496,0.05,True,False
Completed,64,640,COMPLETED,0,0.55,1,0,1403,1778,0.001,0.0125516800266564,True,False
Completed,65,650,COMPLETED,0,0.55,0,0,5000,1703,4.713808177078319,0.05,False,False
Completed,66,660,COMPLETED,0,0.55,1,0,5000,3799,0.001,0.0005,True,False
Completed,67,670,COMPLETED,0,0.55,1,0,1,2275,7.569026120682341,0.0071142049726783,True,False
Completed,68,680,COMPLETED,0,0.55,0,0,1065,783,0.001,0.0005,False,False
Completed,69,690,COMPLETED,0,0.55,0,0,5000,3391,5.620894827843519,0.05,False,False
Completed,70,700,COMPLETED,0,0.55,1,0,1642,1677,10.0,0.0286461414615893,True,False
Completed,71,710,COMPLETED,0,0.55,0,0,1,2054,0.001,0.05,False,False
Completed,72,720,COMPLETED,0,0.55,1,0,5000,213,0.001,0.0134527448539572,True,False
Completed,73,730,COMPLETED,0,0.55,1,0,4167,2576,4.351818803991603,0.05,True,False
Completed,74,740,COMPLETED,0,0.55,1,0,1465,5000,2.07377753467332,0.0379726301638234,True,False
Completed,75,750,COMPLETED,0,0.56,1,0,2647,159,0.001,0.05,True,False
Completed,76,760,COMPLETED,0,0.55,0,0,4901,980,3.903584278244865,0.0095313360505803,False,False
Completed,77,770,COMPLETED,0,0.56,1,0,3827,159,0.001,0.0084317738641942,True,False
Completed,78,780,COMPLETED,0,0.55,0,0,1642,1677,10.0,0.0147804902695678,False,False
Completed,79,790,COMPLETED,0,0.56,5,0,939,2,0.001,0.039989037516139,True,False
Completed,80,800,COMPLETED,0,0.56,122,0,1,496,2.61373505899029,0.05,False,True
Completed,81,810,COMPLETED,0,0.55,186,0,5000,5000,0.001,0.03429076160396,True,True
Completed,0,0,COMPLETED,SOBOL,0.56,62.0,0.0,1923,159,2.7537529707551003,0.03226636132597924,False,True
Completed,1,10,COMPLETED,SOBOL,0.55,1.0,0.0,4042,3048,6.703052401968279,0.023215980392415077,True,False
Completed,2,20,COMPLETED,SOBOL,0.55,1.0,0.0,3388,2412,0.357841292815283,0.04119751437241212,True,False
Completed,3,30,COMPLETED,SOBOL,0.55,264.0,0.0,39,4678,8.937806974643841,0.0011372689357958734,False,True
Completed,4,40,COMPLETED,SOBOL,0.55,211.0,0.0,1174,1627,6.2159383680289615,0.009788893134798856,False,True
Completed,5,50,COMPLETED,SOBOL,0.55,1.0,0.0,2824,3893,4.490680049999618,0.04404849967965856,True,False
Completed,6,60,COMPLETED,SOBOL,0.55,1.0,0.0,4748,631,8.13596301662177,0.014079445660579951,True,False
Completed,7,70,COMPLETED,SOBOL,0.55,208.0,0.0,1867,3520,2.4095744427740575,0.02970390284759924,False,True
Completed,8,80,COMPLETED,SOBOL,0.55,248.0,0.0,1457,2157,8.014168588769621,0.04931633716728539,True,True
Completed,9,90,COMPLETED,SOBOL,0.55,0.0,0.0,4494,4892,1.2808669483410193,0.009253055369481445,False,False
Completed,10,100,COMPLETED,SOBOL,0.55,0.0,0.0,2609,570,5.095811128554867,0.027236766397953034,False,False
Completed,11,110,COMPLETED,SOBOL,0.55,217.0,0.0,802,2678,4.3603768483605245,0.018183356617577376,True,True
Completed,12,120,COMPLETED,SOBOL,0.55,155.0,0.0,409,1040,0.7937951549692079,0.020649895743466914,True,True
Completed,13,130,COMPLETED,SOBOL,0.55,0.0,0.0,3603,3148,9.751139258864336,0.036277383390814065,False,False
Completed,14,140,COMPLETED,SOBOL,0.55,0.0,0.0,4296,1375,3.5585012285374105,0.006304629901424051,False,False
Completed,15,150,COMPLETED,SOBOL,0.55,228.0,0.0,2333,4110,7.147509338784964,0.040567271332256495,True,True
Completed,16,160,COMPLETED,SOBOL,0.55,0.0,0.0,2486,1476,1.7600538357784972,0.015427991793490947,False,False
Completed,17,170,COMPLETED,SOBOL,0.55,244.0,0.0,4137,4367,7.535265651813709,0.03066889050975442,True,True
Completed,18,180,COMPLETED,SOBOL,0.55,176.0,0.0,3443,1114,3.841197567537427,0.011911753783002497,True,True
Completed,19,190,COMPLETED,SOBOL,0.55,0.0,0.0,562,3379,5.615279127754271,0.04578752304147929,False,False
Completed,20,200,COMPLETED,SOBOL,0.55,0.0,0.0,648,329,9.54796415924374,0.04254919865634293,False,False
Completed,21,210,COMPLETED,SOBOL,0.55,245.0,0.0,2767,2594,0.9972924227276817,0.0020990682896226643,True,True
Completed,22,220,COMPLETED,SOBOL,0.55,291.0,0.0,4651,1948,7.313171424785629,0.034392122477293015,True,True
Completed,23,230,COMPLETED,SOBOL,0.55,0.0,0.0,1302,4839,3.393166078569368,0.02495214736927301,False,False
Completed,24,240,COMPLETED,SOBOL,0.55,1.0,0.0,1714,898,6.498637165474706,0.004569390834774822,True,False
Completed,25,250,COMPLETED,SOBOL,0.55,172.0,0.0,4908,3631,2.958452297414653,0.03844214881071821,False,True
Completed,26,260,COMPLETED,SOBOL,0.55,219.0,0.0,2984,1849,9.10222892377153,0.019687165529001505,False,True
Completed,27,270,COMPLETED,SOBOL,0.55,1.0,0.0,1021,3958,0.19370806206390262,0.034925057388376445,True,False
Completed,28,280,COMPLETED,SOBOL,0.55,1.0,0.0,193,2318,4.971106180329808,0.02549834344862029,True,False
Completed,29,290,COMPLETED,SOBOL,0.55,180.0,0.0,3230,4428,5.73583440583665,0.016061373722273856,False,True
Completed,30,300,COMPLETED,SOBOL,0.56,53.0,0.0,3884,116,1.891634404843673,0.04835075204307214,False,True
Completed,31,310,COMPLETED,SOBOL,0.55,1.0,0.0,2078,2849,8.654229990584776,0.007903634434100242,True,False
Completed,32,320,COMPLETED,SOBOL,0.55,0.0,0.0,2180,2443,5.208190780183301,0.024160610825754703,False,False
Completed,33,330,COMPLETED,SOBOL,0.55,185.0,0.0,3810,4552,4.092013136206195,0.033648941267281775,True,True
Completed,34,340,COMPLETED,SOBOL,0.56,69.0,0.0,3137,284,7.892309915398248,0.002902679467573762,True,True
Completed,35,350,COMPLETED,SOBOL,0.55,0.0,0.0,236,3018,1.559281829607673,0.043304478104226295,False,False
Completed,36,360,COMPLETED,SOBOL,0.55,0.0,0.0,976,749,3.602509269524366,0.04654280175175518,False,False
Completed,37,370,COMPLETED,SOBOL,0.55,178.0,0.0,3076,3482,6.947631666745991,0.012715362748131157,True,True
Completed,38,380,COMPLETED,SOBOL,0.55,189.0,0.0,4980,1665,0.7598755322722719,0.02992570708692074,True,True
Completed,39,390,COMPLETED,SOBOL,0.55,0.0,0.0,1611,3775,9.941576946298591,0.014636454512365164,False,False
Completed,40,400,COMPLETED,SOBOL,0.55,1.0,0.0,1396,537,0.5483016277495772,0.00714826868614182,True,False
Completed,41,410,COMPLETED,SOBOL,0.55,179.0,0.0,4608,2802,8.903907615499572,0.047547038337681445,False,True
Completed,42,420,COMPLETED,SOBOL,0.55,192.0,0.0,2665,2034,2.553814647742547,0.016804664835799486,False,True
Completed,43,430,COMPLETED,SOBOL,0.55,1.0,0.0,722,4924,6.747002036244609,0.026289958916138858,True,False
Completed,44,440,COMPLETED,SOBOL,0.55,1.0,0.0,490,1254,8.414362402230502,0.03571667506871745,True,False
Completed,45,450,COMPLETED,SOBOL,0.55,215.0,0.0,3546,4145,2.2876978897973896,0.020430457380134614,False,True
Completed,46,460,COMPLETED,SOBOL,0.55,190.0,0.0,4181,1004,5.947628294690513,0.037638435842935,False,True
Completed,47,470,COMPLETED,SOBOL,0.55,1.0,0.0,2394,3269,4.603115724391304,0.003814027299638838,True,False
Completed,48,480,COMPLETED,SOBOL,0.55,191.0,0.0,2239,1223,9.302164257537573,0.02894865732965991,False,True
Completed,49,490,COMPLETED,SOBOL,0.55,1.0,0.0,4339,3331,0.1497567888237536,0.013275850709993393,True,False
Completed,50,500,COMPLETED,SOBOL,0.55,1.0,0.0,3704,1524,6.308180853451603,0.04479167351359502,True,False
Completed,51,510,COMPLETED,SOBOL,0.55,288.0,0.0,335,4258,2.9923524015424774,0.010580392797943206,False,True
Completed,52,520,COMPLETED,SOBOL,0.55,441.0,0.0,875,1988,2.159941349251196,0.0019287663861177863,False,True
Completed,53,530,COMPLETED,SOBOL,0.55,1.0,0.0,2505,4723,8.541792677229271,0.04194068746874109,True,False
Completed,54,540,COMPLETED,SOBOL,0.55,1.0,0.0,4449,446,4.692710817632266,0.022412384704221043,True,False
Completed,55,550,COMPLETED,SOBOL,0.55,194.0,0.0,1548,2554,5.857711703796872,0.03151111345691606,False,True
Completed,56,560,COMPLETED,SOBOL,0.55,281.0,0.0,1766,1738,3.9630546019449833,0.03977566324081272,True,True
Completed,57,570,COMPLETED,SOBOL,0.55,0.0,0.0,4822,4003,5.336861117556692,0.005561375668272377,False,False
Completed,58,580,COMPLETED,SOBOL,0.55,0.0,0.0,2918,853,1.6476749291336164,0.037081063166260725,False,False
Completed,59,590,COMPLETED,SOBOL,0.55,329.0,0.0,1131,3742,7.803633386879229,0.021405245264060797,True,True
Completed,60,600,COMPLETED,SOBOL,0.56,49.0,0.0,83,73,7.347089408518747,0.018938706875778737,True,True
Completed,61,610,COMPLETED,SOBOL,0.55,0.0,0.0,3296,2963,3.202725262204185,0.028040448386222126,False,False
Completed,62,620,COMPLETED,SOBOL,0.55,0.0,0.0,3970,2205,9.503956863240338,0.008509803349152209,False,False
Completed,63,630,COMPLETED,SOBOL,0.55,198.0,0.0,2027,4470,1.197174117677845,0.04852472981344909,True,True
Completed,64,640,COMPLETED,SOBOL,0.55,306.0,0.0,1955,1702,9.784221836664713,0.00528563369764015,True,True
Completed,65,650,COMPLETED,SOBOL,0.55,0.0,0.0,3918,3812,0.9221511465320364,0.039472178377676755,False,False
Completed,66,660,COMPLETED,SOBOL,0.55,0.0,0.0,3341,713,7.075692272329704,0.021877735270652923,False,False
Completed,67,670,COMPLETED,SOBOL,0.55,198.0,0.0,148,3446,3.469528233813122,0.03757452187826857,True,True
Completed,68,680,COMPLETED,SOBOL,0.56,97.0,0.0,1142,243,1.3725945942541584,0.027761034605558964,True,True
Completed,69,690,COMPLETED,SOBOL,0.55,0.0,0.0,2948,2976,8.083841294563376,0.018638702044729144,False,False
Completed,70,700,COMPLETED,SOBOL,0.55,0.0,0.0,4794,2484,4.229876496136189,0.04899411449255422,False,False
Completed,71,710,COMPLETED,SOBOL,0.55,175.0,0.0,1757,4594,5.065483201943339,0.009006553265731783,True,True
Completed,72,720,COMPLETED,SOBOL,0.55,183.0,0.0,1503,968,4.4213114464925605,0.012971889260225,False,True
Completed,73,730,COMPLETED,SOBOL,0.55,1.0,0.0,4384,3232,6.124512142461725,0.028671689363196494,True,False
Completed,74,740,COMPLETED,SOBOL,0.55,1.0,0.0,2578,1291,2.440208855619654,0.011075080271810294,True,False
Completed,75,750,COMPLETED,SOBOL,0.55,284.0,0.0,927,4182,8.266771941034124,0.04526463107112795,False,True
Completed,76,760,COMPLETED,SOBOL,0.55,174.0,0.0,363,2075,6.575000512692147,0.04163964251894504,False,True
Completed,77,770,COMPLETED,SOBOL,0.55,1.0,0.0,3713,4966,2.7209719529850407,0.0016490736976265909,True,False
Completed,78,780,COMPLETED,SOBOL,0.55,2.0,0.0,4328,496,9.027086455602198,0.03200815094821155,True,False
Completed,79,790,COMPLETED,SOBOL,0.55,215.0,0.0,2209,2760,0.42996693145856263,0.022882806367240847,False,True
Completed,80,800,COMPLETED,SOBOL,0.55,1.0,0.0,2368,404,5.66614274021145,0.047246571672149004,True,False
Completed,81,810,COMPLETED,SOBOL,0.55,230.0,0.0,4175,2512,4.879359276591801,0.006869508333504198,False,True
Completed,82,820,COMPLETED,SOBOL,0.55,309.0,0.0,3560,2030,8.684538957364857,0.026786441726610065,False,True
Completed,83,830,COMPLETED,SOBOL,0.55,1.0,0.0,523,4764,2.02211549924314,0.017274130559526386,True,False
Completed,84,840,COMPLETED,SOBOL,0.55,1.0,0.0,769,1560,2.8301155636766926,0.020127428266219795,True,False
Completed,85,850,COMPLETED,SOBOL,0.55,175.0,0.0,2732,4295,6.465573547505774,0.035440285386517646,False,True
Completed,86,860,COMPLETED,SOBOL,0.55,180.0,0.0,4539,1186,0.28270031461305917,0.004307758834213018,False,True
Completed,87,870,COMPLETED,SOBOL,0.55,1.0,0.0,1346,3294,9.174064950058236,0.03811083871964365,True,False
Completed,88,880,COMPLETED,SOBOL,0.55,0.0,0.0,1597,2246,1.0300543223572893,0.033368949202355,False,False
Completed,89,890,COMPLETED,SOBOL,0.55,179.0,0.0,4947,4512,9.675997088688426,0.023859673658851537,True,True
Completed,90,900,COMPLETED,SOBOL,0.56,50.0,0.0,3101,32,3.32102118210122,0.0437744174641557,True,True
Completed,91,910,COMPLETED,SOBOL,0.55,0.0,0.0,982,2921,7.223872983995826,0.0034003853234462443,False,False
Completed,92,920,COMPLETED,SOBOL,0.55,0.0,0.0,306,816,7.626710837212392,0.012438688441645356,False,False
Completed,93,930,COMPLETED,SOBOL,0.55,308.0,0.0,3187,3706,1.829441697110422,0.04623873860435561,True,True
Completed,94,940,COMPLETED,SOBOL,0.55,195.0,0.0,3763,1774,5.484489163173364,0.015109900458250195,True,True
Completed,95,950,COMPLETED,SOBOL,0.55,0.0,0.0,2112,4040,3.8105824125166983,0.03041972047975287,False,False
Completed,96,960,COMPLETED,SOBOL,0.55,1.0,0.0,2070,667,2.2399658436458556,0.03891444989759475,True,False
Completed,97,970,COMPLETED,SOBOL,0.55,320.0,0.0,3856,3557,8.310415834059938,0.005063038282096387,False,True
Completed,98,980,COMPLETED,SOBOL,0.55,209.0,0.0,3261,1591,4.611464848202654,0.034648748842999344,False,True
Completed,99,990,COMPLETED,SOBOL,0.55,1.0,0.0,204,3857,6.090309426014312,0.019384247056208552,True,False
Completed,100,1000,COMPLETED,SOBOL,0.55,1.0,0.0,1086,2371,8.75847183298692,0.016530947136692703,True,False
Completed,101,1010,COMPLETED,SOBOL,0.55,259.0,0.0,3029,4636,0.5420968645997346,0.02599490444548428,False,True
Completed,102,1020,COMPLETED,SOBOL,0.56,111.0,0.0,4855,200,6.853092965076678,0.007624787043780088,False,True
Completed,103,1030,COMPLETED,SOBOL,0.55,1.0,0.0,1642,3090,2.5987920427052305,0.048050180637277666,True,False
Completed,104,1040,COMPLETED,SOBOL,0.55,0.0,0.0,1272,1338,6.953527857707814,0.0311630115932785,False,False
Completed,105,1050,COMPLETED,SOBOL,0.55,197.0,0.0,4641,4073,3.747638565802947,0.015901515925768762,True,True
Completed,106,1060,COMPLETED,SOBOL,0.55,169.0,0.0,2775,1076,9.896298130990006,0.04548337285639718,True,True
Completed,107,1070,COMPLETED,SOBOL,0.55,0.0,0.0,676,3185,0.6534805011535064,0.011634974736254662,False,False
Completed,108,1080,COMPLETED,SOBOL,0.55,0.0,0.0,615,612,4.195651132188738,0.0025966723556630315,False,False
Completed,109,1090,COMPLETED,SOBOL,0.55,204.0,0.0,3515,2720,5.255616340100766,0.043019053929019724,True,True
Completed,110,1100,COMPLETED,SOBOL,0.55,255.0,0.0,4072,2116,1.416299277937971,0.02465129133919254,True,True
Completed,111,1110,COMPLETED,SOBOL,0.55,0.0,0.0,2441,4850,7.883656689300203,0.034112241053488104,False,False
Completed,112,1120,COMPLETED,SOBOL,0.55,228.0,0.0,2283,1907,3.2089492086805405,0.009749727099668235,True,True
Completed,113,1130,COMPLETED,SOBOL,0.55,0.0,0.0,4226,4797,7.492544076364488,0.04978561415569857,False,False
Completed,114,1140,COMPLETED,SOBOL,0.55,0.0,0.0,3670,371,1.1522159060416743,0.017883456526789816,False,False
Completed,115,1150,COMPLETED,SOBOL,0.55,200.0,0.0,457,2636,9.39788481974136,0.026957439654972406,True,True
Completed,116,1160,COMPLETED,SOBOL,0.55,167.0,0.0,835,1151,5.440788800394163,0.036770926190074535,True,True
Completed,117,1170,COMPLETED,SOBOL,0.55,0.0,0.0,2622,3415,4.010767464770005,0.021122487539891155,False,False
Completed,118,1180,COMPLETED,SOBOL,0.55,0.0,0.0,4488,1440,7.660933370222338,0.04026367582799867,False,False
Completed,119,1190,COMPLETED,SOBOL,0.55,290.0,0.0,1431,4330,1.6393066219957546,0.006028806793969124,True,True
Completed,120,1200,COMPLETED,SOBOL,0.56,65.0,0.0,1800,158,8.494386002644896,0.0236864861426875,False,True
Completed,121,1210,COMPLETED,SOBOL,0.55,1.0,0.0,4700,2891,2.056322536595166,0.03276350046880543,True,False
Completed,122,1220,COMPLETED,SOBOL,0.55,1.0,0.0,2874,2277,5.866383815228009,0.0008574656061828137,True,False
Completed,123,1230,COMPLETED,SOBOL,0.55,212.0,0.0,1243,4386,4.835712552628481,0.04089638828579337,False,True
Completed,124,1240,COMPLETED,SOBOL,0.55,282.0,0.0,45,1812,0.004608309218659998,0.04452137905079872,False,True
Completed,125,1250,COMPLETED,SOBOL,0.55,1.0,0.0,3414,3922,9.29624918124266,0.010283472917973996,True,False
Completed,126,1260,COMPLETED,SOBOL,0.55,1.0,0.0,4010,935,3.09872824933473,0.029427039621397855,True,False
Completed,127,1270,COMPLETED,SOBOL,0.55,264.0,0.0,1910,3668,6.353440783427097,0.01377557124849409,False,True
Completed,128,1280,COMPLETED,SOBOL,0.55,1.0,0.0,1890,2063,0.2727114261258394,0.02739141677785665,True,False
Completed,129,1290,COMPLETED,SOBOL,0.55,342.0,0.0,3989,4952,9.183443250024691,0.017927494689822198,False,True
Completed,130,1300,COMPLETED,SOBOL,0.56,155.0,0.0,3433,528,2.878552457393147,0.04944681670330465,False,True
Completed,131,1310,COMPLETED,SOBOL,0.55,1.0,0.0,64,2794,6.416526065268554,0.009021364285610617,True,False
Completed,132,1320,COMPLETED,SOBOL,0.55,1.0,0.0,1228,993,8.733137959502637,0.0065548258973285554,True,False
Completed,133,1330,COMPLETED,SOBOL,0.55,316.0,0.0,2859,3259,1.9729059085845948,0.04040620192326606,False,True
Completed,134,1340,COMPLETED,SOBOL,0.55,193.0,0.0,4725,1285,5.655991743302905,0.02087592237070203,False,True
Completed,135,1350,COMPLETED,SOBOL,0.55,1.0,0.0,1824,4175,4.888899684979581,0.03614048335049302,True,False
Completed,136,1360,COMPLETED,SOBOL,0.55,0.0,0.0,1412,312,5.533698455838487,0.041332526137586686,False,False
Completed,137,1370,COMPLETED,SOBOL,0.55,213.0,0.0,4468,3046,3.7619831123854968,0.0009101093434728683,True,True
Completed,138,1380,COMPLETED,SOBOL,0.55,274.0,0.0,2642,2435,7.61717013083119,0.03242554232152179,True,True
Completed,139,1390,COMPLETED,SOBOL,0.55,0.0,0.0,855,4543,1.8395923960255458,0.02296465143142268,False,False
Completed,140,1400,COMPLETED,SOBOL,0.55,0.0,0.0,433,1655,3.3116425841413437,0.014313025019597263,False,False
Completed,141,1410,COMPLETED,SOBOL,0.55,184.0,0.0,3646,3763,7.233861574489624,0.029574556276667864,True,True
Completed,142,1420,COMPLETED,SOBOL,0.56,140.0,0.0,4241,779,1.0791015066010876,0.010046643337700516,True,True
Completed,143,1430,COMPLETED,SOBOL,0.55,0.0,0.0,2298,3514,9.62755989697855,0.04389498226484284,False,False
Completed,144,1440,COMPLETED,SOBOL,0.56,143.0,0.0,2453,822,4.2790860867947345,0.01953251551790163,True,True
Completed,145,1450,COMPLETED,SOBOL,0.55,0.0,0.0,4084,3713,5.016884199805558,0.03518091894732788,False,False
Completed,146,1460,COMPLETED,SOBOL,0.55,0.0,0.0,3488,1749,1.3630541858663783,0.004438911667559296,False,False
Completed,147,1470,COMPLETED,SOBOL,0.55,222.0,0.0,587,4014,8.09399229147192,0.0386738395257853,True,True
Completed,148,1480,COMPLETED,SOBOL,0.55,245.0,0.0,702,2214,7.0663139723632495,0.04810055567836389,True,True
Completed,149,1490,COMPLETED,SOBOL,0.55,0.0,0.0,2802,4478,3.479517122300342,0.008064704211894421,False,False
Completed,150,1500,COMPLETED,SOBOL,0.55,0.0,0.0,4628,45,9.833269318901934,0.025272316452581437,False,False
Completed,151,1510,COMPLETED,SOBOL,0.55,240.0,0.0,1259,2935,0.8737142528155819,0.016198274131398648,True,True
Completed,152,1520,COMPLETED,SOBOL,0.55,180.0,0.0,1669,1494,9.0170978651084,0.011776741649024189,False,True
Completed,153,1530,COMPLETED,SOBOL,0.55,1.0,0.0,4882,4227,0.4393455294184387,0.046014683002606034,True,False
Completed,154,1540,COMPLETED,SOBOL,0.55,1.0,0.0,3017,1233,6.623437704402023,0.01526881029084325,True,False
Completed,155,1550,COMPLETED,SOBOL,0.55,193.0,0.0,1074,3343,2.6719247687412424,0.030920219839550556,False,True
Completed,156,1560,COMPLETED,SOBOL,0.56,84.0,0.0,217,453,2.488808155750856,0.034158543487079446,False,True
Completed,157,1570,COMPLETED,SOBOL,0.55,1.0,0.0,3273,2563,8.217562648368999,0.025081493571400645,True,False
Completed,158,1580,COMPLETED,SOBOL,0.55,1.0,0.0,3830,1961,4.411160747577437,0.042291448822245004,True,False
Completed,159,1590,COMPLETED,SOBOL,0.55,240.0,0.0,2043,4694,6.134052848842927,0.002252585335634649,False,True
Completed,160,1600,COMPLETED,SOBOL,0.56,115.0,0.0,2137,559,7.7296624239729725,0.0169415645073168,True,True
Completed,161,1610,COMPLETED,SOBOL,0.55,0.0,0.0,3787,2668,1.5711875607790424,0.026063932657707484,False,False
Completed,162,1620,COMPLETED,SOBOL,0.55,0.0,0.0,3172,2188,5.411728332927451,0.007309339201543481,False,False
Completed,163,1630,COMPLETED,SOBOL,0.55,241.0,0.0,291,4921,4.040437924770639,0.04729684123536572,True,True
Completed,164,1640,COMPLETED,SOBOL,0.55,201.0,0.0,1001,1404,1.1232984754173085,0.03787012729560957,True,True
Completed,165,1650,COMPLETED,SOBOL,0.55,0.0,0.0,3121,4137,9.42741224289965,0.0036835473948158325,False,False
Completed,166,1660,COMPLETED,SOBOL,0.55,0.0,0.0,4927,1031,3.2775352255888284,0.03597253589006141,False,False
Completed,167,1670,COMPLETED,SOBOL,0.55,302.0,0.0,1578,3140,7.424568051990122,0.02027580810664222,True,True
Completed,168,1680,COMPLETED,SOBOL,0.55,217.0,0.0,1360,2402,3.069200528183021,0.003056195775978267,False,True
Completed,169,1690,COMPLETED,SOBOL,0.55,1.0,0.0,4554,4666,6.382357916058042,0.04304672900773585,True,False
Completed,170,1700,COMPLETED,SOBOL,0.55,1.0,0.0,2708,189,0.07258403559960426,0.02428995776548982,True,False
Completed,171,1710,COMPLETED,SOBOL,0.55,181.0,0.0,745,3079,9.22766286634095,0.033415361539460724,False,True
Completed,172,1720,COMPLETED,SOBOL,0.56,166.0,0.0,543,658,5.934502578451299,0.030177037154324356,False,True
Completed,173,1730,COMPLETED,SOBOL,0.55,1.0,0.0,3580,3549,4.766983200884424,0.014477272272109987,True,False
Completed,174,1740,COMPLETED,SOBOL,0.55,1.0,0.0,4156,1620,8.46471524465084,0.046769960975274444,True,False
Completed,175,1750,COMPLETED,SOBOL,0.55,296.0,0.0,2349,3884,2.085382706068456,0.01258035135176033,False,True
Completed,176,1760,COMPLETED,SOBOL,0.55,1.0,0.0,2196,1858,6.8235655419183905,0.036944163863547146,True,False
Completed,177,1770,COMPLETED,SOBOL,0.55,219.0,0.0,4316,3966,2.6277094733295963,0.02163127115368843,False,True
Completed,178,1780,COMPLETED,SOBOL,0.56,132.0,0.0,3739,869,8.826447857361288,0.0396145930942148,False,True
Completed,179,1790,COMPLETED,SOBOL,0.55,1.0,0.0,390,3604,0.4735108476914466,0.00581157240178436,True,False
Completed,180,1800,COMPLETED,SOBOL,0.55,6.0,0.0,900,85,4.679583909419366,0.0082781115276739,True,False
Completed,181,1810,COMPLETED,SOBOL,0.55,218.0,0.0,2550,2819,6.021580372263678,0.04865521008707583,False,True
Completed,182,1820,COMPLETED,SOBOL,0.55,280.0,0.0,4396,2330,2.2102953836452217,0.018682845685631038,False,True
Completed,183,1830,COMPLETED,SOBOL,0.55,1.0,0.0,1515,4438,8.33947630152665,0.028195098028518262,True,False
Completed,184,1840,COMPLETED,SOBOL,0.55,0.0,0.0,1730,1122,1.4850286296820268,0.04463815683638677,False,False
Completed,185,1850,COMPLETED,SOBOL,0.55,233.0,0.0,4768,3388,7.815537926076912,0.010838142263237387,True,True
Completed,186,1860,COMPLETED,SOBOL,0.55,171.0,0.0,2961,1449,4.166590962715447,0.028819310021121057,True,True
Completed,187,1870,COMPLETED,SOBOL,0.55,0.0,0.0,1154,4338,5.2852870980948214,0.013509430806618185,False,False
Completed,188,1880,COMPLETED,SOBOL,0.55,0.0,0.0,136,1918,9.867380998359062,0.022161055005621166,False,False
Completed,189,1890,COMPLETED,SOBOL,0.55,178.0,0.0,3330,4808,0.683008222305216,0.0316702953283675,True,True
Completed,190,1900,COMPLETED,SOBOL,0.55,746.0,0.0,3945,340,7.022114172609523,0.00170160753140226,True,True
Completed,191,1910,COMPLETED,SOBOL,0.55,0.0,0.0,1982,2606,3.6796628394220026,0.04207569849630818,False,False
Completed,192,1920,COMPLETED,SOBOL,0.55,0.0,0.0,2008,1067,7.303640254193918,0.011308282160200179,False,False
Completed,193,1930,COMPLETED,SOBOL,0.55,176.0,0.0,3951,3177,3.4033072416950017,0.045135661970824005,True,True
Completed,194,1940,COMPLETED,SOBOL,0.55,243.0,0.0,3316,1367,9.597163916119374,0.013229261623695494,True,True
Completed,195,1950,COMPLETED,SOBOL,0.55,0.0,0.0,103,4100,0.9487026583859698,0.028518549787811938,False,False
Completed,196,1960,COMPLETED,SOBOL,0.55,0.0,0.0,1107,2147,3.890254287570715,0.03214354055281729,False,False
Completed,197,1970,COMPLETED,SOBOL,0.55,177.0,0.0,2894,4880,5.5668324002549054,0.022655268935486677,True,True
Completed,198,1980,COMPLETED,SOBOL,0.56,112.0,0.0,4837,600,1.7506657020291314,0.041799201123416424,True,True
Completed,199,1990,COMPLETED,SOBOL,0.55,0.0,0.0,1780,2710,7.545263778096997,0.0013973672660067679,False,False
Completed,200,2000,COMPLETED,SOBOL,0.55,1.0,0.0,1529,1583,1.9400808343496174,0.02212755342712626,True,False
Completed,201,2010,COMPLETED,SOBOL,0.55,372.0,0.0,4429,3847,8.605172972558066,0.037413830308709296,False,True
Completed,202,2020,COMPLETED,SOBOL,0.56,131.0,0.0,2525,695,4.9611077560530985,0.005511282854247838,False,True
Completed,203,2030,COMPLETED,SOBOL,0.55,1.0,0.0,894,3586,5.745222241592594,0.039335655807983136,True,False
Completed,204,2040,COMPLETED,SOBOL,0.55,2.0,0.0,320,230,9.092087462652474,0.04914914234308526,True,False
Completed,205,2050,COMPLETED,SOBOL,0.55,363.0,0.0,3689,3121,0.20323893466219306,0.008750313867349178,False,True
Completed,206,2060,COMPLETED,SOBOL,0.55,298.0,0.0,4363,2360,6.547226631822997,0.027891891981009397,False,True
Completed,207,2070,COMPLETED,SOBOL,0.55,1.0,0.0,2263,4625,2.9092522425455973,0.018406633121427148,True,False
Completed,208,2080,COMPLETED,SOBOL,0.55,186.0,0.0,2421,2288,8.184409744121135,0.04354121594456956,False,True
Completed,209,2090,COMPLETED,SOBOL,0.55,1.0,0.0,4208,4397,2.360517722740769,0.0035293540549464525,True,False
Completed,210,2100,COMPLETED,SOBOL,0.55,5.0,0.0,3535,127,6.205940241745674,0.033111577207688245,True,False
Completed,211,2110,COMPLETED,SOBOL,0.55,241.0,0.0,478,2861,4.500068183748984,0.024012812865432352,False,True
Completed,212,2120,COMPLETED,SOBOL,0.55,189.0,0.0,734,906,0.34770012968964875,0.014974510484840721,False,True
Completed,213,2130,COMPLETED,SOBOL,0.55,1.0,0.0,2678,3641,8.947338145235554,0.03064725828031078,True,False
Completed,214,2140,COMPLETED,SOBOL,0.55,1.0,0.0,4582,1821,2.8023428747812287,0.01227912946837023,True,False
Completed,215,2150,COMPLETED,SOBOL,0.55,416.0,0.0,1369,3929,6.653852645092645,0.04649044540477917,False,True
Completed,216,2160,COMPLETED,SOBOL,0.56,110.0,0.0,1623,381,3.54897035593912,0.026536623201332987,True,True
Completed,217,2170,COMPLETED,SOBOL,0.55,0.0,0.0,4992,2647,7.15765079990402,0.017434822497889402,False,False
Completed,218,2180,COMPLETED,SOBOL,0.55,0.0,0.0,3048,1877,0.8429952098382637,0.04702092214673758,False,False
Completed,219,2190,COMPLETED,SOBOL,0.55,420.0,0.0,949,4766,9.702549792516045,0.007006031272001565,True,True
Completed,220,2200,COMPLETED,SOBOL,0.55,276.0,0.0,263,1412,5.144868146581576,0.004152731352485717,True,True
Completed,221,2210,COMPLETED,SOBOL,0.55,0.0,0.0,3163,4302,4.31193041885458,0.03836707774922252,False,False
Completed,222,2220,COMPLETED,SOBOL,0.55,0.0,0.0,3798,1159,8.004780753013678,0.019996571259573104,False,False
Completed,223,2230,COMPLETED,SOBOL,0.55,266.0,0.0,2167,3424,1.290865372617729,0.0356723539410159,True,True
Completed,224,2240,COMPLETED,SOBOL,0.55,168.0,0.0,2093,1322,4.760677008223721,0.045735080394428224,False,True
Completed,225,2250,COMPLETED,SOBOL,0.55,1.0,0.0,3900,4211,5.789134924684652,0.01147541502537206,True,False
Completed,226,2260,COMPLETED,SOBOL,0.55,1.0,0.0,3206,956,2.130423163888976,0.03139054865622893,True,False
Completed,227,2270,COMPLETED,SOBOL,0.55,197.0,0.0,169,3222,8.570700274070724,0.01576612668996677,False,True
Completed,228,2280,COMPLETED,SOBOL,0.56,96.0,0.0,1041,487,6.278500559668057,0.02480442980816588,False,True
Completed,229,2290,COMPLETED,SOBOL,0.55,1.0,0.0,3004,2752,3.0214221068052574,0.03385486979642883,True,False
Completed,230,2300,COMPLETED,SOBOL,0.55,1.0,0.0,4888,2104,9.370292556550353,0.0027256418247707187,True,False
Completed,231,2310,COMPLETED,SOBOL,0.55,191.0,0.0,1695,4993,0.08101790129020811,0.042785851671826094,False,True
Completed,232,2320,COMPLETED,SOBOL,0.56,156.0,0.0,1326,742,9.474886859984137,0.034880818135105074,True,True
Completed,233,2330,COMPLETED,SOBOL,0.55,0.0,0.0,4676,3477,1.226854113467969,0.01925338931195438,False,False
Completed,234,2340,COMPLETED,SOBOL,0.55,0.0,0.0,2752,1692,7.415827998058871,0.039170688189566136,False,False
Completed,235,2350,COMPLETED,SOBOL,0.55,315.0,0.0,633,3800,3.1345966651979835,0.004908011537976563,True,True
Completed,236,2360,COMPLETED,SOBOL,0.55,268.0,0.0,581,2476,1.7162514102524147,0.0077613092446699745,True,True
Completed,237,2370,COMPLETED,SOBOL,0.55,0.0,0.0,3462,4584,7.735666898294353,0.04782453184947372,False,False
Completed,238,2380,COMPLETED,SOBOL,0.55,0.0,0.0,4116,270,3.934146707110107,0.0166916398126632,False,False
Completed,239,2390,COMPLETED,SOBOL,0.55,180.0,0.0,2466,3005,5.3663790049254905,0.025745085182599724,True,True
Completed,240,2400,COMPLETED,SOBOL,0.55,2.0,0.0,2306,3,0.7308058270094917,0.0006057584369555116,False,False
Completed,241,2410,COMPLETED,SOBOL,0.55,206.0,0.0,4270,2894,9.971257240082137,0.04105594762787223,True,True
Completed,242,2420,COMPLETED,SOBOL,0.55,200.0,0.0,3615,2255,3.6712481570579114,0.02345894944854081,True,True
Completed,243,2430,COMPLETED,SOBOL,0.55,0.0,0.0,422,4520,6.879503367733211,0.03289888933580369,False,False
Completed,244,2440,COMPLETED,SOBOL,0.55,0.0,0.0,790,1786,7.960886694510468,0.029273900783620778,False,False
Completed,245,2450,COMPLETED,SOBOL,0.55,325.0,0.0,2597,4050,1.4913156390162186,0.014032942874357105,True,True
Completed,246,2460,COMPLETED,SOBOL,0.56,170.0,0.0,4521,785,5.1792831833418465,0.04439240921288729,True,True
Completed,247,2470,COMPLETED,SOBOL,0.55,0.0,0.0,1484,3676,4.1215313215684155,0.01051667554397136,False,False
Completed,248,2480,COMPLETED,SOBOL,0.55,1.0,0.0,1855,2002,6.015594783275389,0.01765138686588034,True,False
Completed,249,2490,COMPLETED,SOBOL,0.55,242.0,0.0,4735,4736,4.534539243272507,0.027088297768030317,False,True
Completed,250,2500,COMPLETED,SOBOL,0.56,98.0,0.0,2851,412,8.384844514861703,0.00949348843889311,False,True
Completed,251,2510,COMPLETED,SOBOL,0.55,1.0,0.0,1200,2522,2.3166057846322654,0.04994064126862213,True,False
Completed,252,2520,COMPLETED,SOBOL,0.55,1.0,0.0,11,1196,2.5241346519524233,0.040127153995912525,True,False
Completed,253,2530,COMPLETED,SOBOL,0.55,204.0,0.0,3361,3306,6.776072039500811,0.006254455212969334,False,True
Completed,254,2540,COMPLETED,SOBOL,0.55,181.0,0.0,4054,1530,0.6164302247557789,0.03661023388290778,False,True
Completed,255,2550,COMPLETED,SOBOL,0.55,1.0,0.0,1935,4264,8.835169025959447,0.021372306433971974,True,False
Completed,256,2560,COMPLETED,SOBOL,0.55,194.0,0.0,1951,1541,5.803284397323616,0.04269214274454862,True,True
Completed,257,2570,COMPLETED,SOBOL,0.55,0.0,0.0,4051,4276,4.741955422517844,0.0026321326047182084,False,False
Completed,258,2580,COMPLETED,SOBOL,0.55,0.0,0.0,3377,1206,8.587375538950786,0.0337608708050102,False,False
Completed,259,2590,COMPLETED,SOBOL,0.55,262.0,0.0,8,3314,2.1189404343795033,0.02471101002302021,True,True
Completed,260,2600,COMPLETED,SOBOL,0.56,109.0,0.0,1206,424,3.044187165248208,0.01567252471577376,True,True
Completed,261,2610,COMPLETED,SOBOL,0.55,0.0,0.0,2837,2532,6.251153852368706,0.03129674660600721,False,False
Completed,262,2620,COMPLETED,SOBOL,0.55,0.0,0.0,4742,2011,0.10615617934241892,0.0113820909447968,False,False
Completed,263,2630,COMPLETED,SOBOL,0.55,267.0,0.0,1841,4745,9.350337278079241,0.04564117747638375,True,True
Completed,264,2640,COMPLETED,SOBOL,0.56,235.0,0.0,1468,797,1.2459562367731705,0.025645057817455384,False,True
Completed,265,2650,COMPLETED,SOBOL,0.55,1.0,0.0,4525,3686,9.460967736260034,0.016592166575137526,True,False
Completed,266,2660,COMPLETED,SOBOL,0.55,1.0,0.0,2581,1793,3.146309743622318,0.04772479307325557,True,False
Completed,267,2670,COMPLETED,SOBOL,0.55,262.0,0.0,794,4059,7.399533270778135,0.007661748047452418,False,True
Completed,268,2680,COMPLETED,SOBOL,0.55,189.0,0.0,416,2265,7.763241570561194,0.004808631054591388,False,True
Completed,269,2690,COMPLETED,SOBOL,0.55,1.0,0.0,3629,4531,1.693869273356162,0.03907075394736603,True,False
Completed,270,2700,COMPLETED,SOBOL,0.55,55.0,0.0,4263,12,5.3867172049433,0.019153732410166414,True,False
Completed,271,2710,COMPLETED,SOBOL,0.55,244.0,0.0,2320,2902,3.9092363940253856,0.034780983285512775,False,True
Completed,272,2720,COMPLETED,SOBOL,0.55,3.0,0.0,2480,263,9.999819760541431,0.010417123935651034,True,False
Completed,273,2730,COMPLETED,SOBOL,0.55,313.0,0.0,4110,2996,0.706815419617109,0.044292657897342,False,True
Completed,274,2740,COMPLETED,SOBOL,0.55,221.0,0.0,3476,2465,6.900674459364266,0.01393348070094362,False,True
Completed,275,2750,COMPLETED,SOBOL,0.55,1.0,0.0,575,4574,3.644884530056268,0.02917385940393433,True,False
Completed,276,2760,COMPLETED,SOBOL,0.55,1.0,0.0,636,1683,1.508821411562152,0.03279904489731416,True,False
Completed,277,2770,COMPLETED,SOBOL,0.55,207.0,0.0,2736,3792,7.947962570820936,0.023359305086079987,False,True
Completed,278,2780,COMPLETED,SOBOL,0.56,217.0,0.0,4679,732,4.131798237917946,0.04095600232155994,False,True
Completed,279,2790,COMPLETED,SOBOL,0.55,1.0,0.0,1310,3465,5.163833267411218,0.000506391968112439,True,False
Completed,280,2800,COMPLETED,SOBOL,0.55,0.0,0.0,1682,2095,4.558146729118191,0.021278875584714117,False,False
Completed,281,2810,COMPLETED,SOBOL,0.55,212.0,0.0,4894,4985,5.986804297848606,0.03651624890603125,True,True
Completed,282,2820,COMPLETED,SOBOL,0.56,111.0,0.0,2990,476,2.3427414466664196,0.006160936404019594,True,True
Completed,283,2830,COMPLETED,SOBOL,0.55,0.0,0.0,1047,2741,8.36329050168395,0.040033457607962196,False,False
Completed,284,2840,COMPLETED,SOBOL,0.55,0.0,0.0,166,948,6.788765814275481,0.04984674941468984,False,False
Completed,285,2850,COMPLETED,SOBOL,0.55,197.0,0.0,3222,3213,2.506248341807164,0.00940015034377575,True,True
Completed,286,2860,COMPLETED,SOBOL,0.55,249.0,0.0,3896,1310,8.850238404290751,0.026994505306705833,True,True
Completed,287,2870,COMPLETED,SOBOL,0.55,0.0,0.0,2109,4201,0.605932959491387,0.01755777235236019,False,False
Completed,288,2880,COMPLETED,SOBOL,0.55,1.0,0.0,2154,1170,3.424554917635396,0.0012978923688642683,True,False
Completed,289,2890,COMPLETED,SOBOL,0.55,297.0,0.0,3804,3435,7.277200638869778,0.041699172467458995,False,True
Completed,290,2900,COMPLETED,SOBOL,0.55,199.0,0.0,3150,1420,0.9771891905227676,0.022555706447456032,False,True
Completed,291,2910,COMPLETED,SOBOL,0.55,1.0,0.0,269,4311,9.57325009303633,0.03204380011698231,True,False
Completed,292,2920,COMPLETED,SOBOL,0.55,1.0,0.0,945,1887,5.57702332828194,0.02841861683642492,True,False
Completed,293,2930,COMPLETED,SOBOL,0.55,183.0,0.0,3064,4778,3.874880955949426,0.013129882799927146,False,True
Completed,294,2940,COMPLETED,SOBOL,0.56,106.0,0.0,4988,391,7.56284613495227,0.04503582878084854,False,True
Completed,295,2950,COMPLETED,SOBOL,0.55,1.0,0.0,1639,2655,1.7376655900171027,0.011208626549225302,True,False
Completed,296,2960,COMPLETED,SOBOL,0.55,0.0,0.0,1382,1831,8.631232646269723,0.018313125560991468,False,False
Completed,297,2970,COMPLETED,SOBOL,0.55,206.0,0.0,4576,3941,1.9186034054812044,0.027798184344545007,True,True
Completed,298,2980,COMPLETED,SOBOL,0.55,204.0,0.0,2691,915,5.768906311747618,0.008656895373016596,True,True
Completed,299,2990,COMPLETED,SOBOL,0.55,0.0,0.0,728,3648,4.932241282303818,0.04905514501128346,False,False
Completed,300,3000,COMPLETED,SOBOL,0.56,0.0,0.0,482,138,0.2183848973028362,0.039241852466948335,False,False
Completed,301,3010,COMPLETED,SOBOL,0.55,188.0,0.0,3519,2871,9.081514209065586,0.0054176792204380046,True,True
Completed,302,3020,COMPLETED,SOBOL,0.55,205.0,0.0,4212,2296,2.9218700289977715,0.03731992573104799,True,True
Completed,303,3030,COMPLETED,SOBOL,0.55,0.0,0.0,2406,4406,6.529416905987077,0.022034228055737914,False,False
Completed,304,3040,COMPLETED,SOBOL,0.55,177.0,0.0,2248,2351,2.377116403311491,0.046396459137089556,True,True
Completed,305,3050,COMPLETED,SOBOL,0.55,0.0,0.0,4367,4617,8.173003002934157,0.012185696959495545,False,False
Completed,306,3060,COMPLETED,SOBOL,0.55,0.0,0.0,3673,220,4.5142936447104445,0.030553560232743623,False,False
Completed,307,3070,COMPLETED,SOBOL,0.55,172.0,0.0,324,3109,6.187142071730458,0.014880990385077895,True,True
Completed,308,3080,COMPLETED,SOBOL,0.56,105.0,0.0,888,687,8.97255241161026,0.02391947642993182,True,True
Completed,309,3090,COMPLETED,SOBOL,0.55,0.0,0.0,2538,3576,0.327668266909197,0.03301768664456904,False,False
Completed,310,3100,COMPLETED,SOBOL,0.55,0.0,0.0,4423,1572,6.676541119226255,0.0034357408322393894,False,False
Completed,311,3110,COMPLETED,SOBOL,0.55,225.0,0.0,1542,3837,2.775072155804373,0.04344742514286191,True,True
Completed,312,3120,COMPLETED,SOBOL,0.56,119.0,0.0,1796,592,7.16943986665085,0.035572603916283696,False,True
Completed,313,3130,COMPLETED,SOBOL,0.55,1.0,0.0,4833,2700,3.5325990443490447,0.019897021310869605,True,False
Completed,314,3140,COMPLETED,SOBOL,0.55,1.0,0.0,2909,2135,9.721575331511907,0.038267038029152906,True,False
Completed,315,3150,COMPLETED,SOBOL,0.55,225.0,0.0,1103,4869,0.8291520744366572,0.004053270469885319,False,True
Completed,316,3160,COMPLETED,SOBOL,0.55,164.0,0.0,109,1358,4.33219203456305,0.006906385249923914,False,True
Completed,317,3170,COMPLETED,SOBOL,0.55,1.0,0.0,3303,4092,5.120033821819351,0.04692107641743496,True,False
Completed,318,3180,COMPLETED,SOBOL,0.55,1.0,0.0,3957,1057,1.3185160332070662,0.01733545473823324,True,False
Completed,319,3190,COMPLETED,SOBOL,0.55,198.0,0.0,1994,3165,7.982322031808087,0.026436676235403866,False,True
Completed,320,3200,COMPLETED,SOBOL,0.56,73.0,0.0,1986,349,1.585030696180649,0.02036932092253119,False,True
Completed,321,3210,COMPLETED,SOBOL,0.55,1.0,0.0,3929,2614,7.71063688497711,0.03606624988839031,True,False
Completed,322,3220,COMPLETED,SOBOL,0.55,1.0,0.0,3333,1929,4.056809236360714,0.003776960449293256,True,False
Completed,324,3240,COMPLETED,SOBOL,0.55,198.0,0.0,1168,1457,9.44987096410524,0.047390651307068765,False,True
Completed,325,3250,COMPLETED,SOBOL,0.55,1.0,0.0,2955,4348,1.0956478148279711,0.007402947722002862,True,False
Completed,326,3260,COMPLETED,SOBOL,0.55,1.0,0.0,4781,1134,7.449402376752348,0.026157830320298673,True,False
Completed,327,3270,COMPLETED,SOBOL,0.55,237.0,0.0,1724,3398,3.257273609880358,0.017034884807653725,False,True
Completed,328,3280,COMPLETED,SOBOL,0.55,233.0,0.0,1512,2337,6.401156086073258,0.012679819518234582,True,True
Completed,329,3290,COMPLETED,SOBOL,0.55,0.0,0.0,4412,4447,3.0549750672215596,0.04686998474458233,False,False
Completed,330,3300,COMPLETED,SOBOL,0.55,0.0,0.0,2547,97,9.239069607527927,0.014576841675210745,False,False
Completed,331,3310,COMPLETED,SOBOL,0.55,199.0,0.0,916,2830,0.055985355028882626,0.030276782661210748,True,True
Completed,332,3320,COMPLETED,SOBOL,0.55,175.0,0.0,376,879,4.79425391986128,0.03351528923539445,True,True
Completed,333,3330,COMPLETED,SOBOL,0.55,0.0,0.0,3745,3612,5.911814104317688,0.02438933022739366,False,False
Completed,334,3340,COMPLETED,SOBOL,0.55,0.0,0.0,4302,1868,2.105414568848908,0.04314656763756648,False,False
Completed,335,3350,COMPLETED,SOBOL,0.55,192.0,0.0,2202,3978,8.439500978276133,0.0031558579332195223,True,True
Completed,336,3360,COMPLETED,SOBOL,0.55,0.0,0.0,2355,1608,2.6565759470788763,0.02829485459951684,False,False
Completed,337,3370,COMPLETED,SOBOL,0.55,176.0,0.0,4142,3874,6.799881471763365,0.018782401074189693,True,True
Completed,338,3380,COMPLETED,SOBOL,0.56,97.0,0.0,3586,650,0.49498827655985955,0.04875524344528094,True,True
Completed,339,3390,COMPLETED,SOBOL,0.55,0.0,0.0,529,3540,8.800388183649629,0.00837756715482101,False,False
Completed,340,3400,COMPLETED,SOBOL,0.55,0.0,0.0,761,178,6.039390098099598,0.00591122349491343,False,False
Completed,341,3410,COMPLETED,SOBOL,0.55,191.0,0.0,2704,3068,4.6669661229671915,0.03971444573858753,True,True
Completed,342,3420,COMPLETED,SOBOL,0.55,206.0,0.0,4570,2393,8.35004955511354,0.021730634026695044,True,True
Completed,343,3430,COMPLETED,SOBOL,0.55,0.0,0.0,1357,4658,2.1951494210045785,0.037044104098808026,False,False
Completed,344,3440,COMPLETED,SOBOL,0.55,1.0,0.0,1571,1020,7.839451749159955,0.042169679692946375,True,False
Completed,345,3450,COMPLETED,SOBOL,0.55,199.0,0.0,4940,3128,1.4565420975452288,0.0017950331252068281,False,True
Completed,346,3460,COMPLETED,SOBOL,0.55,168.0,0.0,3115,1394,5.311726713418961,0.03176399826258421,False,True
Completed,347,3470,COMPLETED,SOBOL,0.55,1.0,0.0,1015,4129,4.145343286775053,0.02225458183605224,True,False
Completed,348,3480,COMPLETED,SOBOL,0.55,1.0,0.0,275,2176,0.6960083343172446,0.01360276069585234,True,False
Completed,349,3490,COMPLETED,SOBOL,0.55,241.0,0.0,3175,4911,9.849798641503789,0.0289131951443851,False,True
Completed,350,3500,COMPLETED,SOBOL,0.56,89.0,0.0,3771,550,3.695036171043292,0.010931761847808958,False,True
Completed,351,3510,COMPLETED,SOBOL,0.55,1.0,0.0,2140,2659,7.01192324458249,0.04473195289354771,True,False
Completed,352,3520,COMPLETED,SOBOL,0.55,0.0,0.0,2037,1969,9.204997263202443,0.03624050546018407,False,False
Completed,353,3530,COMPLETED,SOBOL,0.55,216.0,0.0,3843,4704,0.24657576409168544,0.020975389246363194,True,True
Completed,354,3540,COMPLETED,SOBOL,0.56,104.0,0.0,3267,465,6.445316550695338,0.04050594613933936,True,True
Completed,355,3550,COMPLETED,SOBOL,0.55,0.0,0.0,230,2574,2.854944971547462,0.006654393640812486,False,False
Completed,356,3560,COMPLETED,SOBOL,0.55,0.0,0.0,1058,1242,1.9834031738489866,0.009120738038327546,False,False
Completed,357,3570,COMPLETED,SOBOL,0.55,288.0,0.0,3021,3351,8.718068581171334,0.04954674605885521,True,True
Completed,358,3580,COMPLETED,SOBOL,0.55,167.0,0.0,4866,1504,4.90678599512484,0.018027158506680283,True,True
Completed,359,3590,COMPLETED,SOBOL,0.55,0.0,0.0,1673,4239,5.643297968528234,0.027491256698500367,False,False
Completed,360,3600,COMPLETED,SOBOL,0.55,9.0,0.0,1265,54,3.7883467393871397,0.04398869792278856,True,False
Completed,361,3610,COMPLETED,SOBOL,0.55,269.0,0.0,4615,2943,5.512527364207433,0.010140157444402576,False,True
Completed,362,3620,COMPLETED,SOBOL,0.55,190.0,0.0,2808,2224,1.8635828034179285,0.02966854835301638,False,True
Completed,363,3630,COMPLETED,SOBOL,0.55,1.0,0.0,689,4490,7.588607610371896,0.014406439733691514,True,False
Completed,364,3640,COMPLETED,SOBOL,0.55,1.0,0.0,603,1757,7.2493114904202525,0.02305825866106898,True,False
Completed,365,3650,COMPLETED,SOBOL,0.55,184.0,0.0,3484,4023,3.3013756677918136,0.03251935073360801,False,True
Completed,366,3660,COMPLETED,SOBOL,0.55,471.0,0.0,4099,833,9.640484020668081,0.0010034279841929675,False,True
Completed,367,3670,COMPLETED,SOBOL,0.55,1.0,0.0,2449,3723,1.061595734055154,0.041426422509364784,True,False
Completed,368,3680,COMPLETED,SOBOL,0.56,249.0,0.0,2294,769,5.033178927086294,0.01629169843439013,False,True
Completed,369,3690,COMPLETED,SOBOL,0.55,1.0,0.0,4257,3502,4.2673730083704005,0.025366295989602806,True,False
Completed,370,3700,COMPLETED,SOBOL,0.55,1.0,0.0,3642,1646,8.107911415196023,0.00815822938270867,True,False
Completed,371,3710,COMPLETED,SOBOL,0.55,269.0,0.0,449,3756,1.3439520625611767,0.04819425732176751,False,True
Completed,372,3720,COMPLETED,SOBOL,0.55,229.0,0.0,842,2423,3.5044274353850633,0.03876772630866617,False,True
Completed,373,3730,COMPLETED,SOBOL,0.55,1.0,0.0,2648,4533,7.0459757723454395,0.004532242847606539,True,False
Completed,374,3740,COMPLETED,SOBOL,0.55,1.0,0.0,4455,304,0.8960963897118346,0.03527471629530192,True,False
Completed,375,3750,COMPLETED,SOBOL,0.55,346.0,0.0,1418,3037,9.805694646635093,0.01962613676209003,False,True
Completed,376,3760,COMPLETED,SOBOL,0.55,180.0,0.0,1828,1274,0.45082825892791156,0.0023521420150063935,True,True
Completed,377,3770,COMPLETED,SOBOL,0.55,0.0,0.0,4709,4164,9.000422600228339,0.04239120705286041,False,False
Completed,378,3780,COMPLETED,SOBOL,0.55,0.0,0.0,2863,985,2.690646354447119,0.02518095085816458,False,False
Completed,379,3790,COMPLETED,SOBOL,0.55,322.0,0.0,1213,3249,6.609288231763058,0.034258578136097645,True,True
Completed,380,3800,COMPLETED,SOBOL,0.56,98.0,0.0,77,518,8.23751792684011,0.03102007082430646,True,True
Completed,381,3810,COMPLETED,SOBOL,0.55,0.0,0.0,3427,2782,2.463669877698645,0.015368460093159229,False,False
Completed,382,3820,COMPLETED,SOBOL,0.55,0.0,0.0,4003,2053,6.161399556142278,0.046114621947053826,False,False
Completed,383,3830,COMPLETED,SOBOL,0.55,245.0,0.0,1884,4944,4.388395689134486,0.011876102862413973,True,True
Completed,384,3840,COMPLETED,SOBOL,0.55,0.0,0.0,1896,925,8.281921256100759,0.047956862549763175,False,False
Completed,385,3850,COMPLETED,SOBOL,0.55,216.0,0.0,4016,3660,2.263888308538124,0.007530890118796379,True,True
Completed,386,3860,COMPLETED,SOBOL,0.55,293.0,0.0,3400,1801,6.069070391883143,0.025901296662632377,True,True
Completed,387,3870,COMPLETED,SOBOL,0.55,1.0,0.0,51,3910,4.637896417704411,0.016437139277812096,False,False
Completed,388,3880,COMPLETED,SOBOL,0.55,0.0,0.0,1240,2269,0.5245064619220794,0.01929025405785069,False,False
Completed,389,3890,COMPLETED,SOBOL,0.55,203.0,0.0,2890,4377,8.771480586808174,0.03455533505091444,True,True
Completed,390,3900,COMPLETED,SOBOL,0.56,56.0,0.0,4697,146,2.5886097564874215,0.0049693235461600125,True,True
Completed,391,3910,COMPLETED,SOBOL,0.55,0.0,0.0,1816,2880,6.868458250875586,0.03882093486888334,False,False
Completed,392,3920,COMPLETED,SOBOL,0.55,1.0,0.0,1444,1432,3.7239440658781677,0.034012578158639374,True,False
Completed,393,3930,COMPLETED,SOBOL,0.55,190.0,0.0,4482,4321,6.9824053572136915,0.024551450496539475,False,True
Completed,394,3940,COMPLETED,SOBOL,0.55,205.0,0.0,2636,1139,0.6274318531984464,0.04291967925429344,False,True
Completed,395,3950,COMPLETED,SOBOL,0.55,1.0,0.0,829,3405,9.917765130088664,0.002496743922121823,True,False
Completed,396,3960,COMPLETED,SOBOL,0.55,2.0,0.0,461,362,5.242988123878837,0.011535229966975749,True,False
Completed,397,3970,COMPLETED,SOBOL,0.55,220.0,0.0,3654,2628,4.213471883781255,0.04538380566611886,False,True
Completed,398,3980,COMPLETED,SOBOL,0.55,341.0,0.0,4230,1897,7.868521752416157,0.01580149436928332,False,True
Completed,399,3990,COMPLETED,SOBOL,0.55,1.0,0.0,2267,4786,1.4268621017551049,0.031063544164411726,True,False
Completed,400,4000,COMPLETED,SOBOL,0.55,293.0,0.0,2425,2127,7.478309973593802,0.00592886729631573,False,True
Completed,401,4010,COMPLETED,SOBOL,0.55,1.0,0.0,4075,4860,3.227755424518138,0.0401643151678145,True,False
Completed,402,4020,COMPLETED,SOBOL,0.55,1.0,0.0,3499,619,9.38129418499302,0.02102263710834086,True,False
Completed,403,4030,COMPLETED,SOBOL,0.55,227.0,0.0,618,2729,1.1636140054194257,0.036671275834552944,False,True
Completed,404,4040,COMPLETED,SOBOL,0.55,155.0,0.0,669,1087,3.9880703488271685,0.026857983290217817,False,True
Completed,405,4050,COMPLETED,SOBOL,0.55,1.0,0.0,2789,3196,5.4680675651934,0.01778342095576227,True,False
Completed,406,4060,COMPLETED,SOBOL,0.55,1.0,0.0,4634,1347,1.6141004014434293,0.04968605655431748,True,False
Completed,407,4070,COMPLETED,SOBOL,0.55,177.0,0.0,1285,4081,7.680956591193565,0.009649969791062177,False,True
Completed,408,4080,COMPLETED,SOBOL,0.56,67.0,0.0,1658,211,2.037285971842706,0.013681772978510708,True,True
Completed,409,4090,COMPLETED,SOBOL,0.55,0.0,0.0,4851,3101,8.508239567816258,0.029333419299218805,False,False
Completed,410,4100,COMPLETED,SOBOL,0.55,0.0,0.0,3045,2380,4.823933915651404,0.010189587057102472,False,False
Completed,411,4110,COMPLETED,SOBOL,0.55,195.0,0.0,1082,4644,5.882744101061486,0.044428046948742125,True,True
Completed,412,4120,COMPLETED,SOBOL,0.55,284.0,0.0,210,1603,9.268587494896725,0.04080286366818473,True,True
Completed,413,4130,COMPLETED,SOBOL,0.55,0.0,0.0,3247,3867,0.027077460194006565,0.0007637634095735849,False,False
Completed,414,4140,COMPLETED,SOBOL,0.55,0.0,0.0,3863,675,6.333189597488381,0.032670075612608346,False,False
Completed,415,4150,COMPLETED,SOBOL,0.55,176.0,0.0,2056,3566,3.123551548340358,0.02359250715887174,True,True
Completed,416,4160,COMPLETED,SOBOL,0.55,203.0,0.0,2128,1766,0.9054845234612003,0.008906714082695544,False,True
Completed,417,4170,COMPLETED,SOBOL,0.55,1.0,0.0,3759,4031,9.795696520351806,0.048894452888518576,True,False
Completed,418,4180,COMPLETED,SOBOL,0.55,1.0,0.0,3203,805,3.4553707153517754,0.018538774902001023,True,False
Completed,419,4190,COMPLETED,SOBOL,0.55,226.0,0.0,302,3695,7.094422499844805,0.027661661590449513,False,True
Completed,420,4200,COMPLETED,SOBOL,0.56,52.0,0.0,988,23,8.058711658320389,0.037474953397177165,False,True
Completed,421,4210,COMPLETED,SOBOL,0.55,1.0,0.0,3088,2913,1.3925418269028886,0.02177798884175718,True,False
Completed,422,4220,COMPLETED,SOBOL,0.55,1.0,0.0,4953,2236,5.042710097678007,0.039372709289193154,True,False
Completed,423,4230,COMPLETED,SOBOL,0.55,212.0,0.0,1584,4500,4.257231845244766,0.0051856108503416185,False,True
Completed,424,4240,COMPLETED,SOBOL,0.55,161.0,0.0,1330,1177,6.112810089793988,0.02278890778264031,True,True
Completed,425,4250,COMPLETED,SOBOL,0.55,0.0,0.0,4542,3287,4.437595744003542,0.03191483156988397,False,False
Completed,426,4260,COMPLETED,SOBOL,0.55,0.0,0.0,2717,1550,8.247659387959168,0.001555264547932893,False,False
Completed,427,4270,COMPLETED,SOBOL,0.55,202.0,0.0,773,4283,2.4541390051003544,0.04154603307647631,True,True
Completed,428,4280,COMPLETED,SOBOL,0.55,199.0,0.0,517,2022,2.7006447787238286,0.04517121856985614,True,True
Completed,429,4290,COMPLETED,SOBOL,0.55,0.0,0.0,3573,4755,6.599900396007114,0.01098108893306926,False,False
Completed,430,4300,COMPLETED,SOBOL,0.55,0.0,0.0,4169,393,0.4023818294219673,0.028578175994101913,False,False
Completed,431,4310,COMPLETED,SOBOL,0.55,204.0,0.0,2382,2502,9.049479618255049,0.012878175815101714,True,True
Completed,432,4320,COMPLETED,SOBOL,0.55,0.0,0.0,2222,506,4.858196230783128,0.0380172196882777,False,False
Completed,433,4330,COMPLETED,SOBOL,0.55,227.0,0.0,4322,2772,5.692497725403868,0.004213962223846466,True,True
Completed,434,4340,COMPLETED,SOBOL,0.55,218.0,0.0,3726,2084,1.9935443369746209,0.03534695494407788,True,True
Completed,435,4350,COMPLETED,SOBOL,0.55,0.0,0.0,357,4974,8.708537410579622,0.020033543696161362,False,False
Completed,436,4360,COMPLETED,SOBOL,0.55,0.0,0.0,931,1302,6.4553146769786265,0.01718042670330033,False,False
Completed,437,4370,COMPLETED,SOBOL,0.55,175.0,0.0,2562,4192,2.8455568377980964,0.02669291581818834,True,True
Completed,438,4380,COMPLETED,SOBOL,0.55,223.0,0.0,4388,976,9.156550535703078,0.006775528058875352,True,True
Completed,439,4390,COMPLETED,SOBOL,0.55,0.0,0.0,1487,3241,0.29563248412497345,0.04715314515633509,False,False
Completed,440,4400,COMPLETED,SOBOL,0.55,1.0,0.0,1744,2496,9.649871856424026,0.030320358528755607,True,False
Completed,441,4410,COMPLETED,SOBOL,0.55,241.0,0.0,4800,4604,1.0515973097784443,0.015009959300979973,False,True
Completed,442,4420,COMPLETED,SOBOL,0.56,67.0,0.0,2935,251,7.200254472393543,0.04613908658921719,False,True
Completed,443,4430,COMPLETED,SOBOL,0.55,1.0,0.0,1148,2985,3.349822097297758,0.012338836719281973,True,False
Completed,444,4440,COMPLETED,SOBOL,0.55,2.0,0.0,144,723,1.8143827485488728,0.003300351412035525,True,False
Completed,445,4450,COMPLETED,SOBOL,0.55,271.0,0.0,3357,3457,7.637197076720186,0.043674962390214206,False,True
Completed,446,4460,COMPLETED,SOBOL,0.55,204.0,0.0,3914,1711,3.79787761198543,0.023759917641058566,False,True
Completed,447,4470,COMPLETED,SOBOL,0.55,1.0,0.0,1970,3820,5.502385903088377,0.03326939326059073,True,False
Completed,448,4480,COMPLETED,SOBOL,0.55,1.0,0.0,2021,2194,4.063212221009658,0.01473035816801712,True,False
Completed,449,4490,COMPLETED,SOBOL,0.55,209.0,0.0,3984,4459,5.231809291785583,0.030019033380318434,False,True
Completed,450,4500,COMPLETED,SOBOL,0.56,52.0,0.0,3290,64,1.537738842186518,0.012809167011175305,False,True
Completed,451,4510,COMPLETED,SOBOL,0.55,1.0,0.0,97,2955,7.918435147662648,0.046636404463555665,True,False
Completed,452,4520,COMPLETED,SOBOL,0.55,1.0,0.0,1115,841,6.929734926830978,0.04339789715176449,True,False
Completed,453,4530,COMPLETED,SOBOL,0.55,205.0,0.0,2922,3732,3.6152140700556337,0.002996676246169955,False,True
Completed,454,4540,COMPLETED,SOBOL,0.55,237.0,0.0,4806,1729,9.931090706790798,0.033742448274511845,False,True
Completed,455,4550,COMPLETED,SOBOL,0.55,1.0,0.0,1769,3994,0.774934480833821,0.0242543190154247,True,False
Completed,456,4560,COMPLETED,SOBOL,0.55,0.0,0.0,1555,434,8.879909162284806,0.003913859936408699,False,False
Completed,457,4570,COMPLETED,SOBOL,0.55,377.0,0.0,4436,2544,0.5768727900180965,0.03773809200711548,True,True
Completed,458,4580,COMPLETED,SOBOL,0.55,243.0,0.0,2512,1981,6.720647051052191,0.020530390884727242,True,True
Completed,459,4590,COMPLETED,SOBOL,0.55,0.0,0.0,861,4714,2.57497769355122,0.03581605333928019,False,False
Completed,460,4600,COMPLETED,SOBOL,0.55,0.0,0.0,351,1514,2.274765720285475,0.02638952232617885,False,False
Completed,461,4610,COMPLETED,SOBOL,0.55,176.0,0.0,3701,4247,8.43187681658566,0.01690440434962511,True,True
Completed,462,4620,COMPLETED,SOBOL,0.55,166.0,0.0,4355,1214,4.587674450269901,0.047646512312814596,True,True
Completed,463,4630,COMPLETED,SOBOL,0.55,0.0,0.0,2236,3323,5.957887165217661,0.007248298264108596,False,False
Completed,464,4640,COMPLETED,SOBOL,0.55,250.0,0.0,2390,1012,0.1358266393430531,0.03161048213858157,True,True
Completed,465,4650,COMPLETED,SOBOL,0.55,0.0,0.0,4197,3278,9.32127681061253,0.022512330748140814,False,False
Completed,466,4660,COMPLETED,SOBOL,0.55,0.0,0.0,3543,1266,2.976068104031496,0.042040332568809395,False,False
Completed,467,4670,COMPLETED,SOBOL,0.55,175.0,0.0,506,4155,6.31988290611934,0.00202861303742975,True,True
Completed,468,4680,COMPLETED,SOBOL,0.55,281.0,0.0,708,2043,8.51939951457642,0.010680431964807214,True,True
Completed,469,4690,COMPLETED,SOBOL,0.55,0.0,0.0,2671,4932,2.187526451287791,0.04489113494940102,False,False
Completed,470,4700,COMPLETED,SOBOL,0.55,0.0,0.0,4595,547,5.832811820481904,0.013375601287931204,False,False
Completed,471,4710,COMPLETED,SOBOL,0.55,185.0,0.0,1402,2813,4.713037991893478,0.0290482067251578,True,True
Completed,472,4720,COMPLETED,SOBOL,0.55,210.0,0.0,1614,1675,5.318130890041591,0.04861834358936176,False,True
Completed,473,4730,COMPLETED,SOBOL,0.55,1.0,0.0,4964,3783,3.9772121204063295,0.008603593597654254,True,False
Completed,474,4740,COMPLETED,SOBOL,0.55,1.0,0.0,3079,760,7.792158703192138,0.028133784268517047,True,False
Completed,475,4750,COMPLETED,SOBOL,0.55,274.0,0.0,960,3494,1.6643415522044525,0.019032597992103547,False,True
Completed,476,4760,COMPLETED,SOBOL,0.56,76.0,0.0,250,293,3.1753699130956083,0.021498942389618608,False,True
Completed,477,4770,COMPLETED,SOBOL,0.55,1.0,0.0,3131,3027,7.3698625127840796,0.0371745841880329,True,False
Completed,478,4780,COMPLETED,SOBOL,0.55,1.0,0.0,3824,2454,1.1772268850291148,0.00565536285797134,True,False
Completed,479,4790,COMPLETED,SOBOL,0.55,261.0,0.0,2174,4563,9.529086499483325,0.03986909482767806,False,True
Completed,480,4800,COMPLETED,SOBOL,0.56,71.0,0.0,2082,104,6.6866921161348,0.029803560671396556,True,True
Completed,481,4810,COMPLETED,SOBOL,0.55,0.0,0.0,3869,2839,2.7655317474165932,0.0141792795881629,False,False
Completed,482,4820,COMPLETED,SOBOL,0.55,0.0,0.0,3234,2310,8.92395340947248,0.04414787924103439,False,False
Completed,483,4830,COMPLETED,SOBOL,0.55,227.0,0.0,177,4418,0.3768778575677425,0.00988882829900831,True,True
Completed,484,4840,COMPLETED,SOBOL,0.55,388.0,0.0,1034,1838,4.46585675099399,0.0012370071588084103,True,True
Completed,485,4850,COMPLETED,SOBOL,0.55,0.0,0.0,2978,3946,6.2361895539676775,0.04129707612283528,False,False
Completed,486,4860,COMPLETED,SOBOL,0.55,0.0,0.0,4921,889,2.387105291798711,0.02331600831076503,False,False
Completed,487,4870,COMPLETED,SOBOL,0.55,200.0,0.0,1708,3623,8.163624702967704,0.032365833871997894,True,True
Completed,488,4880,COMPLETED,SOBOL,0.55,288.0,0.0,1298,1938,1.2694688489632682,0.04066059596603736,False,True
Completed,489,4890,COMPLETED,SOBOL,0.55,2.0,0.0,4667,4827,8.030759223517961,0.006398532266262918,True,False
Completed,490,4900,COMPLETED,SOBOL,0.55,2.0,0.0,2763,321,4.341570632522926,0.03637098481180147,True,False
Completed,491,4910,COMPLETED,SOBOL,0.55,237.0,0.0,663,2586,5.110045231325553,0.020743698346894237,False,True
Completed,492,4920,COMPLETED,SOBOL,0.55,141.0,0.0,549,1103,9.73111603789311,0.018277354686986658,False,True
Completed,493,4930,COMPLETED,SOBOL,0.55,1.0,0.0,3449,3368,0.8190013755215333,0.027330187105108053,True,False
Completed,494,4940,COMPLETED,SOBOL,0.55,1.0,0.0,4123,1468,7.120230573985727,0.009346765218768269,True,False
Completed,495,4950,COMPLETED,SOBOL,0.55,213.0,0.0,2492,4358,3.581198344480246,0.04940984546532855,False,True
Completed,496,4960,COMPLETED,SOBOL,0.55,1.0,0.0,2339,1384,7.51379865271505,0.025045938908588142,True,False
Completed,497,4970,COMPLETED,SOBOL,0.55,224.0,0.0,4283,4117,1.786102483733557,0.034485737912822514,False,True
Completed,500,5000,COMPLETED,SOBOL,0.55,1.0,0.0,1569,2649,2.639015073686838,0.01710410788655281,True,False
Completed,501,5010,COMPLETED,SOBOL,0.55,199.0,0.0,3440,1772,5.900198208997958,0.04773579093907029,False,True
Completed,502,5020,COMPLETED,SOBOL,0.55,198.0,0.0,4642,4397,2.105895269487053,0.007670209972653538,False,True
Completed,503,5030,COMPLETED,SOBOL,0.55,1.0,0.0,273,1176,8.804883544785902,0.026120485345833003,True,False
Completed,504,5040,COMPLETED,SOBOL,0.55,1.0,0.0,1070,4152,6.367259492680431,0.032893480045255274,True,False
Completed,505,5050,COMPLETED,SOBOL,0.55,1233.0,0.0,4192,192,4.62897906699963,0.0016743332501500845,False,True
Completed,506,5060,COMPLETED,SOBOL,0.55,179.0,0.0,2719,3478,8.30341832459811,0.042130858812015504,False,True
Completed,507,5070,COMPLETED,SOBOL,0.55,1.0,0.0,2099,2173,0.0038655885523185135,0.02348030410706997,True,False
Completed,508,5080,COMPLETED,SOBOL,0.55,0.0,0.0,2446,4733,7.851689445002936,0.005720230226404966,False,False
Completed,509,5090,COMPLETED,SOBOL,0.55,153.0,0.0,3075,927,1.1137975697824731,0.03673841365100816,True,True
Completed,510,5100,COMPLETED,SOBOL,0.55,196.0,0.0,3767,2908,7.4443037279341375,0.021036420687101782,True,True
Completed,511,5110,COMPLETED,SOBOL,0.55,0.0,0.0,635,1445,4.144217020638288,0.03987283108616248,False,False
Completed,512,5120,COMPLETED,SOBOL,0.55,0.0,0.0,542,3151,1.6236495168264955,0.045486166590824724,False,False
Completed,513,5130,COMPLETED,SOBOL,0.55,196.0,0.0,4920,2432,9.884293810557574,0.014653519937302918,True,True
Completed,514,5140,COMPLETED,SOBOL,0.55,194.0,0.0,3249,3903,3.7465810523359107,0.02997363350167871,True,True
Completed,515,5150,COMPLETED,SOBOL,0.55,1.0,0.0,1369,528,5.445953110200354,0.011709213822614403,False,False
Completed,516,5160,COMPLETED,SOBOL,0.55,212.0,0.0,1499,3910,0.7017283832300455,0.04228984060743824,True,True
Completed,517,5170,COMPLETED,SOBOL,0.55,0.0,0.0,3377,413,7.712957108318807,0.024033486942760647,False,False
Completed,518,5180,COMPLETED,SOBOL,0.55,0.0,0.0,4714,3413,4.0482920535719025,0.03316127369599417,False,False
Completed,519,5190,COMPLETED,SOBOL,0.55,189.0,0.0,333,2259,6.9967793027097365,0.002336422354914248,True,True
Completed,520,5200,COMPLETED,SOBOL,0.55,194.0,0.0,825,3033,9.395344127829187,0.008712147566955538,True,True
Completed,521,5210,COMPLETED,SOBOL,0.55,0.0,0.0,3954,1369,1.408033108045347,0.02755662398040295,False,False
Completed,522,5220,COMPLETED,SOBOL,0.55,0.0,0.0,2967,4956,5.270679032204673,0.018037327808793635,False,False
Completed,523,5230,COMPLETED,SOBOL,0.56,107.0,0.0,2335,637,3.219701556313783,0.049063306545838715,True,True
Completed,524,5240,COMPLETED,SOBOL,0.55,194.0,0.0,1910,3710,6.0364047348164025,0.029697626038454474,False,True
Completed,525,5250,COMPLETED,SOBOL,0.55,1.0,0.0,2532,1893,3.0487087404932827,0.011054017106536777,True,False
Completed,526,5260,COMPLETED,SOBOL,0.55,1.0,0.0,4301,4286,9.254783592191524,0.045318782155402006,True,False
Completed,527,5270,COMPLETED,SOBOL,0.56,56.0,0.0,1181,126,2.2043460474191234,0.014107040662784131,False,True
Completed,528,5280,COMPLETED,SOBOL,0.55,190.0,0.0,143,4668,4.84208877374325,0.02009649697318673,False,True
Completed,529,5290,COMPLETED,SOBOL,0.55,1.0,0.0,4513,1013,6.853852662055754,0.03855371811939404,True,False
Completed,530,5300,COMPLETED,SOBOL,0.55,1.0,0.0,3646,2666,0.5331015979275108,0.0046714002434164285,True,False
Completed,531,5310,COMPLETED,SOBOL,0.55,232.0,0.0,1778,1666,8.481199104631319,0.035310488828923556,False,True
Completed,532,5320,COMPLETED,SOBOL,0.55,195.0,0.0,1866,4463,7.230821007925086,0.04984679214982316,True,True
Completed,533,5330,COMPLETED,SOBOL,0.55,0.0,0.0,3747,1121,4.281723356512376,0.01879683443903923,False,False
Completed,534,5340,COMPLETED,SOBOL,0.55,0.0,0.0,4423,2559,8.103853052100167,0.028343051163014027,False,False
Completed,535,5350,COMPLETED,SOBOL,0.55,222.0,0.0,44,1871,1.0932344312928617,0.009474967529997231,True,True
Completed,536,5360,COMPLETED,SOBOL,0.55,176.0,0.0,1115,3583,3.454973266625777,0.003096505148801953,True,True
Completed,537,5370,COMPLETED,SOBOL,0.55,0.0,0.0,4245,2078,5.505340563736857,0.033945717359893025,False,False
Completed,538,5380,COMPLETED,SOBOL,0.55,0.0,0.0,2596,4101,1.7976987487366423,0.024796487711835655,False,False
Completed,539,5390,COMPLETED,SOBOL,0.56,74.0,0.0,1968,253,9.785620245293714,0.04307757400069386,True,True
Completed,540,5400,COMPLETED,SOBOL,0.55,179.0,0.0,2246,2847,1.9709050969416275,0.03454738848283887,False,True
Completed,541,5410,COMPLETED,SOBOL,0.55,1.0,0.0,2864,1496,9.020732462934218,0.0038839316512458027,True,False
Completed,542,5420,COMPLETED,SOBOL,0.55,1.0,0.0,4045,4829,2.6572120419740677,0.037793736377730966,True,False
Completed,543,5430,COMPLETED,SOBOL,0.56,121.0,0.0,924,822,5.64551851307042,0.019311787032987925,False,True
Completed,544,5440,COMPLETED,SOBOL,0.55,194.0,0.0,400,3802,8.24654722063616,0.013320537506602706,False,True
Completed,545,5450,COMPLETED,SOBOL,0.55,1.0,0.0,4770,618,0.29783931165747346,0.04455625059688464,True,False
Completed,546,5460,COMPLETED,SOBOL,0.55,1.0,0.0,3313,3207,6.4635671950476254,0.010270608951337636,True,False
Completed,547,5470,COMPLETED,SOBOL,0.55,217.0,0.0,1441,2367,4.452413411016576,0.028937829528469593,False,True
Completed,548,5480,COMPLETED,SOBOL,0.55,1.0,0.0,1318,3356,9.194558870263398,0.02269558015232906,True,False
Completed,549,5490,COMPLETED,SOBOL,0.55,179.0,0.0,3187,2325,2.4961807737443595,0.04137086748145521,False,True
Completed,550,5500,COMPLETED,SOBOL,0.55,198.0,0.0,4974,4010,6.135460532517173,0.0008868801477365197,False,True
Completed,551,5510,COMPLETED,SOBOL,0.55,2.0,0.0,601,323,2.8736670228680596,0.032130387812852865,True,False
Completed,552,5520,COMPLETED,SOBOL,0.55,1.0,0.0,743,4860,0.394751847547479,0.02536069842474535,True,False
Completed,553,5530,COMPLETED,SOBOL,0.56,137.0,0.0,3861,741,8.694914985868149,0.006886815831996499,False,True
Completed,554,5540,COMPLETED,SOBOL,0.55,191.0,0.0,2971,3094,4.863030159007758,0.04697325126687065,False,True
Completed,555,5550,COMPLETED,SOBOL,0.55,1.0,0.0,2350,1318,6.600700480407105,0.016317589010111988,True,False
Completed,556,5560,COMPLETED,SOBOL,0.55,0.0,0.0,2150,4338,3.7539409404229374,0.012472019771113993,False,False
Completed,557,5570,COMPLETED,SOBOL,0.56,47.0,0.0,2780,65,7.054638049993665,0.03076005109539256,True,True
Completed,558,5580,COMPLETED,SOBOL,0.55,179.0,0.0,4139,3604,0.8791360010011122,0.015413042057305575,True,True
Completed,559,5590,COMPLETED,SOBOL,0.55,0.0,0.0,1011,1987,7.61641777194012,0.04626966030849144,False,False
Completed,560,5600,COMPLETED,SOBOL,0.55,0.0,0.0,167,2757,5.0544470248883595,0.04066057406831533,False,False
Completed,561,5610,COMPLETED,SOBOL,0.55,188.0,0.0,4549,1567,3.355685145803727,0.021799435470718893,True,True
Completed,562,5620,COMPLETED,SOBOL,0.55,198.0,0.0,3544,4602,9.650862544866278,0.03752284920122475,True,True
Completed,563,5630,COMPLETED,SOBOL,0.55,0.0,0.0,1664,1069,1.389607774361968,0.00648029753053561,False,False
Completed,564,5640,COMPLETED,SOBOL,0.55,0.0,0.0,1681,4107,9.969254379734396,0.03135124252177774,False,False
Completed,565,5650,COMPLETED,SOBOL,0.56,62.0,0.0,3561,295,1.7080779442507774,0.012506885969545693,True,True
Completed,566,5660,COMPLETED,SOBOL,0.55,176.0,0.0,4608,3530,5.3654922416890045,0.046767248976975685,True,True
Completed,567,5670,COMPLETED,SOBOL,0.55,0.0,0.0,230,2062,3.666807282156311,0.015741101696621625,False,False
Completed,568,5680,COMPLETED,SOBOL,0.55,0.0,0.0,948,2523,1.182876877550967,0.021737283696420494,False,False
Completed,569,5690,COMPLETED,SOBOL,0.55,216.0,0.0,4080,1800,7.920235419045203,0.039993757222313436,True,True
Completed,570,5700,COMPLETED,SOBOL,0.55,182.0,0.0,2763,4526,4.0698727650977675,0.006131183623336256,True,True
Completed,571,5710,COMPLETED,SOBOL,0.55,0.0,0.0,2133,1146,7.370647762699053,0.0369558664211072,False,False
Completed,572,5720,COMPLETED,SOBOL,0.55,1.0,0.0,2412,3282,4.5420439189132304,0.04084996488457546,True,False
Completed,573,5730,COMPLETED,SOBOL,0.55,178.0,0.0,3031,2399,6.279942391525955,0.02239253388904035,False,True
Completed,574,5740,COMPLETED,SOBOL,0.55,198.0,0.0,3880,3779,0.08599589070957155,0.031515682566445324,False,True
Completed,575,5750,COMPLETED,SOBOL,0.55,1.0,0.0,758,553,8.386385913771576,0.0008768495619297027,True,False
Completed,576,5760,COMPLETED,SOBOL,0.55,1.0,0.0,586,4784,5.829126442714595,0.007259445034433156,True,False
Completed,577,5770,COMPLETED,SOBOL,0.56,153.0,0.0,4955,819,2.56756026479695,0.025902844117023052,False,True
Completed,578,5780,COMPLETED,SOBOL,0.55,194.0,0.0,3127,2861,8.880915113577618,0.016403056188020855,False,True
Completed,579,5790,COMPLETED,SOBOL,0.55,1.0,0.0,1256,1551,2.1827653172686694,0.04761505326163024,True,False
Completed,580,5800,COMPLETED,SOBOL,0.55,181.0,0.0,1465,3078,6.769811700577848,0.0040672641284763816,False,True
Completed,581,5810,COMPLETED,SOBOL,0.55,1.0,0.0,3333,1266,4.758581145991572,0.03528619517339394,True,False
Completed,582,5820,COMPLETED,SOBOL,0.55,1.0,0.0,4826,4903,8.560130074916408,0.01958881668187678,True,False
Completed,583,5830,COMPLETED,SOBOL,0.56,153.0,0.0,456,747,0.611344277907163,0.038239632868673656,False,True
Completed,584,5840,COMPLETED,SOBOL,0.55,195.0,0.0,869,4036,2.9780995344985275,0.04384454065468162,False,True
Completed,585,5850,COMPLETED,SOBOL,0.55,2.0,0.0,3988,385,5.966327670574189,0.013212641621474178,True,False
Completed,586,5860,COMPLETED,SOBOL,0.55,1.0,0.0,2844,3284,2.279609910658561,0.028513176132924856,True,False
Completed,587,5870,COMPLETED,SOBOL,0.55,186.0,0.0,2222,2290,9.329360357099212,0.01006316224159673,False,True
Completed,588,5880,COMPLETED,SOBOL,0.55,181.0,0.0,2022,4537,1.4940474564591422,0.01854481964139268,True,True
Completed,589,5890,COMPLETED,SOBOL,0.55,0.0,0.0,2654,1046,9.481741621284746,0.049377580255270004,False,False
Completed,590,5900,COMPLETED,SOBOL,0.55,0.0,0.0,4267,2790,3.1391023443564774,0.009316472140606494,False,False
Completed,591,5910,COMPLETED,SOBOL,0.55,190.0,0.0,1137,1641,5.1892413412574685,0.02758072917722166,True,True
Completed,592,5920,COMPLETED,SOBOL,0.55,196.0,0.0,21,3659,7.7855599648021165,0.03434553514281288,True,True
Completed,593,5930,COMPLETED,SOBOL,0.55,0.0,0.0,4402,2001,0.7747131927814335,0.0033274656785652044,False,False
Completed,594,5940,COMPLETED,SOBOL,0.55,0.0,0.0,3690,4334,6.919826934245416,0.04376427056686953,False,False
Completed,595,5950,COMPLETED,SOBOL,0.56,44.0,0.0,1812,20,3.9705023980913685,0.024927697525359692,True,True
Completed,596,5960,COMPLETED,SOBOL,0.55,179.0,0.0,1754,3474,0.22166895242966714,0.010826452060602607,False,True
Completed,597,5970,COMPLETED,SOBOL,0.55,1.0,0.0,3626,2128,8.169844570659102,0.02930045525217429,True,False
Completed,598,5980,COMPLETED,SOBOL,0.55,1.0,0.0,4457,4207,4.523318822472357,0.013973190491087736,True,False
Completed,599,5990,COMPLETED,SOBOL,0.56,58.0,0.0,87,205,6.535159853831866,0.04462868346692994,False,True
Completed,600,6000,COMPLETED,SOBOL,0.55,180.0,0.0,1236,4430,8.938474098104052,0.03902632549777627,False,True
Completed,601,6010,COMPLETED,SOBOL,0.55,1.0,0.0,4357,1251,1.8881132493885233,0.020351158767472954,True,False
Completed,602,6020,COMPLETED,SOBOL,0.55,1.0,0.0,2552,2584,5.7322765785660605,0.036070170456543565,True,False
Completed,603,6030,COMPLETED,SOBOL,0.55,189.0,0.0,1934,1749,2.7446585467718543,0.004826493510510772,False,True
Completed,604,6040,COMPLETED,SOBOL,0.55,177.0,0.0,2281,3830,5.5795174214728185,0.024144023923669013,True,True
Completed,605,6050,COMPLETED,SOBOL,0.55,0.0,0.0,2909,493,3.5287680222969504,0.04300495193433017,False,False
Completed,606,6060,COMPLETED,SOBOL,0.55,0.0,0.0,3932,3177,9.716403190066107,0.002540472843218595,False,False
Completed,607,6070,COMPLETED,SOBOL,0.55,178.0,0.0,802,2494,1.7293191295219585,0.033583280832506716,True,True
Completed,608,6080,COMPLETED,SOBOL,0.55,191.0,0.0,356,2951,4.362008483403363,0.02682045838562772,True,True
Completed,609,6090,COMPLETED,SOBOL,0.55,0.0,0.0,4735,1451,7.310722840777599,0.008532216474413873,False,False
Completed,610,6100,COMPLETED,SOBOL,0.55,0.0,0.0,3435,4717,1.0081444584727286,0.04861401383345947,False,False
Completed,611,6110,COMPLETED,SOBOL,0.56,145.0,0.0,1554,874,8.019601707266643,0.01775765190087259,True,True
Completed,612,6120,COMPLETED,SOBOL,0.55,0.0,0.0,1352,4969,3.432765576940961,0.0361936276005581,False,False
Completed,613,6130,COMPLETED,SOBOL,0.56,123.0,0.0,3232,691,5.132060938748531,0.005344198901671917,True,True
Completed,614,6140,COMPLETED,SOBOL,0.55,200.0,0.0,4861,2987,1.3171820004694164,0.03923442457523197,True,True
Completed,615,6150,COMPLETED,SOBOL,0.55,0.0,0.0,479,1366,9.57774833167158,0.020953600505832583,False,False
Completed,616,6160,COMPLETED,SOBOL,0.55,0.0,0.0,698,3389,7.135376052387059,0.014953925842419268,False,False
Completed,617,6170,COMPLETED,SOBOL,0.55,193.0,0.0,3826,2195,3.835211233565584,0.04600366706540809,True,True
Completed,618,6180,COMPLETED,SOBOL,0.55,192.0,0.0,3093,3984,7.530569778353908,0.0117226398922503,True,True
Completed,619,6190,COMPLETED,SOBOL,0.55,0.0,0.0,2463,446,0.7926007600864396,0.030590985744725914,False,False
Completed,620,6200,COMPLETED,SOBOL,0.55,1.0,0.0,2038,2728,8.619826864249072,0.04839921156363562,True,False
Completed,621,6210,COMPLETED,SOBOL,0.55,191.0,0.0,2659,1692,0.320047019966878,0.017163613171316684,False,True
Completed,622,6220,COMPLETED,SOBOL,0.55,181.0,0.0,4173,4633,6.67143909004517,0.026690109221730384,False,True
Completed,623,6230,COMPLETED,SOBOL,0.55,1.0,0.0,1055,941,4.932930140659214,0.008022725264541803,True,False
Completed,624,6240,COMPLETED,SOBOL,0.55,1.0,0.0,289,4234,2.41741720126383,0.0016360708302818239,True,False
Completed,625,6250,COMPLETED,SOBOL,0.56,50.0,0.0,4661,110,9.116177399847656,0.03229964235983789,False,True
Completed,626,6260,COMPLETED,SOBOL,0.55,185.0,0.0,3500,3716,2.9578457318050786,0.023154885563533754,False,True
Completed,627,6270,COMPLETED,SOBOL,0.55,1.0,0.0,1631,1935,6.218801805441268,0.041636671528220176,True,False
Completed,628,6280,COMPLETED,SOBOL,0.55,177.0,0.0,1611,4819,2.341454757633619,0.021331853826995942,False,True
Completed,629,6290,COMPLETED,SOBOL,0.55,1.0,0.0,3480,851,9.352035682273097,0.0395902395080775,True,False
Completed,630,6300,COMPLETED,SOBOL,0.55,1.0,0.0,4680,2818,3.0289260002132505,0.005810360650997609,True,False
Completed,631,6310,COMPLETED,SOBOL,0.55,206.0,0.0,309,1506,5.978061049800367,0.0366369548663497,False,True
Completed,632,6320,COMPLETED,SOBOL,0.55,180.0,0.0,1035,3237,8.540165297904982,0.030256225079763683,False,True
Completed,633,6330,COMPLETED,SOBOL,0.55,1.0,0.0,4154,2357,0.5522814975157381,0.011413780682720245,True,False
Completed,634,6340,COMPLETED,SOBOL,0.55,1.0,0.0,2678,3812,6.755982831611298,0.045587625375483186,True,False
Completed,635,6350,COMPLETED,SOBOL,0.56,98.0,0.0,2057,589,4.705578136325815,0.014563389512710275,False,True
Completed,636,6360,COMPLETED,SOBOL,0.55,178.0,0.0,2482,2568,6.899517378845252,0.0075795128811150785,True,True
Completed,637,6370,COMPLETED,SOBOL,0.55,0.0,0.0,3112,1842,3.9111735095744953,0.02622402104875073,False,False
Completed,638,6380,COMPLETED,SOBOL,0.55,0.0,0.0,3807,4493,7.771310627117754,0.016807730194181206,False,False
Completed,639,6390,COMPLETED,SOBOL,0.55,146.0,0.0,679,1111,0.7215209572929889,0.04802083709044382,True,True
Completed,640,6400,COMPLETED,SOBOL,0.55,178.0,0.0,499,4071,3.200531490508467,0.04202732310909778,True,True
Completed,641,6410,COMPLETED,SOBOL,0.55,0.0,0.0,4881,262,5.211722672713921,0.02357100119860843,False,False
Completed,642,6420,COMPLETED,SOBOL,0.55,0.0,0.0,3212,3573,1.5445339116798713,0.03260843389388174,False,False
Completed,643,6430,COMPLETED,SOBOL,0.55,177.0,0.0,1332,2107,9.493204124490731,0.001970710712019354,True,True
Completed,644,6440,COMPLETED,SOBOL,0.55,0.0,0.0,1534,3614,4.124280813746155,0.04502377526042983,False,False
Completed,645,6450,COMPLETED,SOBOL,0.55,222.0,0.0,3416,1958,7.386112913543359,0.014390719197690489,True,True
Completed,646,6460,COMPLETED,SOBOL,0.55,177.0,0.0,4755,4367,1.2507546013453974,0.029607827445026488,True,True
Completed,647,6470,COMPLETED,SOBOL,0.55,0.0,0.0,376,55,7.949093809722924,0.011156657261773945,False,False
Completed,648,6480,COMPLETED,SOBOL,0.55,0.0,0.0,783,4573,5.347931601104327,0.004387721708510071,False,False
Completed,649,6490,COMPLETED,SOBOL,0.55,159.0,0.0,3913,1079,3.610222689556889,0.03560549572389573,True,True
Completed,650,6500,COMPLETED,SOBOL,0.55,203.0,0.0,2928,2747,9.943106537219137,0.019993856817949563,True,True
Completed,651,6510,COMPLETED,SOBOL,0.55,0.0,0.0,2300,1596,1.6429822870399802,0.03864351671282202,False,False
Completed,652,6520,COMPLETED,SOBOL,0.55,1.0,0.0,1953,4000,8.863083596972748,0.033253149207681416,True,False
Completed,653,6530,COMPLETED,SOBOL,0.56,72.0,0.0,2571,352,2.125840714175254,0.0022332155327312647,False,True
Completed,654,6540,COMPLETED,SOBOL,0.55,183.0,0.0,4338,3327,5.802784606481903,0.042587302075698975,False,True
Completed,655,6550,COMPLETED,SOBOL,0.55,1.0,0.0,1217,2335,2.5020489067630844,0.023748864085879177,True,False
Completed,656,6560,COMPLETED,SOBOL,0.55,1.0,0.0,107,3123,0.1402147135352716,0.018140534630976618,True,False
Completed,657,6570,COMPLETED,SOBOL,0.55,173.0,0.0,4477,1309,8.40143059589807,0.04897143103415147,False,True
Completed,658,6580,COMPLETED,SOBOL,0.55,192.0,0.0,3606,4870,4.609655534582213,0.008996770423837007,False,True
Completed,659,6590,COMPLETED,SOBOL,0.55,1.0,0.0,1734,712,6.308456003814936,0.027259162512142214,True,False
Completed,660,6600,COMPLETED,SOBOL,0.55,0.0,0.0,1831,2918,7.55820758797694,0.037883723890874535,False,False
Completed,661,6610,COMPLETED,SOBOL,0.55,164.0,0.0,3709,1416,0.8592579028261826,0.01921046857815236,True,True
Completed,662,6620,COMPLETED,SOBOL,0.55,193.0,0.0,4382,4763,7.152061784286053,0.03484296195255593,True,True
Completed,663,6630,COMPLETED,SOBOL,0.55,0.0,0.0,1,917,3.8908398632686585,0.0036011971617117525,False,False
Completed,664,6640,COMPLETED,SOBOL,0.55,0.0,0.0,1157,3873,1.2533069243133068,0.0103719274061732,False,False
Completed,665,6650,COMPLETED,SOBOL,0.56,92.0,0.0,4286,538,9.552821070211008,0.028847842015326024,True,True
Completed,666,6660,COMPLETED,SOBOL,0.55,203.0,0.0,2635,3141,3.374960403286852,0.013603271996136757,True,True
Completed,667,6670,COMPLETED,SOBOL,0.55,0.0,0.0,2003,2461,5.113279717109167,0.04426067712716759,False,False
Completed,668,6680,COMPLETED,SOBOL,0.55,1.0,0.0,2203,4388,2.8935549548259005,0.028046911395154896,True,False
Completed,669,6690,COMPLETED,SOBOL,0.55,188.0,0.0,2825,1206,6.193680550263264,0.009759779306594283,False,True
Completed,670,6700,COMPLETED,SOBOL,0.55,178.0,0.0,4008,2620,2.359272017115727,0.04975586068350822,False,True
Completed,671,6710,COMPLETED,SOBOL,0.55,1.0,0.0,888,1781,9.097125302188099,0.018900607835967094,True,False
Completed,672,6720,COMPLETED,SOBOL,0.55,1.0,0.0,436,3507,6.6987321212794635,0.024511675935238602,True,False
Completed,673,6730,COMPLETED,SOBOL,0.55,176.0,0.0,4807,2163,4.999321175273509,0.04337371376855299,False,True
Completed,674,6740,COMPLETED,SOBOL,0.55,210.0,0.0,3353,4162,8.636092127430253,0.0029927317518740892,False,True
Completed,675,6750,COMPLETED,SOBOL,0.56,1.0,0.0,1485,162,0.37548642384726555,0.034036648826207966,True,False
Completed,676,6760,COMPLETED,SOBOL,0.55,192.0,0.0,1276,4276,5.742789376737551,0.015323478207457811,False,True
Completed,677,6770,COMPLETED,SOBOL,0.55,3.0,0.0,3147,155,2.7942644314318894,0.04637206313852221,True,False
Completed,678,6780,COMPLETED,SOBOL,0.55,1.0,0.0,4935,3681,8.962370004332625,0.012176775550935418,True,False
Completed,679,6790,COMPLETED,SOBOL,0.55,206.0,0.0,566,1902,1.9511786774182691,0.031043964373879136,False,True
Completed,680,6800,COMPLETED,SOBOL,0.55,211.0,0.0,777,2695,4.471536393861287,0.037420446371193974,False,True
Completed,681,6810,COMPLETED,SOBOL,0.55,1.0,0.0,3899,1657,6.522551565920003,0.006569861380383372,True,False
Completed,682,6820,COMPLETED,SOBOL,0.55,1.0,0.0,3012,4678,0.16138559098355473,0.04037666078982875,True,False
Completed,683,6830,COMPLETED,SOBOL,0.55,134.0,0.0,2392,984,8.148659212592989,0.022094679690897467,False,True
Completed,684,6840,COMPLETED,SOBOL,0.55,196.0,0.0,2114,3422,0.9561728040389718,0.0011842016549780967,True,True
Completed,685,6850,COMPLETED,SOBOL,0.55,0.0,0.0,2743,2230,8.006572950636968,0.031845908236224206,False,False
Completed,686,6860,COMPLETED,SOBOL,0.55,0.0,0.0,4099,3939,4.301459013831802,0.022787598944269124,False,False
Completed,687,6870,COMPLETED,SOBOL,0.56,73.0,0.0,967,403,7.2891927043227485,0.04126752069825307,True,True
Completed,688,6880,COMPLETED,SOBOL,0.55,194.0,0.0,210,4927,9.726645112217405,0.0472577308434993,True,True
Completed,689,6890,COMPLETED,SOBOL,0.55,0.0,0.0,4588,646,1.7785850036880002,0.01602026750287041,False,False
Completed,690,6900,COMPLETED,SOBOL,0.55,0.0,0.0,3581,3023,5.603219333983958,0.025464045207947494,False,False
Completed,691,6910,COMPLETED,SOBOL,0.55,172.0,0.0,1701,1399,3.5914177495036275,0.006794797040056437,True,True
Completed,692,6920,COMPLETED,SOBOL,0.55,192.0,0.0,1645,3186,5.287292351702229,0.0318109505744651,True,True
Completed,693,6930,COMPLETED,SOBOL,0.55,0.0,0.0,3524,2465,3.2754127301946285,0.0005929128644056619,False,False
Completed,694,6940,COMPLETED,SOBOL,0.55,0.0,0.0,4568,3860,9.422899393274449,0.04093955252226442,False,False
Completed,695,6950,COMPLETED,SOBOL,0.56,99.0,0.0,186,483,1.4747626631865278,0.02229010763997212,True,True
Completed,696,6960,COMPLETED,SOBOL,0.55,209.0,0.0,991,4688,3.9904091036347675,0.0166869928855449,True,True
Completed,697,6970,COMPLETED,SOBOL,0.55,0.0,0.0,4119,884,6.978065725577064,0.04731978525361046,False,False
Completed,698,6980,COMPLETED,SOBOL,0.55,0.0,0.0,2800,2941,0.637785662567243,0.007361871283501386,False,False
Completed,699,6990,COMPLETED,SOBOL,0.55,211.0,0.0,2169,1481,7.68810762314126,0.02581325647933409,True,True
Completed,700,7000,COMPLETED,SOBOL,0.55,177.0,0.0,2370,4197,0.47502465427294377,0.04667520676599816,False,True
Completed,701,7010,COMPLETED,SOBOL,0.55,2.0,0.0,2990,235,8.46206982667558,0.015844472267664965,True,False
Completed,702,7020,COMPLETED,SOBOL,0.55,1.0,0.0,3841,3445,4.777875177060254,0.031053897595498713,True,False
Completed,703,7030,COMPLETED,SOBOL,0.55,192.0,0.0,723,2137,6.828663166384214,0.01279138933401555,False,True
Completed,704,7040,COMPLETED,SOBOL,0.55,178.0,0.0,621,2614,9.271130803563633,0.006027813052292913,False,True
Completed,705,7050,COMPLETED,SOBOL,0.55,1.0,0.0,4993,1739,2.25971244291123,0.03704790863208473,True,False
Completed,706,7060,COMPLETED,SOBOL,0.55,1.0,0.0,3168,4440,6.063770774438978,0.021452780331950635,True,False
Completed,707,7070,COMPLETED,SOBOL,0.55,164.0,0.0,1299,1222,3.11501782691665,0.040291102148592474,False,True
Completed,708,7080,COMPLETED,SOBOL,0.55,1.0,0.0,1422,4623,8.32739200710971,0.009020875251851976,True,False
Completed,709,7090,COMPLETED,SOBOL,0.55,147.0,0.0,3294,970,0.06686337207537145,0.027863487454596908,False,True
Completed,710,7100,COMPLETED,SOBOL,0.55,176.0,0.0,4789,2699,6.377839935358614,0.018454808709211647,False,True
Completed,711,7110,COMPLETED,SOBOL,0.55,1.0,0.0,419,1702,4.678507175376639,0.04947892249794677,True,False
Completed,712,7120,COMPLETED,SOBOL,0.55,1.0,0.0,905,3745,2.0456843204423785,0.043481512289494276,True,False
Completed,713,7130,COMPLETED,SOBOL,0.55,265.0,0.0,4025,1926,8.783615642542019,0.02522329441411421,False,True
Completed,714,7140,COMPLETED,SOBOL,0.55,186.0,0.0,2884,4243,2.5873152916887774,0.03424419290013612,False,True
Completed,715,7150,COMPLETED,SOBOL,0.55,5.0,0.0,2266,80,5.887517508684658,0.003417476610746235,True,False
Completed,716,7160,COMPLETED,SOBOL,0.55,0.0,0.0,1988,2997,3.6859496345734226,0.019679771936032923,False,False
Completed,717,7170,COMPLETED,SOBOL,0.55,161.0,0.0,2616,1336,5.424495982133784,0.03813583605270833,True,True
Completed,718,7180,COMPLETED,SOBOL,0.55,187.0,0.0,4226,4999,1.5716048540044576,0.004363427684176713,True,True
Completed,719,7190,COMPLETED,SOBOL,0.55,0.0,0.0,1095,682,9.871347002118826,0.035001359977759425,False,False
Completed,720,7200,COMPLETED,SOBOL,0.55,0.0,0.0,63,3955,7.467937399951742,0.028616972948890183,False,False
Completed,721,7210,COMPLETED,SOBOL,0.56,72.0,0.0,4442,456,4.206943928141148,0.009972206987440587,True,True
Completed,722,7220,COMPLETED,SOBOL,0.55,192.0,0.0,3728,3380,7.861854186858051,0.04412937585031614,True,True
Completed,723,7230,COMPLETED,SOBOL,0.55,0.0,0.0,1847,2224,1.1631316844420507,0.012916478065773845,False,False
Completed,724,7240,COMPLETED,SOBOL,0.55,1.0,0.0,1797,3769,4.913778848439455,0.002630294855684042,True,False
Completed,725,7250,COMPLETED,SOBOL,0.56,116.0,0.0,3665,583,6.612501504139975,0.03348061688942835,False,True
Completed,726,7260,COMPLETED,SOBOL,0.55,194.0,0.0,4494,3253,0.45652905001584443,0.02443905423767865,False,True
Completed,727,7270,COMPLETED,SOBOL,0.55,1.0,0.0,124,2409,8.717668087325059,0.04272124961158261,True,False
Completed,728,7280,COMPLETED,SOBOL,0.55,1.0,0.0,1201,2890,6.121559251149185,0.04871667777653784,True,False
Completed,729,7290,COMPLETED,SOBOL,0.55,178.0,0.0,4321,1541,2.820746557380073,0.017667829888407142,False,True
Completed,730,7300,COMPLETED,SOBOL,0.55,222.0,0.0,2512,4794,9.174511549074202,0.027104160708375277,False,True
Completed,731,7310,COMPLETED,SOBOL,0.55,1.0,0.0,1890,789,2.4371904057543725,0.008237186160404236,True,False
Completed,732,7320,COMPLETED,SOBOL,0.55,0.0,0.0,2315,3540,9.636695155372843,0.0136757052349858,False,False
Completed,733,7330,COMPLETED,SOBOL,0.55,174.0,0.0,2947,2033,1.3363425304852425,0.044913329742848875,True,True
Completed,734,7340,COMPLETED,SOBOL,0.55,179.0,0.0,3974,4136,5.034210477876478,0.010734552761074156,True,True
Completed,735,7350,COMPLETED,SOBOL,0.55,0.0,0.0,845,286,3.2962743090959266,0.029403685493394734,False,False
Completed,736,7360,COMPLETED,SOBOL,0.55,0.0,0.0,314,4496,0.9296906967153773,0.03578552418062464,False,False
Completed,737,7370,COMPLETED,SOBOL,0.55,190.0,0.0,4695,1156,7.627803094849923,0.005123978766612709,True,True
Completed,738,7380,COMPLETED,SOBOL,0.55,176.0,0.0,3397,2513,3.81544726687111,0.03892309525655583,True,True
Completed,739,7390,COMPLETED,SOBOL,0.55,0.0,0.0,1519,1829,7.0770511409565815,0.020443058067001404,False,False
Completed,740,7400,COMPLETED,SOBOL,0.55,191.0,0.0,1388,2799,1.8656488849325106,0.026599955009296537,True,True
Completed,741,7410,COMPLETED,SOBOL,0.55,0.0,0.0,3269,1612,9.814396091793665,0.008124207468237728,False,False
Completed,742,7420,COMPLETED,SOBOL,0.55,0.0,0.0,4901,4567,3.5094638594519347,0.04810375463590026,False,False
Completed,743,7430,COMPLETED,SOBOL,0.55,170.0,0.0,523,1036,5.520733302179725,0.01744622816843912,True,True
Completed,744,7440,COMPLETED,SOBOL,0.55,174.0,0.0,655,4305,8.077782985867932,0.023053403359837833,True,True
Completed,745,7450,COMPLETED,SOBOL,0.56,0.0,0.0,3787,29,1.0280711295753717,0.041726825740654026,False,False
Completed,746,7460,COMPLETED,SOBOL,0.55,0.0,0.0,3055,3650,7.213328011847102,0.0013534558331593871,False,False
Completed,747,7470,COMPLETED,SOBOL,0.55,179.0,0.0,2426,2030,4.225060987629928,0.03259509928757325,True,True
Completed,748,7480,COMPLETED,SOBOL,0.55,194.0,0.0,2079,4893,6.437157118321397,0.0395308254561387,False,True
Completed,749,7490,COMPLETED,SOBOL,0.55,1.0,0.0,2699,777,4.386979233278893,0.020668530566617847,True,False
Completed,750,7500,COMPLETED,SOBOL,0.55,1.0,0.0,4212,3049,8.228638523735105,0.03628434811113403,True,False
Completed,751,7510,COMPLETED,SOBOL,0.55,172.0,0.0,1090,1275,0.24098294905759396,0.005240639410912991,False,True
Completed,752,7520,COMPLETED,SOBOL,0.55,193.0,0.0,254,3313,2.7247417094521227,0.012007709831465036,False,True
Completed,753,7530,COMPLETED,SOBOL,0.55,1.0,0.0,4623,2280,5.674105133747682,0.030294584863819182,True,False
Completed,754,7540,COMPLETED,SOBOL,0.55,1.0,0.0,3459,4045,2.0250509113790467,0.015057485333178194,True,False
Completed,755,7550,COMPLETED,SOBOL,0.56,72.0,0.0,1588,356,9.035859093251638,0.04591294655483216,False,True
Completed,756,7560,COMPLETED,SOBOL,0.55,0.0,0.0,1601,4055,6.630830977064558,0.008424004478380084,False,False
Completed,757,7570,COMPLETED,SOBOL,0.56,69.0,0.0,3470,366,4.893008232030087,0.027073608776088807,True,True
Completed,758,7580,COMPLETED,SOBOL,0.55,211.0,0.0,4612,3304,8.743359245609492,0.017552789352834226,True,True
Completed,759,7590,COMPLETED,SOBOL,0.55,0.0,0.0,240,2270,0.4430436836536974,0.04877062062500045,False,False
Completed,760,7600,COMPLETED,SOBOL,0.55,0.0,0.0,1084,3059,2.843994244106114,0.04277587705198676,False,False
Completed,761,7610,COMPLETED,SOBOL,0.55,160.0,0.0,4203,1285,6.10563503212668,0.024324651271570477,True,True
Completed,762,7620,COMPLETED,SOBOL,0.55,179.0,0.0,2707,4883,2.448194231898524,0.033450938376598065,True,True
Completed,763,7630,COMPLETED,SOBOL,0.55,0.0,0.0,2086,767,9.146419606789015,0.0028179395706392826,False,False
Completed,764,7640,COMPLETED,SOBOL,0.55,1.0,0.0,2433,3640,1.3596295709675177,0.020581790001597256,True,False
Completed,765,7650,COMPLETED,SOBOL,0.55,194.0,0.0,3063,2020,9.620731619843282,0.038844138847664,False,True
Completed,766,7660,COMPLETED,SOBOL,0.55,224.0,0.0,3778,4315,3.3073937380630523,0.004960297904442997,False,True
Completed,767,7670,COMPLETED,SOBOL,0.55,11.0,0.0,650,39,5.006002895519138,0.0357912388406694,True,False
Completed,768,7680,COMPLETED,SOBOL,0.55,1.0,0.0,509,4557,7.646243402702734,0.029410226550418885,True,False
Completed,769,7690,COMPLETED,SOBOL,0.55,146.0,0.0,4891,1026,0.9088092081286013,0.010571745318360628,False,True
Completed,770,7700,COMPLETED,SOBOL,0.55,223.0,0.0,3280,2809,7.102776885102504,0.04483501090342179,False,True
Completed,771,7710,COMPLETED,SOBOL,0.55,1.0,0.0,1401,1622,3.801927351896651,0.013815121761523188,True,False
Completed,772,7720,COMPLETED,SOBOL,0.55,198.0,0.0,1505,2504,9.835127447569743,0.03240744277089835,False,True
Completed,773,7730,COMPLETED,SOBOL,0.55,1.0,0.0,3386,1819,1.8473586726412177,0.001383169751148671,True,False
Completed,774,7740,COMPLETED,SOBOL,0.55,1.0,0.0,4706,4506,5.534102972595953,0.0418411933016032,True,False
Completed,775,7750,COMPLETED,SOBOL,0.55,159.0,0.0,327,1166,3.4838883971134202,0.02299878772115335,False,True
Completed,776,7760,COMPLETED,SOBOL,0.55,211.0,0.0,851,4126,1.043879801648669,0.017392249914817512,False,True
Completed,777,7770,COMPLETED,SOBOL,0.55,2.0,0.0,3982,276,8.054650846091098,0.04821880697319284,True,False
Completed,778,7780,COMPLETED,SOBOL,0.55,1.0,0.0,2938,3550,4.253113520285115,0.008154747598804534,True,False
Completed,779,7790,COMPLETED,SOBOL,0.55,180.0,0.0,2310,2043,7.202363595332951,0.026413172096479687,False,True
Completed,780,7800,COMPLETED,SOBOL,0.55,183.0,0.0,1885,4803,4.402753319490701,0.04577356543345377,True,True
Completed,781,7810,COMPLETED,SOBOL,0.55,0.0,0.0,2503,799,6.414059527156875,0.015135792370885612,False,False
Completed,782,7820,COMPLETED,SOBOL,0.55,0.0,0.0,4328,2880,0.26892464678455147,0.03045740410825238,False,False
Completed,783,7830,COMPLETED,SOBOL,0.55,178.0,0.0,1208,1532,8.217784979398362,0.012001133369281889,True,True
Completed,784,7840,COMPLETED,SOBOL,0.55,180.0,0.0,137,3262,5.694720886700788,0.005234936552587896,True,True
Completed,785,7850,COMPLETED,SOBOL,0.55,0.0,0.0,4506,2419,2.7065671372329816,0.03644799356814474,False,False
Completed,786,7860,COMPLETED,SOBOL,0.55,0.0,0.0,3655,3760,9.049189409911632,0.02074752238066867,False,False
Completed,787,7870,COMPLETED,SOBOL,0.56,95.0,0.0,1783,573,1.9995147655475884,0.03939208171982318,True,True
Completed,788,7880,COMPLETED,SOBOL,0.55,179.0,0.0,1841,3370,3.249837118859403,0.0256495989440009,False,True
Completed,789,7890,COMPLETED,SOBOL,0.55,1.0,0.0,3719,2214,5.300662171115168,0.0073675629855133595,True,False
Completed,790,7900,COMPLETED,SOBOL,0.55,1.0,0.0,4450,3964,1.4564723018985242,0.047458541252650324,True,False
Completed,791,7910,COMPLETED,SOBOL,0.56,78.0,0.0,70,466,9.443630898047239,0.016608012781012805,False,True
Completed,792,7920,COMPLETED,SOBOL,0.55,210.0,0.0,1108,4989,6.967101458059624,0.022211811758577824,False,True
Completed,793,7930,COMPLETED,SOBOL,0.55,1.0,0.0,4237,672,4.018461487293244,0.041078945721965285,True,False
Completed,794,7940,COMPLETED,SOBOL,0.55,1.0,0.0,2605,3007,7.664975632361137,0.0005994776170700789,True,False
Completed,795,7950,COMPLETED,SOBOL,0.55,171.0,0.0,1973,1346,0.6535941856438294,0.031648119067307565,False,True
Completed,796,7960,COMPLETED,SOBOL,0.55,177.0,0.0,2252,4253,8.451216431335546,0.04017603865498677,True,True
Completed,797,7970,COMPLETED,SOBOL,0.55,0.0,0.0,2874,90,0.5029662030031905,0.021506746507249774,False,False
Completed,798,7980,COMPLETED,SOBOL,0.55,0.0,0.0,4037,3735,6.805565724216402,0.03723470325442031,False,False
Completed,799,7990,COMPLETED,SOBOL,0.55,217.0,0.0,917,1916,4.793649114275352,0.005997285184450448,True,True
Completed,800,8000,COMPLETED,SOBOL,0.55,179.0,0.0,426,2709,2.234176148083061,0.012761687494348736,True,True
Completed,801,8010,COMPLETED,SOBOL,0.55,0.0,0.0,4797,1712,9.284461269220337,0.03124156526848674,False,False
Completed,802,8020,COMPLETED,SOBOL,0.55,0.0,0.0,3285,4614,3.0968431057007986,0.015899075643625107,False,False
Completed,803,8030,COMPLETED,SOBOL,0.55,147.0,0.0,1416,961,6.084386676388793,0.04656082749553025,True,True
Completed,804,8040,COMPLETED,SOBOL,0.55,0.0,0.0,1305,4450,0.053377856716513634,0.0035802727127447727,False,False
Completed,805,8050,COMPLETED,SOBOL,0.55,153.0,0.0,3176,1231,8.353083314390853,0.034237639949191365,True,True
Completed,806,8060,COMPLETED,SOBOL,0.55,181.0,0.0,4984,2604,4.65773640997056,0.02508388941269368,True,True
Completed,807,8070,COMPLETED,SOBOL,0.55,0.0,0.0,615,1729,6.396169557279908,0.04355984357604757,False,False
Completed,808,8080,COMPLETED,SOBOL,0.55,0.0,0.0,709,3454,8.755523849253542,0.0495578908007592,False,False
Completed,809,8090,COMPLETED,SOBOL,0.55,182.0,0.0,3830,2147,2.0566879975898193,0.018316088115330788,True,True
Completed,810,8100,COMPLETED,SOBOL,0.55,213.0,0.0,3002,4188,5.871593438658864,0.02785776034742594,True,True
Completed,811,8110,COMPLETED,SOBOL,0.55,0.0,0.0,2383,225,2.610562829418108,0.009184544588904829,False,False
Completed,812,8120,COMPLETED,SOBOL,0.55,1.0,0.0,2182,2932,5.396288548773155,0.013030869137961419,True,False
Completed,813,8130,COMPLETED,SOBOL,0.55,201.0,0.0,2812,1471,3.6970689145438373,0.044074737069197005,False,True
Completed,814,8140,COMPLETED,SOBOL,0.55,180.0,0.0,4109,4698,9.855383615585975,0.009784574719611557,False,True
Completed,815,8150,COMPLETED,SOBOL,0.55,1.0,0.0,977,894,1.594891745490022,0.02864666298683733,True,False
Completed,816,8160,COMPLETED,SOBOL,0.55,1.0,0.0,181,3850,4.193423864169978,0.035031923250760884,True,False
Completed,817,8170,COMPLETED,SOBOL,0.56,106.0,0.0,4559,473,7.493663293094375,0.0041766212601214645,False,True
Completed,818,8180,COMPLETED,SOBOL,0.55,211.0,0.0,3532,3196,1.142250046858564,0.038081881679128855,False,True
Completed,819,8190,COMPLETED,SOBOL,0.55,1.0,0.0,1652,2475,7.8802946437075745,0.019794800024479628,True,False
Completed,820,8200,COMPLETED,SOBOL,0.55,1.0,0.0,1714,3013,0.8215158719494939,0.044327554475981745,True,False
Completed,821,8210,COMPLETED,SOBOL,0.55,188.0,0.0,3593,1389,7.559332168588416,0.01350078904349357,False,True
Completed,822,8220,COMPLETED,SOBOL,0.55,195.0,0.0,4578,4936,3.884871176094748,0.028805866571608933,False,True
Completed,823,8230,COMPLETED,SOBOL,0.55,1.0,0.0,196,656,7.184883273287677,0.010547699130140246,True,False
Completed,824,8240,COMPLETED,SOBOL,0.55,1.0,0.0,962,3929,9.549290937704034,0.003776095466222614,True,False
Completed,825,8250,COMPLETED,SOBOL,0.56,72.0,0.0,4090,393,1.2885721828667447,0.03480016011185944,False,True
Completed,826,8260,COMPLETED,SOBOL,0.55,193.0,0.0,2751,3432,5.0828587141148756,0.01910730103356764,False,True
Completed,827,8270,COMPLETED,SOBOL,0.55,1.0,0.0,2121,2240,3.3834109286721796,0.037949963670223956,True,False
Completed,828,8280,COMPLETED,SOBOL,0.55,0.0,0.0,2399,4688,6.190039545578883,0.034055109896697106,False,False
Completed,829,8290,COMPLETED,SOBOL,0.55,160.0,0.0,3020,994,2.9289310483075677,0.0028421742175705734,True,True
Completed,830,8300,COMPLETED,SOBOL,0.55,178.0,0.0,3890,2686,9.066669750581495,0.04328352193813771,True,True
Completed,831,8310,COMPLETED,SOBOL,0.55,0.0,0.0,772,1647,2.367757128362544,0.024638795530889185,False,False
Completed,832,8320,COMPLETED,SOBOL,0.55,0.0,0.0,552,3690,4.961539827889763,0.019027089862152936,False,False
Completed,835,8350,COMPLETED,SOBOL,0.55,0.0,0.0,1289,145,8.66902921925485,0.02806449904618785,False,False
Completed,837,8370,COMPLETED,SOBOL,0.55,0.0,0.0,3343,172,5.780720856931993,0.04047979292925447,False,False
