Status,trial_index,arm_name,trial_status,generation_node,ACCURACY,RUNTIME,REQLABELS,recent_samples_size,batch_size,gamma,alpha,use_mmd2,use_k2s_test
Completed,0,0,COMPLETED,0,0.68,4,0.3348263760620613,750,2417,0.001,0.0005,False,False
Completed,1,10,COMPLETED,0,0.68,4,0.2536479497598818,4978,2597,0.001,0.05,False,False
Completed,2,20,COMPLETED,0,0.74,2,0.1835980790543036,1,3317,0.001,0.05,False,False
Completed,3,30,COMPLETED,0,0.69,3,0.1786110084964906,1,1934,0.001,0.05,False,False
Completed,4,40,COMPLETED,0,0.71,2,0.0,361,1527,10.0,0.05,False,False
Completed,5,50,COMPLETED,0,0.73,3,0.2265422977465829,1,3937,0.001,0.05,False,False
Completed,6,60,COMPLETED,0,0.71,2,0.0,25,4859,3.768388286404986,0.05,False,False
Completed,7,70,COMPLETED,0,0.71,2,0.0,4968,4855,2.4427109229633244,0.0005,False,False
Completed,8,80,COMPLETED,0,0.78,63,0.305735131141485,5000,2,0.001,0.05,True,False
Completed,9,90,COMPLETED,0,0.72,4,0.2511313261913557,5000,3219,0.001,0.0005,False,False
Completed,10,100,COMPLETED,0,0.74,3,0.1080762837089028,5000,3340,0.001,0.05,False,False
Completed,11,110,COMPLETED,0,0.71,2,0.0,1623,3363,4.1694978605146265,0.0005,False,False
Completed,12,120,COMPLETED,0,0.67,49,0.2528860362024381,4699,3238,0.001,0.05,True,False
Completed,13,130,COMPLETED,0,0.7,4,0.3025258588843738,2521,2517,0.001,0.0005,False,False
Completed,14,140,COMPLETED,0,0.74,3,0.1084456963428149,5000,3348,0.001,0.0005,False,False
Completed,15,150,COMPLETED,0,0.69,32,0.3205809013668267,4751,1444,0.001,0.0005,True,False
Completed,16,160,COMPLETED,0,0.72,39,0.4176440709272257,5000,3348,0.001,0.0005,True,False
Completed,17,170,COMPLETED,0,0.72,38,0.4162587735500554,1,3338,0.001,0.05,True,False
Completed,18,180,COMPLETED,0,0.69,105,0.0931612486147026,5000,1345,2.392673922089321,0.05,True,False
Completed,19,190,COMPLETED,0,0.67,102,0.0685029553010713,5000,989,2.003126476764109,0.05,True,False
Completed,20,200,COMPLETED,0,0.69,118,0.0726588474325821,1,1049,1.824544618737025,0.0005,True,False
Completed,21,210,COMPLETED,0,0.71,4,0.247991318803103,1,3185,0.001,0.05,False,False
Completed,22,220,COMPLETED,0,0.69,27,0.3190108976727004,5000,1977,0.001,0.0005,True,False
Completed,23,230,COMPLETED,0,0.68,44,0.2506695603989656,1,3214,0.001,0.0005,True,False
Completed,24,240,COMPLETED,0,0.77,147,0.953269301810122,5000,47,4.123728046662218,0.05,False,True
Completed,25,250,COMPLETED,0,0.7,63,0.1239841152567417,1,1074,1.3810739060629738,0.05,True,False
Completed,26,260,COMPLETED,0,0.59,199,0.0282600664942741,1,408,2.687796520643214,0.0005,True,False
Completed,27,270,COMPLETED,0,0.77,122,0.9531538603620244,5000,34,1.3853946567100408,0.05,True,True
Completed,28,280,COMPLETED,0,0.69,217,0.0264591799039527,5000,382,3.747505162575032,0.0005,True,False
Completed,29,290,COMPLETED,0,0.71,1,0.0,2208,649,10.0,0.05,False,False
Completed,30,300,COMPLETED,0,0.68,3,0.1766254155892131,2658,765,0.001,0.05,False,False
Completed,31,310,COMPLETED,0,0.71,2,0.0,1,294,10.0,0.0005,False,False
Completed,32,320,COMPLETED,0,0.71,2,0.0,3346,4792,10.0,0.0005,False,False
Completed,33,330,COMPLETED,0,0.72,3,0.2259189139268562,2542,1473,0.001,0.05,False,False
Completed,34,340,COMPLETED,0,0.69,4,0.403029183598079,2749,2182,0.001,0.05,False,False
Completed,35,350,COMPLETED,0,0.71,3,0.2182074251939416,2582,727,0.001,0.0005,False,False
Completed,36,360,COMPLETED,0,0.71,2,0.0,3066,1641,10.0,0.05,False,False
Completed,37,370,COMPLETED,0,0.71,2,0.0,2814,4997,10.0,0.0005,False,False
Completed,38,380,COMPLETED,0,0.69,3,0.2451745474695234,5000,1517,0.001,0.05,False,False
Completed,39,390,COMPLETED,0,0.68,5,0.3382665312153675,2803,3330,0.001,0.05,False,False
Completed,40,400,COMPLETED,0,0.68,5,0.4055458071666051,2888,4891,0.001,0.05,False,False
Completed,41,410,COMPLETED,0,0.67,5,0.4156123014407092,5000,5000,0.001,0.0005,False,False
Completed,42,420,COMPLETED,0,0.78,48,0.305735131141485,2619,2,0.001,0.05,True,False
Completed,43,430,COMPLETED,0,0.71,34,0.3928703361654969,1762,3803,0.001,0.05,True,False
Completed,44,440,COMPLETED,0,0.7,3,0.1531446250461765,3073,2211,0.001,0.0005,False,False
Completed,45,450,COMPLETED,0,0.71,2,0.0,3887,3293,8.66393064628013,0.05,False,False
Completed,46,460,COMPLETED,0,0.71,2,0.0,5000,2202,10.0,0.05,False,False
Completed,47,470,COMPLETED,0,0.71,2,0.0,5000,4850,10.0,0.05,False,False
Completed,48,480,COMPLETED,0,0.71,2,0.0,2489,2590,10.0,0.0005,False,False
Completed,49,490,COMPLETED,0,0.71,2,0.0,418,782,10.0,0.0005,False,False
Completed,50,500,COMPLETED,0,0.67,5,0.3181797192463982,1806,3945,0.001,0.05,False,False
Completed,51,510,COMPLETED,0,0.78,47,0.305735131141485,3599,2,0.001,0.05,True,False
Completed,52,520,COMPLETED,0,0.71,5,0.4510528260066494,2298,4307,0.001,0.0005,False,False
Completed,53,530,COMPLETED,0,0.69,47,0.3084826376062061,5000,3840,0.001,0.0005,True,False
Completed,54,540,COMPLETED,0,0.78,51,0.305735131141485,1504,2,0.001,0.05,True,False
Completed,55,550,COMPLETED,0,0.72,4,0.3105836719615811,5000,2242,0.001,0.0005,False,False
Completed,56,560,COMPLETED,0,0.71,2,0.0,2185,315,10.0,0.05,False,False
Completed,57,570,COMPLETED,0,0.62,3,0.2235177318064277,1,1168,0.001,0.05,False,False
Completed,58,580,COMPLETED,0,0.74,3,0.1087227558182489,2204,3354,0.001,0.0005,False,False
Completed,59,590,COMPLETED,0,0.71,2,0.0,3893,4804,10.0,0.05,False,False
Completed,60,600,COMPLETED,0,0.71,2,0.0,2241,542,10.0,0.0005,False,False
Completed,61,610,COMPLETED,0,0.68,3,0.1914942741041743,5000,754,0.001,0.05,False,False
Completed,62,620,COMPLETED,0,0.7,3,0.1796499815293683,2664,978,0.001,0.0005,False,False
Completed,63,630,COMPLETED,0,0.67,4,0.3964028444772811,5000,4792,0.001,0.05,False,False
Completed,64,640,COMPLETED,0,0.65,4,0.414504063538973,2550,4988,0.001,0.0005,False,False
Completed,65,650,COMPLETED,0,0.71,2,0.0,2125,3972,10.0,0.0005,False,False
Completed,66,660,COMPLETED,0,0.7,65,0.2973771702992242,5000,2576,0.001,0.0005,True,False
Completed,67,670,COMPLETED,0,0.8,350,0.618188954562246,3327,2,3.3972165968796304,0.05,True,True
Completed,68,680,COMPLETED,0,0.8,378,0.6186968969338751,2486,2,5.409299616774501,0.05,True,True
Completed,69,690,COMPLETED,0,0.81,387,0.6204054303657185,1445,2,0.001,0.05,True,True
Completed,70,700,COMPLETED,0,0.71,2,0.0,2558,870,4.999946902257324,0.05,False,False
Completed,71,710,COMPLETED,0,0.65,4,0.3441309567787218,2299,4226,0.1954962365167529,0.05,False,False
Completed,72,720,COMPLETED,0,0.71,1,0.0,4984,1582,5.874009009677371,0.05,False,False
Completed,73,730,COMPLETED,0,0.71,2,0.0,2476,1149,10.0,0.0005,False,False
Completed,74,740,COMPLETED,0,0.71,2,0.0,2988,4841,4.41146225451546,0.0005,False,False
Completed,75,750,COMPLETED,0,0.71,2,0.0,2915,4821,5.353724348243613,0.05,False,False
Completed,76,760,COMPLETED,0,0.71,47,0.0,1575,2,10.0,0.05,False,False
Completed,77,770,COMPLETED,0,0.78,52,0.305735131141485,3451,2,0.001,0.0005,True,False
Completed,78,780,COMPLETED,0,0.71,50,0.0,2630,2,0.001,0.05,False,False
Completed,79,790,COMPLETED,0,0.78,54,0.305735131141485,1403,2,0.001,0.0005,True,False
Completed,80,800,COMPLETED,0,0.75,117,0.9529460657554488,3037,109,10.0,0.05,False,True
Completed,81,810,COMPLETED,0,0.81,343,0.6157877724418175,167,2,10.0,0.05,True,True
Completed,82,820,COMPLETED,0,0.81,348,0.6164111562615442,1,2,6.533963331878583,0.05,True,True
Completed,83,830,COMPLETED,0,0.81,345,0.6169190986331733,5000,2,1.88276654020062,0.05,False,True
Completed,84,840,COMPLETED,0,0.81,389,0.6187430735131142,5000,2,5.279335309427539,0.05,False,True
Completed,85,850,COMPLETED,0,0.81,360,0.6170576283708903,2465,2,4.992264068464747,0.05,False,True
Completed,86,860,COMPLETED,0,0.69,72,0.1561461026967122,1882,4381,0.001,0.0005,True,False
Completed,87,870,COMPLETED,0,0.8,460,0.6154183598079054,1279,2,4.989694642175131,0.05,False,True
Completed,88,880,COMPLETED,0,0.8,477,0.6174963058736609,1279,2,5.187459840254671,0.05,True,True
Completed,89,890,COMPLETED,0,0.71,163,0.0,2716,4408,4.765473994359972,0.05,True,False
Completed,90,900,COMPLETED,0,0.71,2,0.0,4601,2334,10.0,0.0005,False,False
Completed,91,910,COMPLETED,0,0.71,2,0.0,2948,1992,10.0,0.05,False,False
Completed,92,920,COMPLETED,0,0.71,2,0.0,3148,437,7.476816049766068,0.05,False,False
Completed,93,930,COMPLETED,0,0.71,71,0.1623799408939785,1,4516,0.001,0.05,True,False
Completed,94,940,COMPLETED,0,0.71,2,0.0,2950,4335,10.0,0.0005,False,False
Completed,95,950,COMPLETED,0,0.71,2,0.0,1990,4604,10.0,0.05,False,False
Completed,96,960,COMPLETED,0,0.71,2,0.0,5000,3295,3.4033622979236267,0.0005,False,False
Completed,97,970,COMPLETED,0,0.71,2,0.0,1594,5000,6.813980632035913,0.05,False,False
Completed,98,980,COMPLETED,0,0.71,2,0.0,2430,1038,10.0,0.05,False,False
Completed,99,990,COMPLETED,0,0.71,57,0.0,3451,2,0.001,0.0005,False,False
Completed,100,1000,COMPLETED,0,0.71,2,0.0,2231,1092,6.58332191717336,0.0005,False,False
Completed,101,1010,COMPLETED,0,0.76,121,0.9537541558921316,5000,54,10.0,0.05,False,True
Completed,102,1020,COMPLETED,0,0.7,9,0.2647303287772442,1,39,0.001,0.05,True,False
Completed,103,1030,COMPLETED,0,0.81,358,0.6190201329885482,1,2,5.231344971968318,0.05,True,True
Completed,104,1040,COMPLETED,0,0.71,2,0.0,228,3781,10.0,0.05,False,False
Completed,105,1050,COMPLETED,0,0.81,411,0.618188954562246,674,2,4.549490379732314,0.05,False,True
Completed,106,1060,COMPLETED,0,0.71,2,0.0,3428,3650,10.0,0.05,False,False
Completed,107,1070,COMPLETED,0,0.71,2,0.0,1386,4885,7.944664950970621,0.0005,False,False
Completed,108,1080,COMPLETED,0,0.81,342,0.618188954562246,3598,2,4.75605638948542,0.05,False,True
Completed,109,1090,COMPLETED,0,0.71,2,0.0,2028,2503,10.0,0.05,False,False
Completed,110,1100,COMPLETED,0,0.67,3,0.289457886959734,1661,1393,0.001,0.0005,False,False
Completed,111,1110,COMPLETED,0,0.72,56,0.0508404137421499,5000,2,1.6573345757203235,0.05,True,False
Completed,112,1120,COMPLETED,0,0.71,194,0.0,3487,4320,10.0,0.05,True,False
Completed,113,1130,COMPLETED,0,0.71,2,0.0,5000,308,10.0,0.0005,False,False
Completed,114,1140,COMPLETED,0,0.71,422,0.0,4887,2051,9.696017891792952,0.0005,True,False
Completed,115,1150,COMPLETED,0,0.69,3,0.3276228297007758,2764,2365,0.001,0.05,False,False
Completed,116,1160,COMPLETED,0,0.71,2,0.0,5000,1077,6.467454826122086,0.05,False,False
Completed,117,1170,COMPLETED,0,0.71,242,0.0,5000,4135,10.0,0.0005,True,False
Completed,118,1180,COMPLETED,0,0.8,373,0.617865718507573,1,2,8.294210402646593,0.05,True,True
Completed,119,1190,COMPLETED,0,0.81,325,0.617819541928334,1422,2,3.323273132209935,0.05,False,True
Completed,120,1200,COMPLETED,0,0.69,9,0.2000369412633912,5000,38,0.001,0.05,True,False
Completed,121,1210,COMPLETED,0,0.71,358,0.0,4071,2921,10.0,0.05,True,False
Completed,122,1220,COMPLETED,0,0.71,2,0.0,1908,3922,5.840211764283463,0.05,False,False
Completed,123,1230,COMPLETED,0,0.81,339,0.6186276320650166,1575,2,10.0,0.05,False,True
Completed,124,1240,COMPLETED,0,0.71,2,0.0,1807,601,5.475732086789453,0.05,False,False
Completed,125,1250,COMPLETED,0,0.77,125,0.9532462135205024,5000,46,0.001,0.05,True,True
Completed,126,1260,COMPLETED,0,0.76,98,0.9527151828592538,5000,57,10.0,0.05,True,True
Completed,127,1270,COMPLETED,0,0.78,119,0.9535001847063168,5000,29,9.668050312316463,0.05,True,True
Completed,128,1280,COMPLETED,0,0.71,237,0.0,5000,4813,6.892078189866675,0.0005,True,False
Completed,129,1290,COMPLETED,0,0.71,2,0.0,5000,1458,5.804716600486596,0.05,False,False
Completed,130,1300,COMPLETED,0,0.74,9,0.4170437753971185,5000,27,0.001,0.0005,True,False
Completed,131,1310,COMPLETED,0,0.71,2,0.0,4328,2945,10.0,0.0005,False,False
Completed,132,1320,COMPLETED,0,0.78,96,0.953546361285556,5000,17,0.001,0.05,True,True
Completed,133,1330,COMPLETED,0,0.74,2,0.1095539342445511,14,3372,0.001,0.05,False,False
Completed,134,1340,COMPLETED,0,0.78,102,0.9533385666789804,5000,30,9.154486050235588,0.05,False,True
Completed,135,1350,COMPLETED,0,0.77,86,0.9532923900997414,5000,28,0.001,0.05,False,True
Completed,136,1360,COMPLETED,0,0.72,2,0.1116318803103066,5000,3417,0.001,0.05,False,False
Completed,137,1370,COMPLETED,0,0.69,27,0.4324667528629479,4580,3455,0.001,0.0005,True,False
Completed,138,1380,COMPLETED,0,0.81,352,0.617958071666051,1642,2,6.203379767889251,0.05,False,True
Completed,139,1390,COMPLETED,0,0.77,100,0.9537079793128924,5000,59,0.001,0.05,False,True
Completed,140,1400,COMPLETED,0,0.8,380,0.6189277798300702,1,2,6.19612741915123,0.05,False,True
Completed,141,1410,COMPLETED,0,0.72,3,0.1126939416328038,5000,3440,0.001,0.0005,False,False
Completed,142,1420,COMPLETED,0,0.71,2,0.0,1,3284,3.284477485373245,0.05,False,False
Completed,143,1430,COMPLETED,0,0.71,2,0.0,1,4134,10.0,0.0005,False,False
Completed,144,1440,COMPLETED,0,0.77,88,0.9534770964166974,5000,33,0.001,0.05,True,True
Completed,145,1450,COMPLETED,0,0.81,372,0.6169883635020318,3598,2,4.967522476097543,0.05,True,True
Completed,146,1460,COMPLETED,0,0.71,2,0.0,5000,4909,7.697762456730319,0.0005,False,False
Completed,147,1470,COMPLETED,0,0.71,2,0.0,5000,260,7.7047296066013535,0.05,False,False
Completed,148,1480,COMPLETED,0,0.74,13,0.3961257850018471,5000,21,0.001,0.05,True,False
Completed,149,1490,COMPLETED,0,0.67,4,0.3985962319911341,5000,2158,0.001,0.05,False,False
Completed,150,1500,COMPLETED,0,0.71,2,0.0,1,1780,7.656290575813417,0.05,False,False
Completed,151,1510,COMPLETED,0,0.78,113,0.9534770964166974,5000,24,4.762494796736499,0.05,True,True
Completed,152,1520,COMPLETED,0,0.71,2,0.0,5000,837,6.535814257592505,0.05,False,False
Completed,153,1530,COMPLETED,0,0.74,2,0.1092306981898781,1,3365,0.001,0.0005,False,False
Completed,154,1540,COMPLETED,0,0.66,4,0.3992657923900997,1,4823,0.4716786107920515,0.0005,False,False
Completed,155,1550,COMPLETED,0,0.71,51,0.0,5000,2,0.001,0.0005,False,False
Completed,156,1560,COMPLETED,0,0.76,140,0.9527382711488732,5000,64,5.821018871895616,0.05,True,True
Completed,157,1570,COMPLETED,0,0.71,2,0.0,1207,3487,10.0,0.0005,False,False
Completed,158,1580,COMPLETED,0,0.81,354,0.6172192463982268,4298,2,4.133795292862948,0.05,True,True
Completed,159,1590,COMPLETED,0,0.71,2,0.0,1,3864,10.0,0.0005,False,False
Completed,160,1600,COMPLETED,0,0.71,271,0.0,1,4066,10.0,0.05,True,False
Completed,161,1610,COMPLETED,0,0.71,2,0.0,5000,205,10.0,0.0005,False,False
Completed,162,1620,COMPLETED,0,0.81,342,0.6165727742888807,1551,2,3.519103211794861,0.05,True,True
Completed,163,1630,COMPLETED,0,0.81,323,0.618235131141485,4298,2,5.442991935734684,0.05,False,True
Completed,164,1640,COMPLETED,0,0.71,2,0.0,5000,1248,6.545306227731996,0.05,False,False
Completed,165,1650,COMPLETED,0,0.71,1,0.0,4734,1257,6.265521021634201,0.0005,False,False
Completed,166,1660,COMPLETED,0,0.71,2,0.0,5000,2488,10.0,0.05,False,False
Completed,167,1670,COMPLETED,0,0.71,2,0.0,502,2922,10.0,0.05,False,False
Completed,168,1680,COMPLETED,0,0.77,102,0.9536156261544144,5000,42,5.4085100448507575,0.05,True,True
Completed,169,1690,COMPLETED,0,0.77,100,0.9537541558921316,5000,27,4.765355452681515,0.05,False,True
Completed,170,1700,COMPLETED,0,0.74,3,0.1835980790543036,3077,3317,0.001,0.0005,False,False
Completed,171,1710,COMPLETED,0,0.72,3,0.3346878463243443,5000,3299,0.001,0.0005,False,False
Completed,172,1720,COMPLETED,0,0.78,90,0.9534770964166974,5000,24,0.001,0.05,True,True
Completed,173,1730,COMPLETED,0,0.71,341,0.0,4781,2395,10.0,0.05,True,False
Completed,174,1740,COMPLETED,0,0.8,407,0.617819541928334,674,2,3.0998617043054,0.05,True,True
Completed,175,1750,COMPLETED,0,0.81,328,0.6173115995567049,824,2,6.014842820408552,0.05,False,True
Completed,176,1760,COMPLETED,0,0.8,159,0.953546361285556,5000,9,0.001,0.05,True,True
Completed,177,1770,COMPLETED,0,0.71,2,0.0,4686,1674,6.095120133020592,0.05,False,False
Completed,178,1780,COMPLETED,0,0.71,2,0.0,2429,931,3.929195453866203,0.0005,False,False
Completed,179,1790,COMPLETED,0,0.71,2,0.0,4990,1983,10.0,0.0005,False,False
Completed,180,1800,COMPLETED,0,0.74,10,0.4476588474325822,1,23,0.001,0.0005,True,False
Completed,181,1810,COMPLETED,0,0.77,84,0.9533385666789804,5000,39,0.001,0.05,True,True
Completed,182,1820,COMPLETED,0,0.74,2,0.1081686368673808,1,3342,0.001,0.0005,False,False
Completed,183,1830,COMPLETED,0,0.71,2,0.0,5000,4888,6.678391580713689,0.05,False,False
Completed,184,1840,COMPLETED,0,0.68,4,0.3099602881418544,5000,3856,0.001,0.0005,False,False
Completed,185,1850,COMPLETED,0,0.72,4,0.3796869227927595,4584,3074,0.001,0.05,False,False
Completed,186,1860,COMPLETED,0,0.71,20,0.2254571481344662,1,651,0.001,0.05,True,False
Completed,187,1870,COMPLETED,0,0.72,2,0.0066263391207979,835,287,5.4862172625253205,0.0005,False,False
Completed,188,1880,COMPLETED,0,0.7,4,0.245705578130772,1,626,0.001,0.0005,False,False
Completed,189,1890,COMPLETED,0,0.67,3,0.1495890284447728,5000,589,0.001,0.0005,False,False
Completed,190,1900,COMPLETED,0,0.71,2,0.0,1,4631,10.0,0.0005,False,False
Completed,191,1910,COMPLETED,0,0.71,2,0.0,1,4804,6.8045035485182686,0.0005,False,False
Completed,192,1920,COMPLETED,0,0.81,403,0.6201745474695235,5000,2,2.946294890908276,0.05,False,True
Completed,193,1930,COMPLETED,0,0.71,2,0.0,4974,4796,2.922842665462815,0.05,False,False
Completed,194,1940,COMPLETED,0,0.7,20,0.349579793128925,5000,721,0.001,0.05,True,False
Completed,195,1950,COMPLETED,0,0.63,4,0.3553980421130402,1,4348,0.001,0.0005,False,False
Completed,196,1960,COMPLETED,0,0.71,2,0.0,1,1222,6.522511206829821,0.0005,False,False
Completed,197,1970,COMPLETED,0,0.64,4,0.3085749907646841,1,3841,0.001,0.0005,False,False
Completed,198,1980,COMPLETED,0,0.71,2,0.0,5000,1382,10.0,0.05,False,False
Completed,199,1990,COMPLETED,0,0.71,232,0.0,1,3912,10.0,0.05,True,False
Completed,200,2000,COMPLETED,0,0.77,133,0.9537079793128924,5000,59,0.001,0.05,True,True
Completed,201,2010,COMPLETED,0,0.71,3,0.0,1,4708,2.6212765916351675,0.05,False,False
Completed,202,2020,COMPLETED,0,0.71,4,0.3943479867011452,5000,2440,0.001,0.05,False,False
Completed,203,2030,COMPLETED,0,0.76,115,0.9521610639083856,5000,87,5.349563919103238,0.05,False,True
Completed,204,2040,COMPLETED,0,0.74,10,0.4170437753971185,3311,27,0.001,0.05,True,False
Completed,205,2050,COMPLETED,0,0.71,3,0.0,1,4677,3.8441985771218574,0.0005,False,False
Completed,206,2060,COMPLETED,0,0.71,2,0.0,5000,3546,10.0,0.0005,False,False
Completed,207,2070,COMPLETED,0,0.77,106,0.9533385666789804,5000,65,4.780903028528869,0.05,False,True
Completed,208,2080,COMPLETED,0,0.72,3,0.0992103804950129,530,3148,0.001,0.0005,False,False
Completed,209,2090,COMPLETED,0,0.71,2,0.0,2854,4448,4.563228908749589,0.05,False,False
Completed,210,2100,COMPLETED,0,0.8,472,0.6187430735131142,1,2,3.1865450049628308,0.05,False,True
Completed,211,2110,COMPLETED,0,0.71,2,0.0,4791,2430,3.504144494839977,0.0005,False,False
Completed,212,2120,COMPLETED,0,0.71,2,0.0,4940,1513,3.71142040299168,0.0005,False,False
Completed,213,2130,COMPLETED,0,0.64,3,0.1343045807166605,5000,977,0.5161854383153611,0.0005,False,False
Completed,214,2140,COMPLETED,0,0.7,3,0.1531446250461765,1,2211,0.001,0.0005,False,False
Completed,215,2150,COMPLETED,0,0.68,38,0.2111193202807536,5000,762,0.001,0.0005,True,False
Completed,216,2160,COMPLETED,0,0.71,3,0.0,47,4669,6.093914339905893,0.05,False,False
Completed,217,2170,COMPLETED,0,0.71,2,0.0,5000,4632,4.585247171500902,0.05,False,False
Completed,218,2180,COMPLETED,0,0.74,9,0.3693664573328408,1,19,0.001,0.05,True,False
Completed,219,2190,COMPLETED,0,0.77,90,0.9534770964166974,5000,44,0.001,0.05,False,True
Completed,220,2200,COMPLETED,0,0.71,2,0.0,1,760,10.0,0.05,False,False
Completed,221,2210,COMPLETED,0,0.57,2,0.1080301071296638,5000,4679,1.2931412661272084,0.0005,False,False
Completed,222,2220,COMPLETED,0,0.71,2,0.0,1,4824,6.809361774916551,0.05,False,False
Completed,223,2230,COMPLETED,0,0.75,138,0.9525997414111562,5000,86,10.0,0.05,True,True
Completed,224,2240,COMPLETED,0,0.75,103,0.9525073882526782,5000,81,9.91522480772342,0.05,False,True
Completed,225,2250,COMPLETED,0,0.71,4,0.3322635759142963,2650,3278,0.001,0.05,False,False
Completed,226,2260,COMPLETED,0,0.76,122,0.9529922423346878,5000,75,0.001,0.05,False,True
Completed,227,2270,COMPLETED,0,0.65,48,0.2305596601403768,5000,3995,0.001,0.05,True,False
Completed,228,2280,COMPLETED,0,0.77,127,0.953454008127078,5000,35,3.8954087650677343,0.05,False,True
Completed,1,10,COMPLETED,SOBOL,0.71,8695.0,0.8300000000000001,1602,2930,1.362313886396587,0.029546661437023433,False,True
Completed,3,30,COMPLETED,SOBOL,0.71,154.0,0.0,2574,4942,4.043619749529288,0.03983114865701646,True,False
Completed,4,40,COMPLETED,SOBOL,0.62,82.0,0.05,3445,579,1.1809455914981664,0.04931728522339836,True,False
Completed,5,50,COMPLETED,SOBOL,0.71,11716.0,0.8200000000000001,2,3770,7.176664093232715,0.013478850706946106,False,True
Completed,6,60,COMPLETED,SOBOL,0.7000000000000001,9037.0,0.68,1922,2278,3.572353918353096,0.031661348656751215,False,True
Completed,7,70,COMPLETED,SOBOL,0.71,233.0,0.0,4105,3321,9.489353881862947,0.006360617259517313,True,False
Completed,8,80,COMPLETED,SOBOL,0.72,2.0,0.03,3769,1108,2.776447954182513,0.016948032126296312,False,False
Completed,9,90,COMPLETED,SOBOL,0.68,11050.0,0.89,2202,4490,9.31837593777664,0.045836642490234225,True,True
Completed,10,100,COMPLETED,SOBOL,0.7000000000000001,8664.0,0.52,368,1597,0.09205026030447334,0.0020958005962893366,True,True
Completed,11,110,COMPLETED,SOBOL,0.71,2.0,0.0,3175,2752,6.712715853702278,0.03591470400616527,False,False
Completed,12,120,COMPLETED,SOBOL,0.71,2.0,0.0,2835,2144,8.21852032472752,0.025291842489968987,False,False
Completed,13,130,COMPLETED,SOBOL,0.73,9028.0,0.91,652,3455,4.83956611043308,0.012742066858801991,True,True
Completed,14,140,COMPLETED,SOBOL,0.75,103.0,0.9500000000000001,1312,94,5.9076210295706995,0.043310327792540196,True,True
Completed,15,150,COMPLETED,SOBOL,0.71,2.0,0.0,4755,4256,2.4511688581062483,0.01944941154215485,False,False
Completed,16,160,COMPLETED,SOBOL,0.74,169.0,0.9500000000000001,4887,247,9.050639250342734,0.03445196318905801,True,True
Completed,17,170,COMPLETED,SOBOL,0.71,2.0,0.0,1454,4102,3.055378466503695,0.0037753154002130034,False,False
Completed,18,180,COMPLETED,SOBOL,0.71,2.0,0.0,784,1985,6.364441676198505,0.04744348248885945,False,False
Completed,19,190,COMPLETED,SOBOL,0.73,8607.0,0.79,2976,3613,0.446678849529475,0.0155096262707375,True,True
Completed,20,200,COMPLETED,SOBOL,0.6900000000000001,13234.0,0.68,3355,1752,4.487379856666551,0.02422345525957644,True,True
Completed,21,210,COMPLETED,SOBOL,0.71,2.0,0.0,539,2597,8.569236874938943,0.038754568682052196,False,False
Completed,22,220,COMPLETED,SOBOL,0.72,2.0,0.02,2383,951,2.169798357024789,0.008210689916741103,False,False
Completed,24,240,COMPLETED,SOBOL,0.72,5191.0,0.85,4286,2437,1.7158721018759533,0.041462347220629456,False,True
Completed,25,250,COMPLETED,SOBOL,0.71,219.0,0.0,2093,3161,5.094063453011215,0.021527157950215044,True,False
Completed,27,270,COMPLETED,SOBOL,0.72,11558.0,0.9500000000000001,3616,3923,7.7832768695782875,0.010155396000016482,False,True
Completed,29,290,COMPLETED,SOBOL,0.72,58.0,0.29,1149,4782,0.9006407335167751,0.03638702892698348,True,False
Completed,31,310,COMPLETED,SOBOL,0.71,10751.0,0.74,4550,3084,3.2163557513626295,0.044737544834148144,False,True
Completed,32,320,COMPLETED,SOBOL,0.72,1349.0,0.9500000000000001,4660,773,0.30167003571614626,0.030826610212679954,True,True
Completed,33,330,COMPLETED,SOBOL,0.71,2.0,0.0,1853,4885,6.80453996567335,0.007400752556044608,False,False
Completed,34,340,COMPLETED,SOBOL,0.73,2.0,0.04,1186,1534,2.6143510335404425,0.03792067364603281,False,False
Completed,35,350,COMPLETED,SOBOL,0.71,7600.0,0.9500000000000001,2752,2873,9.195957381327636,0.025032519108615817,True,True
Completed,36,360,COMPLETED,SOBOL,0.71,7491.0,0.93,3740,2237,5.737721169809811,0.014797141978982837,True,True
Completed,37,370,COMPLETED,SOBOL,0.71,2.0,0.0,298,3421,2.3197076726555825,0.048180986795108766,False,False
Completed,38,380,COMPLETED,SOBOL,0.71,2.0,0.0,2135,538,8.41901705016289,0.004488484744913876,False,False
Completed,39,390,COMPLETED,SOBOL,0.68,9246.0,0.9400000000000001,4318,3870,4.923506787812338,0.03371547401510179,True,True
Completed,40,400,COMPLETED,SOBOL,0.71,7473.0,0.59,4060,1707,7.964792559472845,0.043927536663133655,False,True
Completed,41,410,COMPLETED,SOBOL,0.71,400.0,0.06,2493,2700,3.844335354455747,0.01906186385964975,True,False
Completed,44,440,COMPLETED,SOBOL,0.77,97.0,0.9500000000000001,3091,48,3.6935625656368214,0.010892829495947809,False,True
Completed,45,450,COMPLETED,SOBOL,0.71,180.0,0.0,908,4360,9.650221933508291,0.027347337032202632,True,False
Completed,46,460,COMPLETED,SOBOL,0.68,26.0,0.29,1485,2098,1.0878924987828358,0.020790597965940835,True,False
Completed,47,470,COMPLETED,SOBOL,0.71,9087.0,0.9400000000000001,4928,3559,6.9658345204032965,0.04217539854813367,False,True
Completed,49,490,COMPLETED,SOBOL,0.7000000000000001,10423.0,0.81,1353,3714,7.611537794419565,0.032495431967079644,False,True
Completed,50,500,COMPLETED,SOBOL,0.73,163.0,0.9500000000000001,766,206,1.7979783317521214,0.014288599055726083,False,True
Completed,53,530,COMPLETED,SOBOL,0.68,11533.0,0.91,404,4592,3.426587009275332,0.022228224908001724,False,True
Completed,54,540,COMPLETED,SOBOL,0.72,3947.0,0.9400000000000001,2322,1866,7.321529274216854,0.02880934614269063,False,True
Completed,55,550,COMPLETED,SOBOL,0.67,64.0,0.19,3879,2542,0.740380644325167,0.009212535778526218,True,False
Completed,56,560,COMPLETED,SOBOL,0.71,2.0,0.0,4147,379,6.525911674555392,0.020283612869679928,False,False
Completed,57,570,COMPLETED,SOBOL,0.71,13751.0,0.79,1954,4028,0.5697100245794282,0.042501145741902294,True,True
Completed,58,580,COMPLETED,SOBOL,0.66,9678.0,0.55,127,2390,8.841636973174289,0.011908927132841201,True,True
Completed,59,590,COMPLETED,SOBOL,0.71,2.0,0.0,3560,3267,2.9629320883946493,0.026101661649066958,False,False
Completed,60,600,COMPLETED,SOBOL,0.73,2.0,0.03,2611,1375,1.9686842823429034,0.03520146440435201,False,False
Completed,61,610,COMPLETED,SOBOL,0.7000000000000001,10143.0,0.7000000000000001,1054,3033,6.089599205255509,0.0028325495924800635,True,True
Completed,62,620,COMPLETED,SOBOL,0.72,1772.0,0.9400000000000001,1712,926,4.657906787709334,0.04654905652487651,True,True
Completed,63,630,COMPLETED,SOBOL,0.71,2.0,0.0,4529,4732,8.700085292791949,0.016210787642281503,False,False
Completed,64,640,COMPLETED,SOBOL,0.72,2.0,0.01,4483,506,4.707571563319304,0.04291759399184957,False,False
Completed,65,650,COMPLETED,SOBOL,0.68,9585.0,0.84,1665,3843,8.164643561100586,0.019878457851242277,True,True
Completed,66,660,COMPLETED,SOBOL,0.72,6673.0,0.92,1080,2205,2.4168592365188526,0.02642181367520243,True,True
Completed,67,670,COMPLETED,SOBOL,0.71,2.0,0.0,2638,3394,5.795193624496461,0.011600068153813483,False,False
Completed,68,680,COMPLETED,SOBOL,0.71,1.0,0.0,3527,1502,9.294098264725879,0.0032982711284421386,False,False
Completed,69,690,COMPLETED,SOBOL,0.71,6250.0,0.9400000000000001,96,2847,2.674052497644909,0.03474852532939986,True,True
Completed,70,700,COMPLETED,SOBOL,0.71,1709.0,0.6900000000000001,2006,741,6.590828945454211,0.01657945764437318,True,True
Completed,71,710,COMPLETED,SOBOL,0.63,5.0,0.4,4198,4858,0.04828113554324955,0.046193168799392885,False,False
Completed,72,720,COMPLETED,SOBOL,0.71,293.0,0.0,3833,2071,7.064198842993938,0.03280335750384256,True,False
Completed,73,730,COMPLETED,SOBOL,0.72,11660.0,0.85,2275,3528,1.1465981247462331,0.005230656585190445,False,True
Completed,74,740,COMPLETED,SOBOL,0.78,80.0,0.9500000000000001,430,21,9.43551496340055,0.04888824905641377,False,True
Completed,75,750,COMPLETED,SOBOL,0.71,198.0,0.0,3248,4328,3.440397216403857,0.013871595018543304,True,False
Completed,76,760,COMPLETED,SOBOL,0.65,78.0,0.11,2927,1192,1.3185069164708256,0.022585046075750143,True,False
Completed,77,770,COMPLETED,SOBOL,0.6900000000000001,9791.0,0.87,735,4407,5.321788433360868,0.04019971262803301,False,True
Completed,78,780,COMPLETED,SOBOL,0.64,8008.0,0.5,1405,1680,3.9412621381562203,0.00966640829574317,False,True
Completed,80,800,COMPLETED,SOBOL,0.72,5361.0,0.93,4979,1834,0.7982452769791708,0.01859711006470025,False,True
Completed,82,820,COMPLETED,SOBOL,0.71,207.0,0.02,877,1033,3.1725866266014053,0.0006507509718649089,True,False
Completed,83,830,COMPLETED,SOBOL,0.67,13540.0,0.8,3059,4565,9.714676718616857,0.03755320788035169,False,True
Completed,84,840,COMPLETED,SOBOL,0.74,147.0,0.9500000000000001,3419,174,5.040186689384282,0.026929968248121442,False,True
Completed,85,850,COMPLETED,SOBOL,0.7000000000000001,97.0,0.1,611,4175,1.583877554762177,0.011297394428402186,True,False
Completed,87,870,COMPLETED,SOBOL,0.67,9552.0,0.72,4014,3687,4.292057358630934,0.02109811154892668,False,True
Completed,88,880,COMPLETED,SOBOL,0.72,2217.0,0.9500000000000001,4369,899,8.447312121526338,0.007044521474279464,True,True
Completed,89,890,COMPLETED,SOBOL,0.71,2.0,0.0,2187,4700,4.44357288674079,0.031195644961670044,False,False
Completed,90,900,COMPLETED,SOBOL,0.71,1.0,0.0,266,1348,6.148677937607282,0.024579991987440736,False,False
Completed,91,910,COMPLETED,SOBOL,0.6900000000000001,10405.0,0.72,3708,3001,2.067440745651722,0.03838600461883471,True,True
Completed,92,920,COMPLETED,SOBOL,0.67,8001.0,0.6000000000000001,2780,2363,3.0210309997517615,0.04787251837924123,True,True
Completed,93,930,COMPLETED,SOBOL,0.71,2.0,0.0,1212,3235,8.938174000103958,0.015116882051341237,False,False
Completed,94,940,COMPLETED,SOBOL,0.7000000000000001,3.0,0.16,1806,352,0.3147221475802362,0.033309954249765725,False,False
Completed,95,950,COMPLETED,SOBOL,0.7000000000000001,11543.0,0.78,4615,3997,6.31060275773611,0.004905276351142674,True,True
Completed,96,960,COMPLETED,SOBOL,0.7000000000000001,10527.0,0.53,4578,2310,9.54752192769386,0.021932596670929345,False,True
Completed,97,970,COMPLETED,SOBOL,0.71,191.0,0.0,1760,3348,3.668979151335545,0.04104542736290023,True,False
Completed,99,990,COMPLETED,SOBOL,0.72,9381.0,0.8300000000000001,2660,3797,0.9657010412579403,0.027740070832893253,False,True
Completed,101,1010,COMPLETED,SOBOL,0.71,209.0,0.0,234,4968,7.833103753609583,0.0013877830249257386,True,False
Completed,102,1020,COMPLETED,SOBOL,0.63,52.0,0.13,2062,1451,1.4213234842745588,0.04509371533989907,True,False
Completed,103,1030,COMPLETED,SOBOL,0.73,7353.0,0.8200000000000001,4254,2957,5.542381444029511,0.017859393327496947,False,True
Completed,104,1040,COMPLETED,SOBOL,0.75,121.0,0.9500000000000001,3968,120,2.1974783699661495,0.004095740433316678,True,True
Completed,105,1050,COMPLETED,SOBOL,0.71,2.0,0.0,2409,4287,5.693608458633535,0.034144510182086384,False,False
Completed,106,1060,COMPLETED,SOBOL,0.71,2.0,0.0,492,2171,4.898961218675599,0.015927102653309703,False,False
Completed,107,1070,COMPLETED,SOBOL,0.73,7038.0,0.92,3310,3487,8.316354889512994,0.047038977948017424,True,True
Completed,108,1080,COMPLETED,SOBOL,0.6900000000000001,6214.0,0.6000000000000001,3027,1624,6.770497048198246,0.03912315468909219,True,True
Completed,109,1090,COMPLETED,SOBOL,0.73,3.0,0.32,835,2784,0.18951052672788501,0.023866350573953244,False,False
Completed,110,1100,COMPLETED,SOBOL,0.71,1.0,0.0,1423,1136,9.064306420628913,0.030458046241663397,False,False
Completed,111,1110,COMPLETED,SOBOL,0.72,13287.0,0.79,4854,4522,2.5608166643548755,0.007757289007306097,True,True
Completed,112,1120,COMPLETED,SOBOL,0.71,2.0,0.0,4723,982,5.957910399392248,0.045382877571508294,False,False
Completed,113,1130,COMPLETED,SOBOL,0.7000000000000001,11991.0,0.8200000000000001,1281,4675,1.9151120679927989,0.01741325826663524,True,True
Completed,114,1140,COMPLETED,SOBOL,0.71,5616.0,0.9400000000000001,704,1783,8.666080220481382,0.03555799062130973,True,True
Completed,115,1150,COMPLETED,SOBOL,0.71,1.0,0.0,2885,2624,4.54578512388561,0.002463975387159735,False,False
Completed,116,1160,COMPLETED,SOBOL,0.71,2.0,0.14,3129,2017,0.545126610278152,0.01233797353412956,False,False
Completed,117,1170,COMPLETED,SOBOL,0.71,9807.0,0.79,321,3640,6.423211668740959,0.02570892757177353,True,True
Completed,118,1180,COMPLETED,SOBOL,0.73,195.0,0.9500000000000001,2229,279,2.8407406308697536,0.019141614441294225,True,True
Completed,119,1190,COMPLETED,SOBOL,0.71,2.0,0.0,3797,4128,8.79756210716255,0.043631116834934806,False,False
Completed,120,1200,COMPLETED,SOBOL,0.64,180.0,0.03,4073,1292,3.314427500287071,0.029177910205908122,True,False
Completed,121,1210,COMPLETED,SOBOL,0.64,8138.0,0.67,1891,3115,9.896176884916612,0.008855999050661922,False,True
Completed,122,1220,COMPLETED,SOBOL,0.74,1612.0,0.9500000000000001,54,843,0.6868462751396001,0.03936534607643262,False,True
Completed,123,1230,COMPLETED,SOBOL,0.71,146.0,0.0,3496,4814,7.18987831351813,0.023394393350463363,True,False
Completed,125,1250,COMPLETED,SOBOL,0.71,8171.0,0.87,960,3955,4.072057857735083,0.0496260364195332,False,True
Completed,126,1260,COMPLETED,SOBOL,0.7000000000000001,8410.0,0.74,1628,2464,5.191284151348286,0.005944108617957682,False,True
Completed,127,1270,COMPLETED,SOBOL,0.71,105.0,0.07,4436,3193,1.7734327626153827,0.03206639607669786,True,False
Completed,128,1280,COMPLETED,SOBOL,0.6900000000000001,7362.0,0.84,4423,1249,7.729670423233882,0.002242527273949236,False,True
Completed,129,1290,COMPLETED,SOBOL,0.71,170.0,0.0,1605,4428,4.233540353191086,0.03576725751580671,True,False
Completed,131,1310,COMPLETED,SOBOL,0.72,8554.0,0.6900000000000001,2502,2729,1.6034872726118192,0.045978863953612746,False,True
Completed,132,1320,COMPLETED,SOBOL,0.72,10808.0,0.77,3507,2088,3.152985252567567,0.043066948073450476,False,True
Completed,133,1330,COMPLETED,SOBOL,0.71,217.0,0.0,74,3589,9.73397175541334,0.019693605672102422,True,False
Completed,134,1340,COMPLETED,SOBOL,0.67,33.0,0.16,1909,77,0.8567515546558425,0.025531478297896686,True,False
Completed,135,1350,COMPLETED,SOBOL,0.6900000000000001,10479.0,0.86,4101,4350,7.360241292305291,0.01250324527733028,False,True
Completed,136,1360,COMPLETED,SOBOL,0.71,7966.0,0.93,3813,1563,0.3735430318117142,0.023180781025905164,True,True
Completed,137,1370,COMPLETED,SOBOL,0.71,2.0,0.0,2254,2864,6.252085826794618,0.039591135931666945,False,False
Completed,138,1380,COMPLETED,SOBOL,0.73,2.0,0.02,334,762,3.00172516069375,0.008255668713711202,False,False
Completed,139,1390,COMPLETED,SOBOL,0.71,12806.0,0.86,3152,4914,8.957783792451956,0.02979041807353497,True,True
Completed,140,1400,COMPLETED,SOBOL,0.74,2026.0,0.9400000000000001,2867,529,6.1290764890750875,0.03151875027595088,True,True
Completed,141,1410,COMPLETED,SOBOL,0.71,2.0,0.0,675,3899,2.0867358569465577,0.006503935637418181,False,False
Completed,142,1420,COMPLETED,SOBOL,0.71,2.0,0.0,1270,2267,8.505818324704654,0.04946510863117874,False,False
Completed,144,1440,COMPLETED,SOBOL,0.71,2.0,0.0,4883,2419,6.610277746856213,0.028304428606294098,False,False
Completed,145,1450,COMPLETED,SOBOL,0.68,12494.0,0.78,1441,3258,0.02852838085126132,0.009911602944135667,True,True
Completed,146,1460,COMPLETED,SOBOL,0.67,2240.0,0.34,856,369,9.235439414417371,0.041223065648693595,True,True
Completed,147,1470,COMPLETED,SOBOL,0.71,2.0,0.0,3038,4058,2.7324073946634306,0.021767135915812107,False,False
Completed,148,1480,COMPLETED,SOBOL,0.72,2.0,0.02,3284,916,2.358495995684527,0.01808065242879093,False,False
Completed,151,1510,COMPLETED,SOBOL,0.71,1.0,0.0,3954,3023,8.145186415882781,0.03624369828635827,False,False
Completed,152,1520,COMPLETED,SOBOL,0.71,792.0,0.01,4233,235,3.9607110140565784,0.04758643473684788,True,False
Completed,153,1530,COMPLETED,SOBOL,0.6900000000000001,12337.0,0.8200000000000001,2051,4192,8.003509364080616,0.015367464645765723,False,True
Completed,154,1540,COMPLETED,SOBOL,0.68,6209.0,0.76,206,1934,1.2598481406606734,0.03430524895852432,False,True
Completed,155,1550,COMPLETED,SOBOL,0.71,209.0,0.0,3648,3743,5.380143255881034,0.003922820438165218,True,False
Completed,157,1570,COMPLETED,SOBOL,0.71,6278.0,0.9,1115,2572,3.4990667199771854,0.030232067374512554,False,True
Completed,158,1580,COMPLETED,SOBOL,0.72,2154.0,0.9400000000000001,1785,1094,7.083962399947458,0.024466869922820482,False,True
Completed,159,1590,COMPLETED,SOBOL,0.71,43.0,0.21,4593,4583,1.1271409050300716,0.03851045780954883,True,False
Completed,160,1600,COMPLETED,SOBOL,0.72,2.0,0.04,4635,1568,2.860504187823273,0.03695712671568618,False,False
Completed,162,1620,COMPLETED,SOBOL,0.71,2425.0,0.9400000000000001,1240,1119,0.4867634439421818,0.044171656940132385,True,True
Completed,163,1630,COMPLETED,SOBOL,0.71,2.0,0.0,2798,4460,6.481881172314287,0.018818463395349684,False,False
Completed,164,1640,COMPLETED,SOBOL,0.71,2.0,0.0,3685,103,8.607421444671228,0.020932745760772378,False,False
Completed,165,1650,COMPLETED,SOBOL,0.71,11371.0,0.8300000000000001,253,4227,4.604139946405777,0.04203243652684614,True,True
Completed,166,1660,COMPLETED,SOBOL,0.72,6125.0,0.6900000000000001,2161,2114,5.9773592752926055,0.010745309152640404,True,True
Completed,167,1670,COMPLETED,SOBOL,0.73,2.0,0.08,4353,3465,1.8953592388024554,0.02749404296465218,False,False
Completed,169,1690,COMPLETED,SOBOL,0.7000000000000001,9717.0,0.87,2428,4951,1.7539756173975765,0.02518041636934504,False,True
Completed,170,1700,COMPLETED,SOBOL,0.71,3802.0,0.88,590,1428,7.509061842408963,0.030969949151389304,False,True
Completed,171,1710,COMPLETED,SOBOL,0.71,231.0,0.0,3408,2901,4.130727435806767,0.007258227843791246,True,False
Completed,172,1720,COMPLETED,SOBOL,0.7000000000000001,33.0,0.26,3084,2288,0.6281874248310924,0.00473226212663576,True,False
Completed,173,1730,COMPLETED,SOBOL,0.71,8344.0,0.79,893,3291,7.248233210536652,0.033470976820681245,False,True
Completed,174,1740,COMPLETED,SOBOL,0.71,840.0,0.9400000000000001,1560,550,3.3338763016890733,0.0145571498144418,False,True
Completed,176,1760,COMPLETED,SOBOL,0.71,484.0,0.78,4821,397,1.4798296874528751,0.011765622953884305,False,True
Completed,177,1770,COMPLETED,SOBOL,0.71,226.0,0.0,1380,3933,5.483568903613836,0.02624426943436265,True,False
Completed,179,1790,COMPLETED,SOBOL,0.71,10271.0,0.89,2904,3132,7.852398864904419,0.042353330263402315,False,True
Completed,180,1800,COMPLETED,SOBOL,0.73,3561.0,0.71,3267,1275,6.902453815333546,0.04678906095214189,False,True
Completed,181,1810,COMPLETED,SOBOL,0.7000000000000001,21.0,0.45,459,3054,0.9853108336059377,0.015971573838032778,True,False
Completed,183,1830,COMPLETED,SOBOL,0.71,11442.0,0.84,3854,4792,3.610462220394053,0.003077106809709221,False,True
Completed,184,1840,COMPLETED,SOBOL,0.71,6970.0,0.63,4211,1957,9.122812698305584,0.014044420231133701,True,True
Completed,185,1850,COMPLETED,SOBOL,0.71,2.0,0.0,2029,3623,2.502004049440846,0.04872741549741477,False,False
Completed,186,1860,COMPLETED,SOBOL,0.72,2.0,0.01,111,258,6.750895674164408,0.0057901998101733635,False,False
Completed,187,1870,COMPLETED,SOBOL,0.7000000000000001,10059.0,0.8,3553,4072,0.20880556352436544,0.03225580593245104,True,True
Completed,188,1880,COMPLETED,SOBOL,0.71,4038.0,0.49,2627,960,4.879655454115943,0.028956783228553832,True,True
Completed,189,1890,COMPLETED,SOBOL,0.71,2.0,0.0,1059,4619,8.335964607362635,0.009065794901922346,False,False
Completed,190,1900,COMPLETED,SOBOL,0.72,2.0,0.04,1646,1722,2.2562993286959827,0.04042559745023027,False,False
Completed,191,1910,COMPLETED,SOBOL,0.7000000000000001,7851.0,0.78,4455,2608,5.635091453193688,0.022371150694321842,True,True
Completed,192,1920,COMPLETED,SOBOL,0.71,6994.0,0.9500000000000001,4505,2161,2.1112814260832966,0.04903611109638587,True,True
Completed,193,1930,COMPLETED,SOBOL,0.71,1.0,0.0,1698,3516,6.231738649724983,0.013724523785989732,False,False
Completed,194,1940,COMPLETED,SOBOL,0.72,2.0,0.0,1028,149,4.506989649014548,0.032660797570832074,False,False
Completed,196,1960,COMPLETED,SOBOL,0.72,2487.0,0.9500000000000001,3581,1165,6.3837367874933415,0.009421899115201087,True,True
Completed,197,1970,COMPLETED,SOBOL,0.71,4.0,0.37,138,4512,0.4270774009972811,0.028587993365246804,False,False
Completed,198,1980,COMPLETED,SOBOL,0.71,1.0,0.0,1982,1614,8.991826709927059,0.02282430625706911,False,False
Completed,199,1990,COMPLETED,SOBOL,0.73,6769.0,0.93,4165,2813,3.1138846696820113,0.039959756053052846,True,True
Completed,200,2000,COMPLETED,SOBOL,0.73,1043.0,0.9500000000000001,3904,601,9.778046621425077,0.026661393332760783,False,True
Completed,203,2030,COMPLETED,SOBOL,0.71,11146.0,0.65,3234,3338,0.8813349689571187,0.02012259011436254,False,True
Completed,204,2040,COMPLETED,SOBOL,0.72,2887.0,0.9400000000000001,2931,1479,4.34566201701481,0.016436484005767853,False,True
Completed,205,2050,COMPLETED,SOBOL,0.71,334.0,0.0,748,2948,7.763675495544449,0.04633535181498155,True,False
Completed,206,2060,COMPLETED,SOBOL,0.72,176.0,0.05,1332,679,1.6570594869619235,0.0034449654435738924,True,False
Completed,207,2070,COMPLETED,SOBOL,0.67,11769.0,0.88,4775,4998,5.152569730687887,0.03460104020684958,False,True
Completed,208,2080,COMPLETED,SOBOL,0.63,267.0,0.02,4946,834,3.552601089162752,0.024823344415053728,True,False
Completed,209,2090,COMPLETED,SOBOL,0.7000000000000001,9786.0,0.85,1513,4843,9.508802757763304,0.03814183778036386,False,True
Completed,211,2110,COMPLETED,SOBOL,0.71,218.0,0.0,3112,3105,7.118005317422562,0.03143449235940352,True,False
Completed,213,2130,COMPLETED,SOBOL,0.73,12475.0,0.91,559,3184,3.9852565831933173,0.005052748657763005,False,True
Completed,214,2140,COMPLETED,SOBOL,0.72,311.0,0.9500000000000001,2479,443,5.42425596705731,0.04801543254824356,False,True
Completed,215,2150,COMPLETED,SOBOL,0.6900000000000001,43.0,0.18,4036,3984,1.3820774433501064,0.014974687879439445,True,False
Completed,216,2160,COMPLETED,SOBOL,0.71,1.0,0.0,4307,1773,5.887868274878711,0.0007933235364034773,False,False
Completed,217,2170,COMPLETED,SOBOL,0.7000000000000001,7651.0,0.8,2114,2654,2.4706176595082505,0.03740991531871259,True,True
Completed,219,2190,COMPLETED,SOBOL,0.71,2.0,0.0,3712,4665,4.780907260124573,0.044528149503748865,False,False
Completed,220,2200,COMPLETED,SOBOL,0.68,3.0,0.17,2766,309,0.150719838376157,0.041615855507552625,False,False
Completed,221,2210,COMPLETED,SOBOL,0.71,10995.0,0.9,1209,4118,6.654352612867952,0.021338151565752923,True,True
Completed,222,2220,COMPLETED,SOBOL,0.6900000000000001,10431.0,0.56,1869,2008,2.756990808964707,0.027174513479229064,True,True
Completed,223,2230,COMPLETED,SOBOL,0.71,2.0,0.0,4686,3669,9.338139420231805,0.01105366360815242,False,False
Completed,225,2250,COMPLETED,SOBOL,0.68,10068.0,0.85,1754,4299,0.7601441267803312,0.047278211667668074,False,True
Completed,226,2260,COMPLETED,SOBOL,0.68,8965.0,0.5700000000000001,1167,2042,9.9888893804634,0.004339485452510417,False,True
Completed,228,2280,COMPLETED,SOBOL,0.71,72.0,0.08,3602,1652,1.8563332287706436,0.0306013290300034,True,False
Completed,229,2290,COMPLETED,SOBOL,0.7000000000000001,13885.0,0.68,159,2678,5.235287461689674,0.007614702612627299,False,True
Completed,230,2300,COMPLETED,SOBOL,0.72,4749.0,0.9500000000000001,2077,1202,4.174534405732528,0.03897601550444961,False,True
Completed,231,2310,COMPLETED,SOBOL,0.71,234.0,0.0,4260,4377,7.630986595821567,0.024014185967855158,True,False
Completed,232,2320,COMPLETED,SOBOL,0.71,1.0,0.0,3922,2215,4.638449567993172,0.010316324710380288,False,False
Completed,233,2330,COMPLETED,SOBOL,0.7000000000000001,9384.0,0.81,2355,3364,8.719848849745468,0.02788683310011402,True,True
Completed,234,2340,COMPLETED,SOBOL,0.71,995.0,0.9500000000000001,528,477,2.0273537859162314,0.022074806148186327,True,True
Completed,235,2350,COMPLETED,SOBOL,0.71,2.0,0.0,3335,3852,6.0312360389195385,0.04090252149198204,False,False
Completed,236,2360,COMPLETED,SOBOL,0.71,1.0,0.0,2992,711,8.899991795694456,0.04533787424908951,False,False
Completed,238,2380,COMPLETED,SOBOL,0.73,4850.0,0.93,1467,1512,6.506158845365048,0.03660063885431737,True,True
Completed,239,2390,COMPLETED,SOBOL,0.68,3.0,0.28,4910,2817,0.5891589004797861,0.0016274304501712323,False,False
Completed,240,2400,COMPLETED,SOBOL,0.67,9125.0,0.34,4729,1358,8.360204435248859,0.0392231724653393,True,True
Completed,241,2410,COMPLETED,SOBOL,0.71,2.0,0.0,1296,2972,4.98201306548901,0.02353738118801266,False,False
Completed,242,2420,COMPLETED,SOBOL,0.71,1.0,0.0,628,870,5.757016206606292,0.0293254032577388,False,False
Completed,243,2430,COMPLETED,SOBOL,0.71,14340.0,0.8200000000000001,2822,4710,2.3001062986217438,0.0087093204096891,True,True
Completed,245,2450,COMPLETED,SOBOL,0.71,2.0,0.0,386,4007,9.17665161676798,0.031826808121055365,False,False
Completed,246,2460,COMPLETED,SOBOL,0.6900000000000001,4.0,0.33,2223,2373,0.24315303027629853,0.012914492011535914,False,False
Completed,247,2470,COMPLETED,SOBOL,0.71,12834.0,0.84,3780,3206,6.8633609244031835,0.049869462700095034,True,True
Completed,248,2480,COMPLETED,SOBOL,0.7000000000000001,11542.0,0.31,4129,1043,1.0290799583671615,0.03531418594811112,False,True
Completed,249,2490,COMPLETED,SOBOL,0.71,180.0,0.0,1935,4537,7.024340723581613,0.002708499873057008,True,False
Completed,250,2500,COMPLETED,SOBOL,0.71,412.0,0.04,28,1804,3.712857676931657,0.04562284391978756,True,False
Completed,251,2510,COMPLETED,SOBOL,0.7000000000000001,5904.0,0.9400000000000001,3461,2525,9.630620484976099,0.017174011915456505,False,True
Completed,252,2520,COMPLETED,SOBOL,0.73,4925.0,0.9500000000000001,2553,1883,5.595996308688075,0.019288671474903825,False,True
Completed,253,2530,COMPLETED,SOBOL,0.6900000000000001,43.0,0.17,996,3696,1.5141393090402706,0.04348324539046735,True,False
Completed,255,2550,COMPLETED,SOBOL,0.68,11216.0,0.91,4390,4146,3.9031562386872247,0.02585147957550362,False,True
Completed,256,2560,COMPLETED,SOBOL,0.71,2.0,0.07,4377,191,0.7741751190973446,0.023951520542148504,False,False
Completed,257,2570,COMPLETED,SOBOL,0.71,12508.0,0.91,1570,4156,7.27705456621945,0.0388211993011646,True,True
Completed,258,2580,COMPLETED,SOBOL,0.7000000000000001,7913.0,0.91,981,1889,3.3822650415310638,0.007479527329094708,True,True
Completed,259,2590,COMPLETED,SOBOL,0.71,2.0,0.0,2547,3707,9.96386183490418,0.030567362343892457,False,False
Completed,260,2600,COMPLETED,SOBOL,0.71,2.0,0.0,3477,1811,5.260304260861129,0.033841840421315286,False,False
Completed,261,2610,COMPLETED,SOBOL,0.72,5500.0,0.9500000000000001,34,2536,1.8423003181209787,0.004180137020070106,True,True
Completed,262,2620,COMPLETED,SOBOL,0.7000000000000001,8072.0,0.41000000000000003,1949,1049,7.65601248379238,0.04714756787568331,True,True
Completed,263,2630,COMPLETED,SOBOL,0.71,2.0,0.0,4132,4547,4.160492704276927,0.015648579395376148,False,False
Completed,265,2650,COMPLETED,SOBOL,0.7000000000000001,7410.0,0.92,2210,3222,4.614652660766617,0.03653792327130213,False,True
Completed,267,2670,COMPLETED,SOBOL,0.7000000000000001,103.0,0.09,3187,4022,2.0035468959100546,0.04520264880824834,True,False
Completed,268,2680,COMPLETED,SOBOL,0.7000000000000001,110.0,0.04,2827,871,2.9280694562029095,0.04074312880309299,True,False
Completed,270,2700,COMPLETED,SOBOL,0.7000000000000001,13243.0,0.35000000000000003,1299,1360,0.6129641328975559,0.02784828992839903,False,True
Completed,272,2720,COMPLETED,SOBOL,0.73,3374.0,0.93,4913,1517,4.966760765758344,0.049903426712378865,False,True
Completed,274,2740,COMPLETED,SOBOL,0.71,126.0,0.05,815,717,2.2848452080851422,0.03198162183491513,True,False
Completed,275,2750,COMPLETED,SOBOL,0.71,12936.0,0.86,3008,4879,5.780822705496103,0.0062456454136408865,False,True
Completed,276,2760,COMPLETED,SOBOL,0.73,1124.0,0.9500000000000001,3328,483,9.152855827016756,0.008747815913520755,False,True
Completed,279,2790,COMPLETED,SOBOL,0.71,12081.0,0.81,3908,3376,0.25841607639472935,0.03928130907332525,False,True
Completed,280,2800,COMPLETED,SOBOL,0.72,3618.0,0.9500000000000001,4274,1203,7.0103090794039895,0.025986702342517674,True,True
Completed,281,2810,COMPLETED,SOBOL,0.73,2.0,0.1,2081,4393,1.0540978750139474,0.012228621473535897,False,False
Completed,282,2820,COMPLETED,SOBOL,0.71,2.0,0.0,176,1652,9.616580049992539,0.04354595848405734,False,False
Completed,283,2830,COMPLETED,SOBOL,0.64,10463.0,0.68,3609,2695,3.7378846823778002,0.01944353534607217,True,True
Completed,284,2840,COMPLETED,SOBOL,0.6900000000000001,11793.0,0.66,2718,2042,1.4891230127327144,0.01730470245331526,True,True
Completed,285,2850,COMPLETED,SOBOL,0.71,1.0,0.0,1161,3554,5.610028418480419,0.04566138958092779,False,False
Completed,286,2860,COMPLETED,SOBOL,0.72,3.0,0.0,1741,31,3.8781299596000465,0.002766680737491697,False,False
Completed,287,2870,COMPLETED,SOBOL,0.7000000000000001,11784.0,0.9500000000000001,4558,4316,7.92031801909674,0.035473581310827285,True,True
Completed,288,2880,COMPLETED,SOBOL,0.6900000000000001,8566.0,0.46,4672,1999,6.216477615062148,0.04009040279546753,False,True
Completed,289,2890,COMPLETED,SOBOL,0.71,190.0,0.0,1865,3656,2.1350878690993413,0.02286280222190544,True,False
Completed,296,2960,COMPLETED,SOBOL,0.74,1553.0,0.9400000000000001,4033,438,3.2611361819859597,0.034639586328994484,True,True
Completed,297,2970,COMPLETED,SOBOL,0.71,2.0,0.0,2466,3967,9.803073719994165,0.003575656442437321,False,False
Completed,298,2980,COMPLETED,SOBOL,0.65,4.0,0.4,553,2489,0.8673032316565514,0.046494747454300524,False,False
Completed,299,2990,COMPLETED,SOBOL,0.6900000000000001,8542.0,0.8300000000000001,3360,3166,7.487959307889454,0.016494665146805348,True,True
Completed,300,3000,COMPLETED,SOBOL,0.71,7895.0,0.4,3118,1318,7.738649160583504,0.020156604007352145,True,True
Completed,301,3010,COMPLETED,SOBOL,0.71,2.0,0.0,935,3087,4.359704463453964,0.04280938042839989,False,False
Completed,302,3020,COMPLETED,SOBOL,0.71,2.0,0.0,1517,829,5.127553378506565,0.011516048300080002,False,False
Completed,304,3040,COMPLETED,SOBOL,0.71,2.0,0.0,4779,671,9.522843937730416,0.014815339723601939,False,False
Completed,305,3050,COMPLETED,SOBOL,0.67,12294.0,0.87,1346,4984,3.5275736367264763,0.047957298890687526,True,True
Completed,306,3060,COMPLETED,SOBOL,0.71,4116.0,0.9400000000000001,754,1472,7.132036216616632,0.005014250203501434,True,True
Completed,307,3070,COMPLETED,SOBOL,0.73,2.0,0.07,2947,2934,1.2142829443616792,0.03303255842486397,False,False
Completed,308,3080,COMPLETED,SOBOL,0.71,2.0,0.0,3228,2331,4.010282415290364,0.03127967569511384,False,False
Completed,310,3100,COMPLETED,SOBOL,0.73,1324.0,0.9500000000000001,2334,593,1.407094186647795,0.03810787081765011,True,True
Completed,311,3110,COMPLETED,SOBOL,0.71,2.0,0.0,3891,3812,5.410223112281413,0.024688168854918334,False,False
Completed,312,3120,COMPLETED,SOBOL,0.66,146.0,0.04,4179,1611,2.4858794950284064,0.010995479793287815,True,False
Completed,313,3130,COMPLETED,SOBOL,0.6900000000000001,7513.0,0.86,1986,2794,5.864061328998767,0.027015121066942812,False,True
Completed,314,3140,COMPLETED,SOBOL,0.72,2557.0,0.92,153,1162,4.796158814871684,0.021207458077464256,False,True
Completed,315,3150,COMPLETED,SOBOL,0.71,167.0,0.0,3586,4493,8.25307825864572,0.04157731279684231,True,False
Completed,317,3170,COMPLETED,SOBOL,0.71,11781.0,0.9400000000000001,1022,4259,0.1354575372412801,0.018294398444704714,False,True
Completed,318,3180,COMPLETED,SOBOL,0.71,6817.0,0.9500000000000001,1685,2158,9.361935656973161,0.037274689601268625,False,True
Completed,321,3210,COMPLETED,SOBOL,0.71,11776.0,0.72,1652,2610,2.8745350870173425,0.010590495530981571,False,True
Completed,322,3220,COMPLETED,SOBOL,0.65,11034.0,0.32,1073,975,6.456853719878011,0.041897257924079896,False,True
Completed,323,3230,COMPLETED,SOBOL,0.7000000000000001,52.0,0.17,2631,4621,0.5008046239092946,0.020898781656287613,True,False
Completed,325,3250,COMPLETED,SOBOL,0.7000000000000001,9589.0,0.8,107,4074,8.632438187968917,0.04401231182692573,False,True
Completed,327,3270,COMPLETED,SOBOL,0.71,178.0,0.0,4205,3624,6.002385107389652,0.036918631119653586,True,False
Completed,328,3280,COMPLETED,SOBOL,0.72,2.0,0.06,3860,798,1.730178654297255,0.04826539518358186,False,False
Completed,329,3290,COMPLETED,SOBOL,0.66,13097.0,0.84,2302,4799,5.226299188550562,0.014494436813052744,True,True
Completed,330,3300,COMPLETED,SOBOL,0.67,8386.0,0.56,462,1286,4.106920489926823,0.0334369625588879,True,True
Completed,331,3310,COMPLETED,SOBOL,0.71,2.0,0.0,3280,3061,7.524323677929119,0.0045970392674207685,False,False
Completed,332,3320,COMPLETED,SOBOL,0.71,2.0,0.0,2900,2457,7.232979700207711,0.007098832573276013,False,False
Completed,333,3330,COMPLETED,SOBOL,0.72,6093.0,0.9,708,3139,0.6519836615724489,0.03091176837915555,True,True
Completed,334,3340,COMPLETED,SOBOL,0.72,266.0,0.9500000000000001,1374,407,9.861161829089745,0.025141870616003873,True,True
Completed,335,3350,COMPLETED,SOBOL,0.71,2.0,0.0,4806,3940,3.3576816272297876,0.03764290016610176,False,False
Completed,336,3360,COMPLETED,SOBOL,0.73,900.0,0.9500000000000001,4986,566,5.507366257830523,0.00311107340361923,True,True
Completed,337,3370,COMPLETED,SOBOL,0.68,2.0,0.09,1545,3780,1.4645774435959755,0.035092873185873036,False,False
Completed,338,3380,COMPLETED,SOBOL,0.71,1.0,0.0,889,2304,7.876205307920464,0.016126390133518728,False,False
Completed,339,3390,COMPLETED,SOBOL,0.71,9646.0,0.79,3071,3292,3.7559006569106135,0.046851726470049475,True,True
Completed,340,3400,COMPLETED,SOBOL,0.71,3777.0,0.89,3412,1445,1.0005635058283806,0.042391829086467624,True,True
Completed,341,3410,COMPLETED,SOBOL,0.71,2.0,0.0,604,2902,6.878658118705266,0.020561375838704408,False,False
Completed,342,3420,COMPLETED,SOBOL,0.68,2.0,0.01,2434,644,3.6257251733895393,0.026403617959003898,False,False
Completed,343,3430,COMPLETED,SOBOL,0.7000000000000001,10070.0,0.87,4002,4952,9.582537132517434,0.011823756980244071,True,True
Completed,344,3440,COMPLETED,SOBOL,0.73,5316.0,0.9400000000000001,4337,2126,2.527022059210576,0.022506376042962076,False,True
Completed,346,3460,COMPLETED,SOBOL,0.65,53.0,0.05,239,114,0.23383266209345313,0.009128510577138513,True,False
Completed,347,3470,COMPLETED,SOBOL,0.71,8325.0,0.8300000000000001,3681,4232,6.736855146057905,0.029111643780488524,False,True
Completed,348,3480,COMPLETED,SOBOL,0.72,4000.0,0.9500000000000001,2811,1130,8.349996773028746,0.03238649978954345,False,True
Completed,349,3490,COMPLETED,SOBOL,0.71,168.0,0.0,1243,4466,4.85463910193462,0.005828742889687419,True,False
Completed,400,4000,COMPLETED,SOBOL,0.74,157.0,0.9500000000000001,1405,190,4.60446614676714,0.008876879058778287,False,True
Completed,402,4020,COMPLETED,SOBOL,0.71,81.0,0.07,2683,1552,1.576829777535051,0.024449376547243447,True,False
Completed,403,4030,COMPLETED,SOBOL,0.72,7872.0,0.9400000000000001,1137,3542,9.390685559420847,0.03416171081969515,False,True
Completed,404,4040,COMPLETED,SOBOL,0.6900000000000001,6888.0,0.71,168,1936,5.3699723679116005,0.025832345207687468,False,True
Completed,408,4080,COMPLETED,SOBOL,0.72,4034.0,0.9400000000000001,2121,1575,7.571601963910275,0.014384877346456052,True,True
Completed,409,4090,COMPLETED,SOBOL,0.72,2.0,0.08,4374,3336,1.0137255027666687,0.028734797676093878,False,False
Completed,410,4100,COMPLETED,SOBOL,0.71,2.0,0.0,3167,437,6.107495256060735,0.0049968439578078686,False,False
Completed,411,4110,COMPLETED,SOBOL,0.71,9326.0,0.91,340,4619,2.673084540513344,0.038116791626904165,True,True
Completed,412,4120,COMPLETED,SOBOL,0.72,2392.0,0.9500000000000001,702,1137,2.40226335110981,0.04683270873641596,True,True
Completed,413,4130,COMPLETED,SOBOL,0.71,2.0,0.0,2825,3751,8.955868951911107,0.011778375680092722,False,False
Completed,414,4140,COMPLETED,SOBOL,0.71,2.0,0.0,4636,2440,3.789426946915686,0.03744374291971326,False,False
Completed,415,4150,COMPLETED,SOBOL,0.67,8262.0,0.73,1839,2634,7.217123293313199,0.021161301874555647,True,True
Completed,416,4160,COMPLETED,SOBOL,0.66,3.0,0.36,1618,2201,0.657075521728024,0.043286245369352404,False,False
Completed,417,4170,COMPLETED,SOBOL,0.6900000000000001,8558.0,0.63,4409,2710,7.849655621276238,0.0021541227586567404,True,True
Completed,418,4180,COMPLETED,SOBOL,0.7000000000000001,3688.0,0.54,3057,1063,3.019530928804539,0.02791616516793147,True,True
Completed,419,4190,COMPLETED,SOBOL,0.71,2.0,0.0,919,3994,5.838767898809166,0.017518157621379944,False,False
Completed,420,4200,COMPLETED,SOBOL,0.71,2.0,0.0,581,512,9.234352874528616,0.023140338561031967,False,False
Completed,421,4210,COMPLETED,SOBOL,0.71,10090.0,0.86,3414,4376,2.0460460192700847,0.03160393896093591,True,True
Completed,422,4220,COMPLETED,SOBOL,0.72,4231.0,0.92,4123,1816,6.948842963443139,0.007769302328117192,True,True
Completed,423,4230,COMPLETED,SOBOL,0.71,2.0,0.0,1884,3258,4.136317978641019,0.0469689296707511,False,False
Completed,425,4250,COMPLETED,SOBOL,0.7000000000000001,8386.0,0.81,3961,4132,4.883012191700749,0.019848305333405734,False,True
Completed,426,4260,COMPLETED,SOBOL,0.73,4572.0,0.91,3576,2177,9.737552751672455,0.04406951522314921,False,True
Completed,427,4270,COMPLETED,SOBOL,0.7000000000000001,45.0,0.2,87,2916,1.3085256081912666,0.010674759348388763,True,False
Completed,428,4280,COMPLETED,SOBOL,0.67,170.0,0.03,1071,1312,3.4543500133845955,0.0054391811699606475,True,False
Completed,429,4290,COMPLETED,SOBOL,0.6900000000000001,9207.0,0.79,2612,3618,5.01333669055719,0.03999514456978068,False,True
Completed,430,4300,COMPLETED,SOBOL,0.75,103.0,0.9500000000000001,4853,116,0.23261267702560873,0.0146196754174307,False,True
Completed,431,4310,COMPLETED,SOBOL,0.71,156.0,0.0,1466,5000,8.664692446492612,0.030820689760148526,True,False
Completed,432,4320,COMPLETED,SOBOL,0.71,2.0,0.0,1559,1461,6.024730395536871,0.04785893114237115,False,False
Completed,433,4330,COMPLETED,SOBOL,0.72,7243.0,0.91,4937,3456,2.579945039018057,0.006911026921588926,True,True
Completed,434,4340,COMPLETED,SOBOL,0.73,166.0,0.9500000000000001,2529,236,7.802533623532393,0.032286398248746996,True,True
Completed,435,4350,COMPLETED,SOBOL,0.64,2.0,0.22,978,4809,1.2318413593079893,0.022477514292113483,False,False
Completed,436,4360,COMPLETED,SOBOL,0.72,2.0,0.01,14,635,4.00706601398252,0.01843174990080297,False,False
Completed,437,4370,COMPLETED,SOBOL,0.68,9446.0,0.84,3512,4266,7.448798744515517,0.027079617372713985,True,True
Completed,438,4380,COMPLETED,SOBOL,0.71,9616.0,0.46,4024,2007,2.308647060140036,0.0028583083669655026,True,True
Completed,439,4390,COMPLETED,SOBOL,0.71,2.0,0.0,2451,3060,8.873847882967443,0.04264701356785372,False,False
Completed,440,4400,COMPLETED,SOBOL,0.71,201.0,0.02,1967,391,1.806078966299072,0.02997592105297372,True,False
Completed,441,4410,COMPLETED,SOBOL,0.71,9179.0,0.9,4215,4568,9.610779496294446,0.015529403832275421,False,True
Completed,442,4420,COMPLETED,SOBOL,0.67,7885.0,0.54,3321,1665,4.520028490859084,0.039363942639902234,False,True
Completed,443,4430,COMPLETED,SOBOL,0.71,211.0,0.0,498,3421,6.701510891310871,0.006147421683184802,True,False
Completed,445,4450,COMPLETED,SOBOL,0.72,5774.0,0.9,2983,2568,0.41617275078874083,0.04495751731749624,False,True
Completed,446,4460,COMPLETED,SOBOL,0.72,2925.0,0.93,4482,1242,5.590504951101728,0.019195375792216512,False,True
Completed,449,4490,COMPLETED,SOBOL,0.71,86.0,0.09,4563,3943,1.5278405530117452,0.04211009036703035,True,False
Completed,450,4500,COMPLETED,SOBOL,0.7000000000000001,10547.0,0.78,756,3998,5.754673671007157,0.037634798377752306,False,True
Completed,451,4510,COMPLETED,SOBOL,0.65,130.0,0.09,4357,1967,2.6401017160108315,0.006090436111669987,True,False
Completed,452,4520,COMPLETED,SOBOL,0.71,225.0,0.0,3345,3300,8.754775494649074,0.03645299616036937,True,False
Completed,453,4530,COMPLETED,SOBOL,0.78,91.0,0.9500000000000001,1612,19,1.9051304430952296,0.02004528788244352,False,True
Completed,454,4540,COMPLETED,SOBOL,0.72,8236.0,0.89,2370,2965,3.8480863559618594,0.013357902811374516,False,True
Completed,456,4560,COMPLETED,SOBOL,0.71,56.0,0.28,4781,4757,0.672277786500752,0.012007860026787968,True,False
Completed,457,4570,COMPLETED,SOBOL,0.72,4703.0,0.9500000000000001,264,1789,7.576218431435526,0.04524346593162045,False,True
Completed,458,4580,COMPLETED,SOBOL,0.72,9131.0,0.81,393,3717,0.2943428524071351,0.02765701922727749,True,True
Completed,459,4590,COMPLETED,SOBOL,0.71,2.0,0.0,4642,436,8.412781910308636,0.016083321878220886,False,False
Completed,460,4600,COMPLETED,SOBOL,0.71,2.0,0.0,2999,4259,4.564116263710894,0.04798059230437503,False,False
Completed,461,4610,COMPLETED,SOBOL,0.73,4662.0,0.88,1880,2229,6.408673342623748,0.008508627280127258,True,True
Completed,462,4620,COMPLETED,SOBOL,0.68,11978.0,0.78,1483,4476,9.636785484628751,0.003208101380150765,True,True
Completed,463,4630,COMPLETED,SOBOL,0.73,2.0,0.1,3484,1508,1.5018888460416346,0.04127773001557216,False,False
Completed,464,4640,COMPLETED,SOBOL,0.71,2.0,0.0,3877,2529,5.230287923621014,0.02370143629377708,False,False
Completed,465,4650,COMPLETED,SOBOL,0.73,1254.0,0.9500000000000001,1246,810,3.330176527114585,0.03358312404481694,True,True
Completed,466,4660,COMPLETED,SOBOL,0.71,2.0,0.0,1025,2753,8.456092804998159,0.010774658554233612,False,False
Completed,467,4670,COMPLETED,SOBOL,0.7000000000000001,2097.0,0.55,4020,722,0.33887552012503147,0.04570247468631715,True,True
Completed,468,4680,COMPLETED,SOBOL,0.6900000000000001,9910.0,0.79,3631,4545,6.6863739429712306,0.015364178973250093,True,True
Completed,469,4690,COMPLETED,SOBOL,0.71,1.0,0.0,1257,1265,4.8430386370867495,0.02838824571017176,False,False
Completed,470,4700,COMPLETED,SOBOL,0.73,2.0,0.1,2101,4210,1.6135522984182462,0.03594564765412361,False,False
Completed,471,4710,COMPLETED,SOBOL,0.71,5112.0,0.93,2856,2491,9.749670710033737,0.02132682929094881,True,True
Completed,472,4720,COMPLETED,SOBOL,0.73,6810.0,0.93,4495,3513,3.5199953101491555,0.040462097725830974,True,True
Completed,473,4730,COMPLETED,SOBOL,0.71,2.0,0.0,619,544,5.421328479683958,0.004035820198245346,False,False
Completed,474,4740,COMPLETED,SOBOL,0.71,157.0,0.0,133,4962,2.99714138863422,0.02396675522532314,True,False
Completed,475,4750,COMPLETED,SOBOL,0.68,6188.0,0.54,4990,1681,6.110491281921044,0.03254361239541322,False,True
Completed,479,4790,COMPLETED,SOBOL,0.73,177.0,0.9500000000000001,3136,263,4.272256813243963,0.00819496859703213,False,True
Completed,480,4800,COMPLETED,SOBOL,0.71,8506.0,0.8300000000000001,4154,3774,8.079689706088043,0.02579533782694489,False,True
Completed,481,4810,COMPLETED,SOBOL,0.71,55.0,0.24,882,2056,1.1745272881248965,0.018717685560695828,True,False
Completed,482,4820,COMPLETED,SOBOL,0.71,2.0,0.0,839,3430,4.505472694877536,0.004506057735998183,False,False
Completed,483,4830,COMPLETED,SOBOL,0.74,139.0,0.9500000000000001,4127,149,6.389085983593017,0.039234283553902065,True,True
Completed,484,4840,COMPLETED,SOBOL,0.68,10334.0,0.78,3270,3981,0.0013089819289743901,0.02163315901393071,True,True
Completed,485,4850,COMPLETED,SOBOL,0.71,2.0,0.0,1853,1949,8.158804249633103,0.034856060754973446,False,False
Completed,486,4860,COMPLETED,SOBOL,0.71,2.0,0.0,2287,4784,5.093676629613154,0.029652308956254276,False,False
Completed,487,4870,COMPLETED,SOBOL,0.72,4499.0,0.92,2749,1816,3.2326262108040975,0.014833522623870523,True,True
Completed,488,4880,COMPLETED,SOBOL,0.72,6660.0,0.93,4856,2826,9.422019455949776,0.046755812695715576,True,True
Completed,489,4890,COMPLETED,SOBOL,0.6900000000000001,2.0,0.1,23,1108,1.326183795060031,0.010528747827280313,False,False
Completed,490,4900,COMPLETED,SOBOL,0.71,195.0,0.0,475,4325,9.047771352341398,0.017668131201062354,True,False
Completed,491,4910,COMPLETED,SOBOL,0.6900000000000001,8485.0,0.53,4414,2295,2.1590700909849256,0.026057104625273497,False,True
Completed,492,4920,COMPLETED,SOBOL,0.7000000000000001,8555.0,0.79,2927,3617,5.813355224689469,0.006921080880332739,False,True
Completed,493,4930,COMPLETED,SOBOL,0.63,226.0,0.02,2118,336,2.6597273485716433,0.049577203346882016,True,False
Completed,494,4940,COMPLETED,SOBOL,0.6900000000000001,22.0,0.42,1401,2619,0.8870055416496471,0.04279304417455569,True,False
Completed,496,4960,COMPLETED,SOBOL,0.71,8833.0,0.87,3949,4420,3.9847356627555564,0.032071113814134154,False,True
Completed,498,4980,COMPLETED,SOBOL,0.72,10690.0,0.8200000000000001,1098,4684,2.2036409949837252,0.04412074081785977,False,True
Completed,500,5000,COMPLETED,SOBOL,0.71,243.0,0.0,3550,2726,2.9386116719124837,0.0299666756503284,True,False
Completed,502,5020,COMPLETED,SOBOL,0.6900000000000001,7445.0,0.93,2028,3530,7.86480863332376,0.019820619789883497,False,True
Completed,503,5030,COMPLETED,SOBOL,0.71,92.0,0.05,3095,561,0.9987071930579842,0.037442792512476446,True,False
Completed,504,5040,COMPLETED,SOBOL,0.71,177.0,0.0,4576,4081,7.266523962941021,0.005544766776263714,True,False
Completed,505,5050,COMPLETED,SOBOL,0.6900000000000001,8154.0,0.6000000000000001,391,2362,4.174516358505935,0.038968256426975136,False,True
Completed,506,5060,COMPLETED,SOBOL,0.67,9369.0,0.59,207,3071,6.744865684156307,0.034125021532177925,True,True
Completed,507,5070,COMPLETED,SOBOL,0.71,1.0,0.0,4750,1040,4.862474168469198,0.022352111523970965,False,False
Completed,508,5080,COMPLETED,SOBOL,0.71,2.0,0.0,2637,4872,8.748973655854352,0.0415122107770294,False,False
Completed,509,5090,COMPLETED,SOBOL,0.7000000000000001,7119.0,0.59,2476,1591,0.5927001611785964,0.0022402137219905854,True,True
Completed,510,5100,COMPLETED,SOBOL,0.68,8136.0,0.85,1669,3874,3.6567584318052977,0.009700841564685108,True,True
Completed,511,5110,COMPLETED,SOBOL,0.71,1.0,0.0,3376,2155,5.5190306236427285,0.04757163519598544,False,False
Completed,512,5120,COMPLETED,SOBOL,0.72,2.0,0.07,4239,3165,1.8284713467191904,0.017208319837227464,False,False
Completed,513,5130,COMPLETED,SOBOL,0.74,167.0,0.9500000000000001,650,197,9.92552878063731,0.027289597902446987,True,True
Completed,514,5140,COMPLETED,SOBOL,0.71,6953.0,0.9500000000000001,695,2873,1.4772898615840822,0.022639515529852362,True,True
Completed,515,5150,COMPLETED,SOBOL,0.71,2.0,0.0,4262,1155,9.573659824678675,0.03426134877419099,False,False
Completed,516,5160,COMPLETED,SOBOL,0.71,2.0,0.0,3401,4830,3.3836184438411148,0.002726264273282141,False,False
Completed,517,5170,COMPLETED,SOBOL,0.72,3710.0,0.9400000000000001,1712,1862,5.245355737486855,0.04214930858789012,True,True
Completed,518,5180,COMPLETED,SOBOL,0.72,8880.0,0.9500000000000001,2431,3915,8.31959959088359,0.04691565472586081,True,True
Completed,519,5190,COMPLETED,SOBOL,0.67,3.0,0.22,2614,1884,0.16279060202930123,0.009183823393192143,False,False
Completed,520,5200,COMPLETED,SOBOL,0.71,2.0,0.0,4725,3363,6.54991887201462,0.027172153504099697,False,False
Completed,521,5210,COMPLETED,SOBOL,0.75,98.0,0.9500000000000001,164,82,4.666839289517142,0.016951883635949346,True,True
Completed,522,5220,COMPLETED,SOBOL,0.71,9282.0,0.87,337,4413,6.915336741432548,0.012489698240067812,False,True
Completed,525,5250,COMPLETED,SOBOL,0.72,1798.0,0.9400000000000001,1975,893,0.725028358489275,0.030488980346824977,False,True
Completed,526,5260,COMPLETED,SOBOL,0.68,8245.0,0.8,1539,3644,2.509231274581514,0.03693786003952846,False,True
Completed,528,5280,COMPLETED,SOBOL,0.67,70.0,0.1,3816,4351,2.0086878504818304,0.038699736002366994,True,False
Completed,529,5290,COMPLETED,SOBOL,0.68,8281.0,0.59,1151,2321,8.895482251933776,0.0054152381545864055,False,True
Completed,530,5300,COMPLETED,SOBOL,0.71,182.0,0.0,964,4128,4.335916328408756,0.0266639877287671,True,False
Completed,531,5310,COMPLETED,SOBOL,0.7000000000000001,7576.0,0.61,3925,2409,7.427390226625838,0.018232731693424285,False,True
Completed,532,5320,COMPLETED,SOBOL,0.68,7847.0,0.9400000000000001,3687,3575,1.160145902105607,0.04974374068621546,False,True
Completed,535,5350,COMPLETED,SOBOL,0.6900000000000001,2541.0,0.45,2951,630,3.0896372802127154,0.042609134611673656,False,True
Completed,536,5360,COMPLETED,SOBOL,0.71,9656.0,0.91,4439,4617,9.242717940988019,0.024645068836398425,False,True
Completed,537,5370,COMPLETED,SOBOL,0.67,77.0,0.09,518,1337,2.3547041504550728,0.03148160274978727,True,False
Completed,538,5380,COMPLETED,SOBOL,0.71,2.0,0.0,77,3158,9.773206304966472,0.039786799822933976,False,False
Completed,539,5390,COMPLETED,SOBOL,0.74,159.0,0.9500000000000001,4890,190,1.6780557309528812,0.005100856616161763,True,True
Completed,540,5400,COMPLETED,SOBOL,0.7000000000000001,8054.0,0.9400000000000001,2783,3866,5.3668231734326115,0.0350769959082827,True,True
Completed,541,5410,COMPLETED,SOBOL,0.71,2.0,0.0,2340,2148,3.5063052688678726,0.021811782051809135,False,False
Completed,542,5420,COMPLETED,SOBOL,0.65,4.0,0.41000000000000003,1799,4899,0.43068960275501017,0.014685867206193508,False,False
Completed,543,5430,COMPLETED,SOBOL,0.71,5417.0,0.63,3236,1618,8.5887179806903,0.02945025646220893,True,True
Completed,544,5440,COMPLETED,SOBOL,0.68,8771.0,0.67,4093,3097,4.70042487090081,0.009902981142513454,True,True
Completed,545,5450,COMPLETED,SOBOL,0.71,2.0,0.0,786,1066,6.584723842479289,0.04618441358301789,False,False
Completed,547,5470,COMPLETED,SOBOL,0.71,7954.0,0.56,4189,1723,0.8227306700693444,0.02411518144281581,False,True
Completed,548,5480,COMPLETED,SOBOL,0.7000000000000001,5593.0,0.89,3170,2900,7.130255957354792,0.04366170145245269,False,True
Completed,550,5500,COMPLETED,SOBOL,0.72,86.0,0.08,2191,3346,2.0671794240456074,0.007599398917052896,True,False
Completed,551,5510,COMPLETED,SOBOL,0.77,100.0,0.9500000000000001,2687,65,8.914917615694925,0.04851518632518128,False,True
Completed,552,5520,COMPLETED,SOBOL,0.68,9211.0,0.79,4956,4045,2.802111957816407,0.018539802343118937,False,True
Completed,554,5540,COMPLETED,SOBOL,0.71,1.0,0.0,575,2555,3.1687375386981294,0.0458871565242298,False,False
Completed,555,5550,COMPLETED,SOBOL,0.72,1487.0,0.9400000000000001,4470,836,5.069535810041242,0.011013707964215429,True,True
Completed,556,5560,COMPLETED,SOBOL,0.7000000000000001,9865.0,0.89,2832,4504,1.3404885967699811,0.028977018429432067,True,True
Completed,557,5570,COMPLETED,SOBOL,0.71,1.0,0.0,2057,1535,9.475919537561946,0.015898554616142063,False,False
Completed,558,5580,COMPLETED,SOBOL,0.71,2.0,0.0,1301,4251,6.257076164316387,0.02076148602785543,False,False
Completed,559,5590,COMPLETED,SOBOL,0.72,4680.0,0.93,3656,2221,4.413052791621537,0.03533799227559939,True,True
Completed,560,5600,COMPLETED,SOBOL,0.7000000000000001,9572.0,0.72,4044,3710,8.261069706540555,0.0038277385928668084,True,True
Completed,561,5610,COMPLETED,SOBOL,0.66,3.0,0.18,1070,430,0.14331692748889327,0.04029629873158411,False,False
Completed,562,5620,COMPLETED,SOBOL,0.72,7070.0,0.91,1193,3446,5.581551058953629,0.016726475354284048,True,True
Completed,563,5630,COMPLETED,SOBOL,0.72,2.0,0.01,3842,478,3.6819721766915174,0.02816118090040982,False,False
Completed,564,5640,COMPLETED,SOBOL,0.71,2.0,0.0,3450,4145,9.909855742132292,0.008638925226405263,False,False
Completed,565,5650,COMPLETED,SOBOL,0.71,5752.0,0.74,1429,2426,1.775644190421328,0.0482498525492847,True,True
Completed,566,5660,COMPLETED,SOBOL,0.68,8829.0,0.91,1933,4590,4.993420598221012,0.041027352429926396,True,True
Completed,567,5670,COMPLETED,SOBOL,0.71,2.0,0.0,3034,1310,6.838663359996864,0.0031087710540741685,False,False
Completed,568,5680,COMPLETED,SOBOL,0.71,3.0,0.32,4676,2800,0.4893713147463277,0.033060079528018836,False,False
Completed,569,5690,COMPLETED,SOBOL,0.72,1539.0,0.9500000000000001,447,769,8.60834348287899,0.02302731501311064,True,True
Completed,573,5730,COMPLETED,SOBOL,0.71,373.0,0.56,2415,291,7.251685306016356,0.03657120840810239,False,True
Completed,575,5750,COMPLETED,SOBOL,0.63,105.0,0.05,3320,976,2.3351166610522194,0.01307127108052373,True,False
Completed,576,5760,COMPLETED,SOBOL,0.71,149.0,0.0,4334,4955,5.9496962572885685,0.04460560027137399,True,False
Completed,578,5780,COMPLETED,SOBOL,0.71,179.0,0.0,737,3610,9.260025650343858,0.04772109530866146,True,False
Completed,581,5810,COMPLETED,SOBOL,0.71,350.0,0.05,1595,2276,3.067275509304367,0.01619760894775391,True,False
Completed,582,5820,COMPLETED,SOBOL,0.68,46.0,0.21,2389,4447,1.1043707062005996,0.023368864525109532,True,False
Completed,583,5830,COMPLETED,SOBOL,0.72,3091.0,0.9400000000000001,2578,1479,8.003370918199419,0.03349196825362742,False,True
Completed,586,5860,COMPLETED,SOBOL,0.71,2.0,0.0,450,3949,4.756943858386018,0.03613316877372563,False,False
Completed,589,5890,COMPLETED,SOBOL,0.72,2.0,0.0,1937,126,8.52745030041132,0.0061687515396624815,False,False
Completed,590,5900,COMPLETED,SOBOL,0.71,2.0,0.0,1426,2839,5.349954110393301,0.011759599743410946,False,False
Completed,591,5910,COMPLETED,SOBOL,0.72,2029.0,0.9400000000000001,3463,1120,3.4449040689114483,0.045140508420765404,True,True
Completed,593,5930,COMPLETED,SOBOL,0.73,2.0,0.04,1189,1818,1.6996355671230703,0.031270257277414205,False,False
Completed,595,5950,COMPLETED,SOBOL,0.71,1.0,0.0,4040,1574,4.645240959130228,0.04342307842569426,False,False
Completed,596,5960,COMPLETED,SOBOL,0.71,2.0,0.0,3652,3063,8.336448967732489,0.023876638077665123,False,False
Completed,599,5990,COMPLETED,SOBOL,0.68,2.0,0.01,2836,234,5.3066037688246,0.01897774756373838,False,False
Completed,601,6010,COMPLETED,SOBOL,0.71,2.0,0.0,4930,806,6.998211887459272,0.024496367767918855,False,False
Completed,602,6020,COMPLETED,SOBOL,0.71,2.0,0.0,2577,4238,3.241995431283489,0.03966814201418311,False,False
Completed,605,6050,COMPLETED,SOBOL,0.7000000000000001,3.0,0.19,3700,1673,0.3130428894637153,0.04802958050509915,False,False
Completed,606,6060,COMPLETED,SOBOL,0.71,2.0,0.0,3804,3210,8.989812563078479,0.01350648549385369,False,False
Completed,610,6100,COMPLETED,SOBOL,0.71,431.0,0.0,3340,2559,5.126333104757593,0.02867052906053141,True,False
Completed,614,6140,COMPLETED,SOBOL,0.71,195.0,0.0,4606,4967,2.1834042337890716,0.00521739006927237,True,False
Completed,615,6150,COMPLETED,SOBOL,0.72,4083.0,0.93,1496,1456,6.683944765784778,0.041146953315939754,False,True
Completed,616,6160,COMPLETED,SOBOL,0.71,181.0,0.0,1385,4841,4.347943827142008,0.01562567331781611,True,False
Completed,617,6170,COMPLETED,SOBOL,0.72,7899.0,0.36,4407,1311,9.519591749275103,0.026103904621209952,False,True
Completed,620,6200,COMPLETED,SOBOL,0.71,235.0,0.0,156,2724,8.577152958435006,0.03915734095172957,True,False
Completed,621,6210,COMPLETED,SOBOL,0.6900000000000001,3972.0,0.7000000000000001,3139,1245,2.7906373858768494,0.003158358514774591,False,True
Completed,623,6230,COMPLETED,SOBOL,0.6900000000000001,112.0,0.11,2349,2397,2.278222965463996,0.02242811690364033,True,False
Completed,624,6240,COMPLETED,SOBOL,0.71,2.0,0.0,2184,3395,7.442889385969379,0.004578987615182996,False,False
Completed,625,6250,COMPLETED,SOBOL,0.73,564.0,0.9500000000000001,3918,491,1.3463436180781572,0.04367589786089957,True,True
Completed,627,6270,COMPLETED,SOBOL,0.71,1.0,0.0,323,1798,3.7249590873457494,0.03212887723883614,False,False
Completed,628,6280,COMPLETED,SOBOL,0.71,3.0,0.33,916,4092,0.40390490173641597,0.030819219985045495,False,False
Completed,630,6300,COMPLETED,SOBOL,0.71,513.0,0.94,4986,550,1.994614580348134,0.006760184578597544,True,True
Completed,631,6310,COMPLETED,SOBOL,0.71,2.0,0.0,853,4159,6.095567231256515,0.03483340122271329,False,False
Completed,632,6320,COMPLETED,SOBOL,0.71,2.0,0.0,2464,2029,4.302375706782565,0.021152067213319244,False,False
Completed,633,6330,COMPLETED,SOBOL,0.71,7126.0,0.9,3340,3423,7.544744990174659,0.049080559461377564,True,True
Completed,634,6340,COMPLETED,SOBOL,0.71,2696.0,0.91,2760,1258,7.3404278400782506,0.03839543737377971,True,True
Completed,635,6350,COMPLETED,SOBOL,0.66,3.0,0.26,1752,2671,0.8181105428123847,0.01636468930449337,False,False
Completed,636,6360,COMPLETED,SOBOL,0.71,2.0,0.0,236,1164,9.014154332651756,0.027052726601250472,False,False
Completed,637,6370,COMPLETED,SOBOL,0.65,14028.0,0.83,4238,4756,2.8817935921549798,0.005263406311161817,True,True
Completed,638,6380,COMPLETED,SOBOL,0.72,6731.0,0.83,3834,2255,9.723989720774814,0.013226070180535317,False,True
Completed,639,6390,COMPLETED,SOBOL,0.71,211.0,0.0,325,3665,3.4352599308760836,0.04074367375671864,True,False
Completed,641,6410,COMPLETED,SOBOL,0.71,12731.0,0.73,2852,3756,0.42209826616570356,0.0303847985919565,False,True
Completed,642,6420,COMPLETED,SOBOL,0.7,2649.0,0.93,3561,922,4.3774135699486365,0.0318823350276798,False,True
Completed,643,6430,COMPLETED,SOBOL,0.71,203.0,0.0,1928,4529,8.713479482479393,0.010503903409466149,True,False
Completed,644,6440,COMPLETED,SOBOL,0.7,73.0,0.12,1076,1661,1.7645643852669746,0.045530293405056,True,False
Completed,645,6450,COMPLETED,SOBOL,0.65,10392.0,0.66,4453,3048,5.084286801026203,0.023910434007644654,False,True
Completed,647,6470,COMPLETED,SOBOL,0.72,13203.0,0.7,1124,2923,9.616020101728848,0.004248237690888345,False,True
Completed,648,6480,COMPLETED,SOBOL,0.73,1160.0,0.95,2115,758,0.15758074579108508,0.03921722449082882,False,True
Completed,651,6510,COMPLETED,SOBOL,0.71,8764.0,0.86,1476,3943,4.953140855366365,0.04709866514522582,False,True
Completed,652,6520,COMPLETED,SOBOL,0.68,11779.0,0.61,590,2403,5.503466110616923,0.008935463256202638,False,True
Completed,653,6530,COMPLETED,SOBOL,0.68,57.0,0.16,3962,3478,1.4027422907194123,0.03652528155501932,True,False
Completed,654,6540,COMPLETED,SOBOL,0.71,2.0,0.0,4188,979,5.734813480374404,0.0444184690695256,False,False
Completed,655,6550,COMPLETED,SOBOL,0.68,11743.0,0.86,49,4901,2.415167350931093,0.022701929984614254,True,True
Completed,656,6560,COMPLETED,SOBOL,0.72,3439.0,0.95,1704,1442,8.12123539949581,0.03328422350436449,True,True
Completed,657,6570,COMPLETED,SOBOL,0.71,1.0,0.0,2576,2524,3.785703491176479,0.011422393448650838,False,False
Completed,658,6580,COMPLETED,SOBOL,0.66,2.0,0.2,3212,2156,1.023572993375361,0.0006438725516200066,False,False
Completed,659,6590,COMPLETED,SOBOL,0.69,9256.0,0.78,2199,3256,7.077588879398071,0.02859623967856169,True,True
Completed,660,6600,COMPLETED,SOBOL,0.72,421.0,0.95,727,422,2.7748923167744652,0.014821247590705754,True,True
Completed,661,6610,COMPLETED,SOBOL,0.71,3.0,0.0,4724,4326,9.063698392989114,0.043015608979389074,False,False
Completed,663,6630,COMPLETED,SOBOL,0.69,14290.0,0.72,649,3327,0.5483604442011565,0.009257479815743864,False,True
Completed,664,6640,COMPLETED,SOBOL,0.73,1036.0,0.94,2276,498,9.850251936059445,0.048081527848728,False,True
Completed,665,6650,COMPLETED,SOBOL,0.71,268.0,0.0,3133,4095,3.249186897213571,0.020588389237411322,True,False
Completed,666,6660,COMPLETED,SOBOL,0.66,93.0,0.09,2653,1232,1.6369885777309536,0.018898228083737197,True,False
Completed,670,6700,COMPLETED,SOBOL,0.68,2.0,0.01,4041,271,4.176020554799587,0.04324018759094179,False,False
Completed,671,6710,COMPLETED,SOBOL,0.69,13548.0,0.93,513,3852,7.73091580292862,0.015384500151500106,True,True
Completed,672,6720,COMPLETED,SOBOL,0.71,10183.0,0.64,1554,2307,2.1807853279160336,0.029821854904294016,True,True
Completed,673,6730,COMPLETED,SOBOL,0.71,2.0,0.0,3036,3729,5.96921204202436,0.001724173203110695,False,False
Completed,674,6740,COMPLETED,SOBOL,0.71,2.0,0.0,3688,1593,8.829301917293108,0.012601920008659364,False,False
Completed,675,6750,COMPLETED,SOBOL,0.7,13988.0,0.65,2036,2998,3.0092764257434754,0.03441513878107071,True,True
Completed,676,6760,COMPLETED,SOBOL,0.73,2057.0,0.95,1203,828,7.467910561919213,0.02297259726189077,True,True
Completed,677,6770,COMPLETED,SOBOL,0.7,4.0,0.36,4560,4427,0.6332580157062039,0.04493110700510442,False,False
Completed,679,6790,COMPLETED,SOBOL,0.71,2.0,0.0,999,4595,3.911989508685656,0.028289386761374772,False,False
Completed,680,6800,COMPLETED,SOBOL,0.71,2.0,0.0,2005,1722,5.861099535132759,0.016916333398781718,False,False
Completed,681,6810,COMPLETED,SOBOL,0.71,8850.0,0.93,3482,2832,2.2290800135843454,0.03860897400137037,True,True
Completed,682,6820,COMPLETED,SOBOL,0.69,5209.0,0.93,2929,2492,2.647330812922679,0.04958007240947336,True,True
Completed,683,6830,COMPLETED,SOBOL,0.71,2.0,0.0,1271,3584,9.248624710716307,0.02141017598565668,False,False
Completed,684,6840,COMPLETED,SOBOL,0.71,3.0,0.02,404,87,1.2084994228500872,0.03597744443733245,False,False
Completed,686,6860,COMPLETED,SOBOL,0.73,3165.0,0.92,4316,1499,0.0312398974923417,0.025244532115757466,False,True
Completed,687,6870,COMPLETED,SOBOL,0.71,302.0,0.0,159,2584,6.866426447916776,0.04652628404647112,True,False
Completed,688,6880,COMPLETED,SOBOL,0.68,230.0,0.03,1829,1083,3.6695774383153767,0.010813361464068295,True,False
Completed,691,6910,COMPLETED,SOBOL,0.68,94.0,0.1,2385,4220,1.5302489637816326,0.003126062048599124,True,False
Completed,698,6980,COMPLETED,SOBOL,0.72,848.0,0.95,2713,533,3.293098760823719,0.0035224678437225524,False,True
Completed,699,6990,COMPLETED,SOBOL,0.71,277.0,0.0,1841,4137,9.816102634932847,0.031112392358016223,True,False
Completed,700,7000,COMPLETED,SOBOL,0.69,24.0,0.3,225,1894,0.3677426084857434,0.013853207708802075,True,False
Completed,702,7020,COMPLETED,SOBOL,0.72,1333.0,0.95,3826,783,0.9115205478360877,0.027870485505554828,True,True
Completed,703,7030,COMPLETED,SOBOL,0.71,2.0,0.0,454,4395,7.199411188259721,0.00600873806187883,False,False
Completed,704,7040,COMPLETED,SOBOL,0.71,1.0,0.0,1300,1639,2.906774883547798,0.039005568624008446,False,False
Completed,707,7070,COMPLETED,SOBOL,0.58,2.0,0.09,1978,3687,1.9025016382532194,0.049976882413495335,False,False
Completed,708,7080,COMPLETED,SOBOL,0.71,2.0,0.0,948,307,7.59910064785462,0.007605901664588601,False,False
Completed,710,7100,COMPLETED,SOBOL,0.72,2.0,0.0,4590,119,7.13064323705528,0.015738447784911843,False,False
Completed,713,7130,COMPLETED,SOBOL,0.71,1.0,0.0,3737,3538,2.681478028095327,0.02942053673556075,False,False
Completed,714,7140,COMPLETED,SOBOL,0.72,2.0,0.04,2989,1764,2.439008184250444,0.034013988786842676,False,False
Completed,717,7170,COMPLETED,SOBOL,0.71,2.0,0.0,4009,4559,7.979078364102171,0.023326707168947906,False,False
Completed,718,7180,COMPLETED,SOBOL,0.71,475.0,0.0,4101,2061,4.900086497709156,0.009684477143455298,True,False
