Status,trial_index,arm_name,trial_status,generation_node,ACCURACY,RUNTIME,REQLABELS,recent_samples_size,n_samples,n_clusters,threshold
Completed,0,0,COMPLETED,0,0.55,0,0.0,1,4873,1,0.999
Completed,1,10,COMPLETED,0,0.55,0,0.0,1889,3394,1,0.999
Completed,2,20,COMPLETED,0,0.55,0,0.0,643,4085,10,0.999
Completed,3,30,COMPLETED,0,0.55,0,0.0,749,2045,10,0.001
Completed,4,40,COMPLETED,0,0.55,0,0.0,1966,1145,1,0.001
Completed,5,50,COMPLETED,0,0.58,4,0.9795,1421,106,10,0.001
Completed,6,60,COMPLETED,0,0.57,3,0.938,1307,134,10,0.999
Completed,7,70,COMPLETED,0,0.55,0,0.0,1,2318,10,0.999
Completed,8,80,COMPLETED,0,0.55,0,0.0,1,4067,1,0.001
Completed,9,90,COMPLETED,0,0.55,0,0.0,1,3980,10,0.001
Completed,10,100,COMPLETED,0,0.55,0,0.0,2980,4940,10,0.999
Completed,11,110,COMPLETED,0,0.55,0,0.0,3858,3021,10,0.999
Completed,12,120,COMPLETED,0,0.55,0,0.0,4087,4782,1,0.999
Completed,13,130,COMPLETED,0,0.55,0,0.0,2061,4353,10,0.999
Completed,14,140,COMPLETED,0,0.55,0,0.0,873,2667,1,0.999
Completed,15,150,COMPLETED,0,0.55,0,0.0,814,4951,1,0.999
Completed,16,160,COMPLETED,0,0.55,0,0.0,925,1965,10,0.999
Completed,17,170,COMPLETED,0,0.55,0,0.0,3926,1997,10,0.999
Completed,18,180,COMPLETED,0,0.55,0,0.0,1,4799,1,0.001
Completed,19,190,COMPLETED,0,0.55,0,0.0,5000,1011,1,0.999
Completed,20,200,COMPLETED,0,0.55,0,0.0,1029,1374,10,0.999
Completed,21,210,COMPLETED,0,0.57,2,0.9295,648,143,1,0.999
Completed,22,220,COMPLETED,0,0.55,0,0.0,562,3812,1,0.001
Completed,23,230,COMPLETED,0,0.55,0,0.0,5000,4810,1,0.999
Completed,24,240,COMPLETED,0,0.55,0,0.0,2415,2072,10,0.001
Completed,25,250,COMPLETED,0,0.55,0,0.0,3621,2076,10,0.999
Completed,26,260,COMPLETED,0,0.55,0,0.0,3707,1620,1,0.001
Completed,27,270,COMPLETED,0,0.55,0,0.0,3926,1776,1,0.001
Completed,28,280,COMPLETED,0,0.55,0,0.0,2795,1684,10,0.999
Completed,29,290,COMPLETED,0,0.55,0,0.0,2343,3372,10,0.001
Completed,30,300,COMPLETED,0,0.55,0,0.0,4100,4909,10,0.001
Completed,31,310,COMPLETED,0,0.55,0,0.0,996,1115,10,0.001
Completed,32,320,COMPLETED,0,0.55,0,0.0,4225,4660,10,0.001
Completed,33,330,COMPLETED,0,0.55,0,0.0,4328,4095,1,0.001
Completed,34,340,COMPLETED,0,0.55,0,0.0,3253,4672,1,0.001
Completed,35,350,COMPLETED,0,0.55,0,0.0,3726,3540,10,0.999
Completed,36,360,COMPLETED,0,0.55,0,0.0,2334,2839,10,0.001
Completed,37,370,COMPLETED,0,0.55,0,0.0,2540,1426,10,0.001
Completed,38,380,COMPLETED,0,0.55,2,0.0,1084,963,10,0.001
Completed,39,390,COMPLETED,0,0.58,3,0.975,1343,130,1,0.001
Completed,40,400,COMPLETED,0,0.55,0,0.0,5000,1379,1,0.001
Completed,41,410,COMPLETED,0,0.55,0,0.0005,1,806,1,0.999
Completed,42,420,COMPLETED,0,0.55,0,0.0,1,1600,1,0.001
Completed,43,430,COMPLETED,0,0.57,2,0.975,597,139,1,0.001
Completed,44,440,COMPLETED,0,0.55,0,0.0,5000,4065,1,0.999
Completed,45,450,COMPLETED,0,0.55,0,0.0,1,2955,1,0.999
Completed,46,460,COMPLETED,0,0.55,0,0.0,3917,2693,10,0.999
Completed,47,470,COMPLETED,0,0.58,2,0.9295,924,143,10,0.999
Completed,48,480,COMPLETED,0,0.55,0,0.0,3371,2167,10,0.999
Completed,49,490,COMPLETED,0,0.55,12,0.0,397,740,10,0.001
Completed,50,500,COMPLETED,0,0.58,5,0.9605,1390,113,10,0.999
Completed,51,510,COMPLETED,0,0.55,0,0.0,15,2314,9,0.4838004800677299
Completed,52,520,COMPLETED,0,0.55,0,0.0,2781,2722,10,0.0874307929985225
Completed,53,530,COMPLETED,0,0.55,0,0.0,2406,1050,5,0.6393666654732079
Completed,54,540,COMPLETED,0,0.55,0,0.0,1709,3672,3,0.6129448727387935
Completed,55,550,COMPLETED,0,0.55,0,0.0,4796,3918,3,0.8052393383271992
Completed,56,560,COMPLETED,0,0.57,7,0.9595,3169,101,7,0.1624911494851112
Completed,57,570,COMPLETED,0,0.55,0,0.0,4255,1384,1,0.9406966256275772
Completed,58,580,COMPLETED,0,0.55,0,0.0,872,4848,6,0.268517371604219
Completed,59,590,COMPLETED,0,0.56,2,0.945,1127,315,1,0.0360923424083739
Completed,60,600,COMPLETED,0,0.55,0,0.0,4002,3418,7,0.7361612090170383
Completed,61,610,COMPLETED,0,0.55,0,0.0,3034,1943,5,0.358512387830764
Completed,62,620,COMPLETED,0,0.55,0,0.0,2151,4328,9,0.929324639705941
Completed,63,630,COMPLETED,0,0.55,8,0.96,4390,640,8,0.5149092083387077
Completed,64,640,COMPLETED,0,0.55,0,0.0,4626,2859,1,0.2965075275879353
Completed,65,650,COMPLETED,0,0.55,0,0.0,3661,1873,10,0.6751517966408283
Completed,66,660,COMPLETED,0,0.55,1,0.2505,501,873,6,0.9925628114826978
Completed,67,670,COMPLETED,0,0.55,0,0.0,429,3094,4,0.2126037409510463
Completed,68,680,COMPLETED,0,0.55,0,0.0,1527,4400,5,0.1003145036697387
Completed,69,690,COMPLETED,0,0.55,0,0.0,1295,1638,8,0.8173498824033886
Completed,70,700,COMPLETED,0,0.55,0,0.0,3575,4633,2,0.3945592809394002
Completed,71,710,COMPLETED,0,0.56,3,0.98,1144,280,1,0.999
Completed,72,720,COMPLETED,0,0.55,0,0.0,3920,4388,10,0.001
Completed,73,730,COMPLETED,0,0.55,0,0.0,712,2566,10,0.001
Completed,74,740,COMPLETED,0,0.56,3,0.92,941,460,1,0.999
Completed,75,750,COMPLETED,0,0.55,1,0.939,3887,939,10,0.999
Completed,76,760,COMPLETED,0,0.55,0,0.0,1726,2747,1,0.001
Completed,77,770,COMPLETED,0,0.55,0,0.0,5000,1153,10,0.001
Completed,78,780,COMPLETED,0,0.55,0,0.0,1945,3957,10,0.001
Completed,79,790,COMPLETED,0,0.55,0,0.0,1,2390,10,0.001
Completed,80,800,COMPLETED,0,0.55,0,0.0,507,3588,10,0.999
Completed,81,810,COMPLETED,0,0.57,3,0.936,1045,144,10,0.999
Completed,82,820,COMPLETED,0,0.55,0,0.0,1921,2690,1,0.999
Completed,83,830,COMPLETED,0,0.55,0,0.0,4061,3677,10,0.999
Completed,84,840,COMPLETED,0,0.55,0,0.0,1,1795,10,0.001
Completed,85,850,COMPLETED,0,0.55,1,0.7635,3333,509,1,0.999
Completed,86,860,COMPLETED,0,0.55,0,0.0,1,3194,10,0.001
Completed,87,870,COMPLETED,0,0.55,0,0.0,4540,3517,1,0.001
Completed,88,880,COMPLETED,0,0.55,0,0.0,499,4457,10,0.999
Completed,89,890,COMPLETED,0,0.55,0,0.0,2816,3663,1,0.999
Completed,90,900,COMPLETED,0,0.55,0,0.0,4650,3104,1,0.999
Completed,91,910,COMPLETED,0,0.56,1,0.9375,174,140,10,0.001
Completed,92,920,COMPLETED,0,0.55,0,0.0,1563,1684,1,0.001
Completed,93,930,COMPLETED,0,0.55,0,0.0,1407,4810,1,0.001
Completed,94,940,COMPLETED,0,0.55,0,0.0,5000,2026,1,0.001
Completed,95,950,COMPLETED,0,0.55,0,0.0,554,1337,1,0.001
Completed,96,960,COMPLETED,0,0.55,0,0.0,4260,2738,1,0.999
Completed,97,970,COMPLETED,0,0.56,2,0.9085,531,315,10,0.001
Completed,98,980,COMPLETED,0,0.55,0,0.0,4468,3797,10,0.001
Completed,99,990,COMPLETED,0,0.55,0,0.0,1182,3107,1,0.999
Completed,100,1000,COMPLETED,0,0.55,0,0.0,5000,2538,10,0.999
Completed,101,1010,COMPLETED,0,0.56,3,0.973,4301,278,1,0.999
Completed,102,1020,COMPLETED,0,0.55,0,0.0,2140,5000,1,0.999
Completed,103,1030,COMPLETED,0,0.58,4,0.968,1331,121,10,0.001
Completed,104,1040,COMPLETED,0,0.55,0,0.0,888,3489,10,0.001
Completed,105,1050,COMPLETED,0,0.55,0,0.0,1131,4146,1,0.999
Completed,106,1060,COMPLETED,0,0.56,3,0.894,922,439,1,0.001
Completed,107,1070,COMPLETED,0,0.55,0,0.0,1622,2419,10,0.001
Completed,108,1080,COMPLETED,0,0.55,0,0.0,1264,3910,10,0.999
Completed,109,1090,COMPLETED,0,0.55,0,0.0,5000,2965,10,0.001
Completed,110,1100,COMPLETED,0,0.55,0,0.0,2102,4708,10,0.001
Completed,111,1110,COMPLETED,0,0.55,0,0.0,1,2618,10,0.999
Completed,112,1120,COMPLETED,0,0.56,3,0.918,219,147,1,0.999
Completed,113,1130,COMPLETED,0,0.55,8,0.795,795,514,1,0.001
Completed,114,1140,COMPLETED,0,0.55,0,0.0,1791,2060,10,0.999
Completed,115,1150,COMPLETED,0,0.57,4,0.873,1105,291,10,0.999
Completed,116,1160,COMPLETED,0,0.55,0,0.0,593,3795,10,0.999
Completed,117,1170,COMPLETED,0,0.58,4,0.992,1603,124,10,0.999
Completed,118,1180,COMPLETED,0,0.55,0,0.0,500,1788,10,0.001
Completed,119,1190,COMPLETED,0,0.55,0,0.0,816,3321,10,0.999
Completed,120,1200,COMPLETED,0,0.55,0,0.0,1,4245,1,0.001
Completed,121,1210,COMPLETED,0,0.55,0,0.0,764,2819,10,0.999
Completed,122,1220,COMPLETED,0,0.55,0,0.0,5000,1082,1,0.001
Completed,123,1230,COMPLETED,0,0.55,0,0.0,1,1432,1,0.999
Completed,124,1240,COMPLETED,0,0.55,0,0.0,4505,4933,1,0.999
Completed,125,1250,COMPLETED,0,0.55,0,0.0,5000,4580,1,0.999
Completed,126,1260,COMPLETED,0,0.55,2,0.92,4704,460,10,0.999
Completed,127,1270,COMPLETED,0,0.55,0,0.0,3216,4340,1,0.001
Completed,128,1280,COMPLETED,0,0.55,0,0.0,4848,1917,1,0.999
Completed,129,1290,COMPLETED,0,0.57,4,0.987,1553,141,10,0.999
Completed,130,1300,COMPLETED,0,0.55,1,0.898,1807,898,1,0.999
Completed,131,1310,COMPLETED,0,0.55,0,0.0,1080,5000,10,0.001
Completed,132,1320,COMPLETED,0,0.55,0,0.0,2029,3257,1,0.001
Completed,133,1330,COMPLETED,0,0.55,0,0.0,4114,2384,10,0.001
Completed,134,1340,COMPLETED,0,0.55,0,0.0,2816,3044,10,0.001
Completed,135,1350,COMPLETED,0,0.55,0,0.0,2442,1414,1,0.999
Completed,136,1360,COMPLETED,0,0.56,2,0.9425,5000,377,1,0.999
Completed,137,1370,COMPLETED,0,0.55,0,0.0,4471,1851,10,0.001
Completed,138,1380,COMPLETED,0,0.55,0,0.0,1,2606,1,0.001
Completed,139,1390,COMPLETED,0,0.55,0,0.0,4457,3280,10,0.001
Completed,140,1400,COMPLETED,0,0.55,0,0.0,5000,3180,10,0.999
Completed,141,1410,COMPLETED,0,0.55,0,0.0,422,5000,1,0.001
Completed,142,1420,COMPLETED,0,0.55,0,0.0,5000,2306,1,0.001
Completed,143,1430,COMPLETED,0,0.55,0,0.0,1755,1998,1,0.999
Completed,144,1440,COMPLETED,0,0.55,0,0.0,4465,4208,10,0.999
Completed,145,1450,COMPLETED,0,0.55,0,0.0,2295,2657,1,0.001
Completed,146,1460,COMPLETED,0,0.55,0,0.0,1,4536,10,0.999
Completed,147,1470,COMPLETED,0,0.55,0,0.0,1,1624,10,0.999
Completed,148,1480,COMPLETED,0,0.55,0,0.0,1966,3992,10,0.999
Completed,149,1490,COMPLETED,0,0.55,0,0.0,3101,4520,1,0.999
Completed,150,1500,COMPLETED,0,0.55,0,0.0,3059,1073,1,0.999
Completed,151,1510,COMPLETED,0,0.55,0,0.0,2115,1831,1,0.999
Completed,152,1520,COMPLETED,0,0.55,0,0.0,3945,2898,1,0.999
Completed,153,1530,COMPLETED,0,0.56,2,0.84,1028,336,10,0.999
Completed,154,1540,COMPLETED,0,0.55,0,0.0,759,1016,10,0.999
Completed,155,1550,COMPLETED,0,0.55,0,0.0,845,2325,10,0.001
Completed,156,1560,COMPLETED,0,0.55,0,0.0,3192,2542,10,0.999
Completed,157,1570,COMPLETED,0,0.55,0,0.0,3491,5000,1,0.001
Completed,158,1580,COMPLETED,0,0.55,0,0.0,4238,1064,10,0.999
Completed,159,1590,COMPLETED,0,0.57,1,0.9945,385,153,1,0.999
Completed,160,1600,COMPLETED,0,0.56,2,0.87,3542,348,10,0.999
Completed,161,1610,COMPLETED,0,0.55,0,0.0,5000,3418,10,0.999
Completed,162,1620,COMPLETED,0,0.55,0,0.0,2879,3535,10,0.001
Completed,163,1630,COMPLETED,0,0.55,0,0.0,39,3675,10,0.999
Completed,164,1640,COMPLETED,0,0.55,0,0.0,4203,4481,1,0.001
Completed,165,1650,COMPLETED,0,0.55,0,0.0,3285,3979,10,0.001
Completed,166,1660,COMPLETED,0,0.55,0,0.0,4086,2812,10,0.001
Completed,167,1670,COMPLETED,0,0.55,1,0.885,3277,885,1,0.999
Completed,168,1680,COMPLETED,0,0.55,0,0.0,3174,1941,1,0.999
Completed,169,1690,COMPLETED,0,0.55,0,0.0,1,1090,10,0.999
Completed,170,1700,COMPLETED,0,0.55,0,0.0,531,2020,1,0.999
Completed,171,1710,COMPLETED,0,0.55,0,0.0,5000,3306,10,0.999
Completed,172,1720,COMPLETED,0,0.55,0,0.0,1,4240,1,0.999
Completed,173,1730,COMPLETED,0,0.55,0,0.0,4070,1575,10,0.999
Completed,174,1740,COMPLETED,0,0.55,0,0.0,1882,3022,10,0.999
Completed,175,1750,COMPLETED,0,0.55,0,0.0,1991,1790,10,0.999
Completed,176,1760,COMPLETED,0,0.56,1,0.75,125,144,10,0.999
Completed,177,1770,COMPLETED,0,0.56,1,0.8855,479,323,10,0.999
Completed,178,1780,COMPLETED,0,0.55,0,0.0,1,1903,10,0.999
Completed,179,1790,COMPLETED,0,0.55,0,0.0,1,2164,1,0.999
Completed,180,1800,COMPLETED,0,0.55,0,0.0,4641,3609,10,0.999
Completed,181,1810,COMPLETED,0,0.55,0,0.0,2010,4866,10,0.999
Completed,182,1820,COMPLETED,0,0.55,0,0.0,1,3363,1,0.001
Completed,183,1830,COMPLETED,0,0.56,3,0.9105,5000,285,1,0.001
Completed,184,1840,COMPLETED,0,0.55,0,0.0,4113,3797,1,0.999
Completed,185,1850,COMPLETED,0,0.55,0,0.0,3143,1468,1,0.999
Completed,186,1860,COMPLETED,0,0.55,0,0.0,3892,2481,1,0.999
Completed,187,1870,COMPLETED,0,0.55,0,0.0,4356,4447,10,0.29370687476547
Completed,188,1880,COMPLETED,0,0.57,2,0.949,552,146,1,0.999
Completed,189,1890,COMPLETED,0,0.55,0,0.0,2537,3785,10,0.999
Completed,190,1900,COMPLETED,0,0.55,0,0.0,1,3874,1,0.001
Completed,191,1910,COMPLETED,0,0.55,0,0.0,2365,4463,10,0.999
Completed,192,1920,COMPLETED,0,0.55,0,0.0,5000,3687,10,0.001
Completed,193,1930,COMPLETED,0,0.55,0,0.0,4417,5000,1,0.001
Completed,194,1940,COMPLETED,0,0.55,0,0.0,5000,2133,10,0.999
Completed,195,1950,COMPLETED,0,0.55,0,0.0,583,3222,1,0.999
Completed,196,1960,COMPLETED,0,0.55,0,0.0,5000,3584,1,0.001
Completed,197,1970,COMPLETED,0,0.55,0,0.0,541,4804,1,0.999
Completed,198,1980,COMPLETED,0,0.55,0,0.0,770,4603,10,0.001
Completed,199,1990,COMPLETED,0,0.55,0,0.0,511,4708,10,0.001
Completed,200,2000,COMPLETED,0,0.55,0,0.0,4282,1280,1,0.001
Completed,201,2010,COMPLETED,0,0.55,0,0.0,3371,1747,10,0.999
Completed,202,2020,COMPLETED,0,0.58,2,0.936,892,144,1,0.999
Completed,203,2030,COMPLETED,0,0.55,0,0.0,1,2877,1,0.999
Completed,204,2040,COMPLETED,0,0.55,0,0.0,1480,4554,1,0.999
Completed,205,2050,COMPLETED,0,0.55,0,0.0,4433,1565,10,0.001
Completed,206,2060,COMPLETED,0,0.55,0,0.0,1,2767,10,0.001
Completed,207,2070,COMPLETED,0,0.55,0,0.0,2625,3162,1,0.001
Completed,208,2080,COMPLETED,0,0.55,0,0.0,1231,2990,1,0.001
Completed,209,2090,COMPLETED,0,0.55,0,0.0,2784,4848,1,0.001
Completed,210,2100,COMPLETED,0,0.57,3,0.966,1239,138,10,0.999
Completed,211,2110,COMPLETED,0,0.55,0,0.0,4545,3853,10,0.999
Completed,212,2120,COMPLETED,0,0.55,0,0.0,1,1316,10,0.999
Completed,213,2130,COMPLETED,0,0.55,0,0.0,1601,1429,1,0.8583157749526095
Completed,214,2140,COMPLETED,0,0.55,0,0.0,1412,2436,1,0.999
Completed,215,2150,COMPLETED,0,0.56,2,0.942,994,314,1,0.999
Completed,216,2160,COMPLETED,0,0.56,6,0.9825,1409,69,10,0.001
Completed,217,2170,COMPLETED,0,0.55,0,0.0,2566,4679,10,0.999
Completed,218,2180,COMPLETED,0,0.55,0,0.0,4107,2045,10,0.001
Completed,219,2190,COMPLETED,0,0.58,5,0.966,1402,84,10,0.999
Completed,220,2200,COMPLETED,0,0.58,5,0.981,1376,89,1,0.001
Completed,221,2210,COMPLETED,0,0.57,4,0.98,1422,98,1,0.999
Completed,222,2220,COMPLETED,0,0.55,0,0.0,2729,2965,1,0.001
Completed,223,2230,COMPLETED,0,0.55,0,0.0,1324,2522,1,0.001
Completed,224,2240,COMPLETED,0,0.57,5,0.981,1370,109,1,0.999
Completed,225,2250,COMPLETED,0,0.57,5,0.9765,1383,93,10,0.999
Completed,226,2260,COMPLETED,0,0.55,0,0.0,1199,3766,1,0.999
Completed,227,2270,COMPLETED,0,0.55,0,0.0,335,4008,1,0.999
Completed,228,2280,COMPLETED,0,0.57,2,0.942,770,157,10,0.001
Completed,229,2290,COMPLETED,0,0.57,3,0.9725,1156,161,1,0.001
Completed,230,2300,COMPLETED,0,0.57,1,0.9685,392,149,10,0.001
Completed,231,2310,COMPLETED,0,0.55,0,0.0,2036,4162,10,0.001
Completed,232,2320,COMPLETED,0,0.58,7,0.996,1387,83,10,0.001
Completed,233,2330,COMPLETED,0,0.56,6,0.9555,1377,95,10,0.001
Completed,234,2340,COMPLETED,0,0.55,0,0.0,329,3167,10,0.999
Completed,235,2350,COMPLETED,0,0.58,6,0.981,1364,89,10,0.001
Completed,236,2360,COMPLETED,0,0.58,4,0.988,1348,104,10,0.999
Completed,237,2370,COMPLETED,0,0.57,5,0.9715,1410,76,1,0.001
Completed,238,2380,COMPLETED,0,0.55,0,0.0,696,1589,10,0.999
Completed,239,2390,COMPLETED,0,0.55,0,0.0,1,3063,10,0.001
Completed,240,2400,COMPLETED,0,0.57,4,0.942,1105,157,1,0.999
Completed,241,2410,COMPLETED,0,0.55,0,0.0,978,1249,1,0.001
Completed,242,2420,COMPLETED,0,0.55,0,0.0,3400,3185,10,0.999
Completed,243,2430,COMPLETED,0,0.57,2,0.942,644,157,10,0.999
Completed,244,2440,COMPLETED,0,0.57,2,0.945,4296,315,10,0.999
Completed,245,2450,COMPLETED,0,0.55,0,0.0,762,2770,1,0.001
Completed,246,2460,COMPLETED,0,0.57,4,0.9975,4334,161,10,0.001
Completed,247,2470,COMPLETED,0,0.55,0,0.0,2071,1335,1,0.999
Completed,248,2480,COMPLETED,0,0.55,0,0.0,4336,3053,1,0.999
Completed,249,2490,COMPLETED,0,0.57,6,0.9715,1373,76,10,0.001
Completed,250,2500,COMPLETED,0,0.55,0,0.0,985,4544,1,0.001
Completed,251,2510,COMPLETED,0,0.55,0,0.0,1,2011,1,0.001
Completed,252,2520,COMPLETED,0,0.58,2,0.942,1012,157,10,0.999
Completed,253,2530,COMPLETED,0,0.56,2,0.845,4196,338,1,0.999
Completed,254,2540,COMPLETED,0,0.56,2,0.9135,1057,261,10,0.999
Completed,255,2550,COMPLETED,0,0.55,0,0.0,2936,3902,1,0.999
Completed,256,2560,COMPLETED,0,0.56,1,0.856,408,326,1,0.999
Completed,257,2570,COMPLETED,0,0.55,0,0.0,5000,2932,1,0.001
Completed,258,2580,COMPLETED,0,0.55,0,0.0,3568,4034,10,0.999
Completed,259,2590,COMPLETED,0,0.55,0,0.0,2868,1126,10,0.999
Completed,260,2600,COMPLETED,0,0.55,0,0.0,2440,1633,1,0.001
Completed,261,2610,COMPLETED,0,0.55,0,0.0,1662,1070,1,0.001
Completed,262,2620,COMPLETED,0,0.55,0,0.0,1217,1748,10,0.001
Completed,263,2630,COMPLETED,0,0.55,0,0.0,2261,1543,1,0.001
Completed,264,2640,COMPLETED,0,0.55,0,0.0,5000,4400,1,0.999
Completed,265,2650,COMPLETED,0,0.55,0,0.0,627,3506,1,0.001
Completed,266,2660,COMPLETED,0,0.57,4,0.9685,4258,149,1,0.999
Completed,267,2670,COMPLETED,0,0.55,0,0.0,5000,2489,10,0.001
Completed,268,2680,COMPLETED,0,0.55,0,0.0,2263,3522,1,0.999
Completed,269,2690,COMPLETED,0,0.58,4,0.9675,1344,129,10,0.999
Completed,270,2700,COMPLETED,0,0.57,3,0.927,4773,206,1,0.999
Completed,271,2710,COMPLETED,0,0.55,0,0.0,5000,2162,1,0.001
Completed,272,2720,COMPLETED,0,0.57,2,0.93,424,155,10,0.999
Completed,273,2730,COMPLETED,0,0.57,5,0.999,1399,74,10,0.999
Completed,274,2740,COMPLETED,0,0.55,0,0.0,1,2710,1,0.999
Completed,275,2750,COMPLETED,0,0.58,6,0.979,1650,89,10,0.999
Completed,276,2760,COMPLETED,0,0.55,0,0.0,5000,2808,10,0.999
Completed,277,2770,COMPLETED,0,0.58,6,0.99,4516,132,10,0.999
Completed,278,2780,COMPLETED,0,0.56,1,0.7485,447,350,10,0.999
Completed,279,2790,COMPLETED,0,0.56,3,0.893,535,284,10,0.001
Completed,280,2800,COMPLETED,0,0.57,3,0.9815,1108,151,10,0.001
Completed,281,2810,COMPLETED,0,0.55,0,0.0,1,3708,10,0.001
Completed,282,2820,COMPLETED,0,0.55,0,0.0,3875,2860,1,0.001
Completed,283,2830,COMPLETED,0,0.55,0,0.0,5000,3720,10,0.999
Completed,284,2840,COMPLETED,0,0.55,0,0.0,1,2299,1,0.001
Completed,285,2850,COMPLETED,0,0.55,0,0.0,4301,2229,1,0.999
Completed,286,2860,COMPLETED,0,0.55,0,0.0,1020,2144,10,0.999
Completed,287,2870,COMPLETED,0,0.55,0,0.0,4003,1012,1,0.999
Completed,288,2880,COMPLETED,0,0.55,0,0.0,4782,2653,1,0.001
Completed,289,2890,COMPLETED,0,0.55,0,0.0,2180,1922,1,0.001
Completed,290,2900,COMPLETED,0,0.57,1,0.9025,215,159,10,0.999
Completed,291,2910,COMPLETED,0,0.55,0,0.0,2694,2378,1,0.001
Completed,292,2920,COMPLETED,0,0.55,0,0.0,5000,1268,1,0.001
Completed,293,2930,COMPLETED,0,0.55,0,0.0,4974,3894,10,0.001
Completed,294,2940,COMPLETED,0,0.55,0,0.0,1,4243,10,0.999
Completed,295,2950,COMPLETED,0,0.55,0,0.0,3411,3333,1,0.999
Completed,296,2960,COMPLETED,0,0.55,0,0.0,5000,2568,1,0.999
Completed,297,2970,COMPLETED,0,0.55,0,0.0,4411,1175,1,0.001
Completed,298,2980,COMPLETED,0,0.55,0,0.0,3444,3353,1,0.001
Completed,299,2990,COMPLETED,0,0.55,2,0.9125,857,484,10,0.999
Completed,300,3000,COMPLETED,0,0.55,0,0.0,910,4386,10,0.001
Completed,301,3010,COMPLETED,0,0.55,0,0.0,5000,1682,1,0.999
Completed,302,3020,COMPLETED,0,0.57,5,0.975,1330,78,10,0.999
Completed,303,3030,COMPLETED,0,0.55,0,0.0,2796,2931,10,0.999
Completed,304,3040,COMPLETED,0,0.57,2,0.93,837,155,10,0.999
Completed,305,3050,COMPLETED,0,0.55,0,0.0,2297,5000,1,0.001
Completed,306,3060,COMPLETED,0,0.55,0,0.0,3706,4136,1,0.999
Completed,307,3070,COMPLETED,0,0.55,0,0.0,2509,1242,10,0.001
Completed,308,3080,COMPLETED,0,0.55,0,0.0,3634,5000,10,0.999
Completed,309,3090,COMPLETED,0,0.55,1,0.903,5000,903,1,0.999
Completed,310,3100,COMPLETED,0,0.55,0,0.0,1,4630,10,0.001
Completed,311,3110,COMPLETED,0,0.55,0,0.0,1096,3482,1,0.999
Completed,312,3120,COMPLETED,0,0.55,0,0.0,1,3570,1,0.999
Completed,313,3130,COMPLETED,0,0.55,0,0.0,1250,2582,10,0.999
Completed,314,3140,COMPLETED,0,0.55,0,0.0,5000,3861,1,0.999
Completed,315,3150,COMPLETED,0,0.55,0,0.0,3596,3897,1,0.999
Completed,316,3160,COMPLETED,0,0.55,0,0.0,1553,5000,1,0.001
Completed,317,3170,COMPLETED,0,0.55,0,0.0,2441,4128,1,0.001
Completed,318,3180,COMPLETED,0,0.55,0,0.0,2443,3029,1,0.001
Completed,319,3190,COMPLETED,0,0.57,4,0.9685,5000,149,10,0.001
Completed,320,3200,COMPLETED,0,0.55,0,0.0,571,4407,10,0.999
Completed,321,3210,COMPLETED,0,0.56,1,0.8325,457,302,1,0.999
Completed,322,3220,COMPLETED,0,0.57,2,0.948,1490,316,10,0.999
Completed,323,3230,COMPLETED,0,0.55,0,0.0,800,1121,1,0.999
Completed,324,3240,COMPLETED,0,0.55,0,0.0,5000,4256,1,0.999
Completed,325,3250,COMPLETED,0,0.58,4,0.9595,1358,101,10,0.001
Completed,326,3260,COMPLETED,0,0.55,0,0.0,130,1749,1,0.999
Completed,327,3270,COMPLETED,0,0.55,0,0.0,3097,4794,1,0.999
Completed,328,3280,COMPLETED,0,0.55,0,0.0,1466,1493,10,0.001
Completed,329,3290,COMPLETED,0,0.55,0,0.0,5000,4577,10,0.001
Completed,330,3300,COMPLETED,0,0.55,0,0.0,1963,3196,10,0.001
Completed,331,3310,COMPLETED,0,0.55,0,0.0,2448,2412,10,0.001
Completed,332,3320,COMPLETED,0,0.55,0,0.0,4404,1084,1,0.999
Completed,333,3330,COMPLETED,0,0.55,0,0.0,4600,1446,1,0.001
Completed,334,3340,COMPLETED,0,0.55,0,0.0,1147,3310,10,0.001
Completed,335,3350,COMPLETED,0,0.55,0,0.0,2016,3726,1,0.001
Completed,336,3360,COMPLETED,0,0.55,0,0.0,3850,4838,10,0.001
Completed,337,3370,COMPLETED,0,0.55,0,0.0,5000,4630,10,0.999
Completed,338,3380,COMPLETED,0,0.55,0,0.0,1,4742,10,0.001
Completed,339,3390,COMPLETED,0,0.55,0,0.0,5000,2381,1,0.001
Completed,340,3400,COMPLETED,0,0.55,0,0.0,3664,4420,1,0.999
Completed,341,3410,COMPLETED,0,0.57,2,0.936,725,156,10,0.999
Completed,342,3420,COMPLETED,0,0.55,0,0.0,5000,4950,10,0.001
Completed,343,3430,COMPLETED,0,0.56,1,0.8805,482,317,1,0.001
Completed,344,3440,COMPLETED,0,0.55,0,0.0,5000,3419,1,0.001
Completed,345,3450,COMPLETED,0,0.55,0,0.0,362,1045,1,0.999
Completed,346,3460,COMPLETED,0,0.57,2,0.9695,1079,277,10,0.999
Completed,347,3470,COMPLETED,0,0.57,4,0.993,1637,108,10,0.001
Completed,348,3480,COMPLETED,0,0.55,0,0.0,2132,1064,1,0.999
Completed,349,3490,COMPLETED,0,0.57,3,0.949,715,158,1,0.001
Completed,350,3500,COMPLETED,0,0.55,0,0.0,5000,1350,1,0.999
Completed,351,3510,COMPLETED,0,0.56,2,0.913,1075,287,10,0.001
Completed,352,3520,COMPLETED,0,0.55,0,0.0,4594,1536,1,0.999
Completed,353,3530,COMPLETED,0,0.55,0,0.0,4606,3721,1,0.999
Completed,354,3540,COMPLETED,0,0.55,0,0.0,1621,2244,10,0.999
Completed,355,3550,COMPLETED,0,0.55,0,0.0,4368,2366,10,0.999
Completed,356,3560,COMPLETED,0,0.55,0,0.0,407,4590,1,0.999
Completed,357,3570,COMPLETED,0,0.57,4,0.962,4488,148,10,0.999
Completed,358,3580,COMPLETED,0,0.56,1,0.942,707,314,10,0.999
Completed,359,3590,COMPLETED,0,0.55,1,0.7785,317,310,10,0.999
Completed,360,3600,COMPLETED,0,0.55,0,0.0,787,3920,1,0.001
Completed,361,3610,COMPLETED,0,0.55,0,0.0,835,2937,1,0.001
Completed,362,3620,COMPLETED,0,0.55,0,0.0,4181,4298,10,0.001
Completed,363,3630,COMPLETED,0,0.55,0,0.0,1,3436,10,0.999
Completed,364,3640,COMPLETED,0,0.55,0,0.0,4318,4777,10,0.999
Completed,365,3650,COMPLETED,0,0.55,0,0.0,4121,4002,10,0.001
Completed,366,3660,COMPLETED,0,0.55,0,0.0,3327,1671,10,0.001
Completed,367,3670,COMPLETED,0,0.55,0,0.0,1,2047,10,0.999
Completed,368,3680,COMPLETED,0,0.55,0,0.0,1,3559,1,0.001
Completed,369,3690,COMPLETED,0,0.55,0,0.0,1999,3473,10,0.999
Completed,370,3700,COMPLETED,0,0.55,0,0.0,3642,3013,1,0.001
Completed,371,3710,COMPLETED,0,0.56,1,0.6,100,152,1,0.999
Completed,372,3720,COMPLETED,0,0.56,2,0.897,1114,299,1,0.999
Completed,373,3730,COMPLETED,0,0.55,0,0.0,4479,2455,1,0.001
Completed,374,3740,COMPLETED,0,0.55,0,0.0,1547,2847,10,0.001
Completed,375,3750,COMPLETED,0,0.56,1,0.865,818,346,10,0.999
Completed,376,3760,COMPLETED,0,0.55,0,0.0,5000,2954,10,0.999
Completed,377,3770,COMPLETED,0,0.57,3,0.873,1488,291,10,0.999
Completed,378,3780,COMPLETED,0,0.57,4,0.949,4881,158,1,0.001
Completed,379,3790,COMPLETED,0,0.55,0,0.0,3193,4434,1,0.001
Completed,380,3800,COMPLETED,0,0.55,0,0.0,2601,4257,1,0.999
Completed,381,3810,COMPLETED,0,0.55,0,0.0,946,4136,10,0.001
Completed,382,3820,COMPLETED,0,0.55,0,0.0,3541,4122,1,0.001
Completed,383,3830,COMPLETED,0,0.55,0,0.0,1,1483,1,0.001
Completed,384,3840,COMPLETED,0,0.55,0,0.0,545,1859,1,0.999
Completed,385,3850,COMPLETED,0,0.55,0,0.0,4639,4675,1,0.999
Completed,386,3860,COMPLETED,0,0.55,0,0.0,2770,3296,10,0.999
Completed,387,3870,COMPLETED,0,0.55,0,0.0,1,4060,1,0.999
Completed,388,3880,COMPLETED,0,0.56,2,0.858,5000,342,1,0.001
Completed,0,0,COMPLETED,SOBOL,0.55,0.0,0.0,2004,4648,10,0.9988031626939774
Completed,1,10,COMPLETED,SOBOL,0.55,1.0,0.86,2707,575,3,0.18522175941243768
Completed,2,20,COMPLETED,SOBOL,0.55,0.0,0.0,4252,3547,7,0.6283859533686191
Completed,3,30,COMPLETED,SOBOL,0.55,0.0,0.0,1050,1350,2,0.43903421368449924
Completed,4,40,COMPLETED,SOBOL,0.55,0.0,0.0,244,2958,5,0.31298303949274126
Completed,5,50,COMPLETED,SOBOL,0.55,0.0,0.0,4383,2029,9,0.5027611503303051
Completed,6,60,COMPLETED,SOBOL,0.55,0.0,0.0,3502,4045,3,0.05988440672867
Completed,7,70,COMPLETED,SOBOL,0.55,0.0,0.0,1863,1243,6,0.8729176024608314
Completed,8,80,COMPLETED,SOBOL,0.55,0.0,0.0,1438,3214,2,0.5815399320945144
Completed,9,90,COMPLETED,SOBOL,0.55,0.0,0.0,3234,1641,7,0.2674459682721645
Completed,10,100,COMPLETED,SOBOL,0.55,0.0,0.0,4818,4941,5,0.7961491086818278
Completed,11,110,COMPLETED,SOBOL,0.56,1.0,0.98,522,244,8,0.10731022231839597
Completed,12,120,COMPLETED,SOBOL,0.55,0.0,0.0,694,4338,8,0.23147285662218928
Completed,13,130,COMPLETED,SOBOL,0.55,1.0,0.91,4051,909,1,0.9197635382246226
Completed,14,140,COMPLETED,SOBOL,0.55,0.0,0.0,3053,2626,10,0.390894773632288
Completed,15,150,COMPLETED,SOBOL,0.55,0.0,0.0,2195,2324,4,0.7054151495043188
Completed,16,160,COMPLETED,SOBOL,0.55,0.0,0.0,2461,2721,6,0.011276911104097963
Completed,17,170,COMPLETED,SOBOL,0.55,0.0,0.0,2850,2418,2,0.8199242122173309
Completed,18,180,COMPLETED,SOBOL,0.55,0.0,0.0,3805,4125,9,0.3664639686476439
Completed,19,190,COMPLETED,SOBOL,0.55,1.0,0.46,916,698,5,0.5508815829269588
Completed,20,200,COMPLETED,SOBOL,0.55,0.0,0.0,451,4723,1,0.6767517001833767
Completed,21,210,COMPLETED,SOBOL,0.5700000000000001,14.0,1.0,4904,25,8,0.4917858551181853
Completed,22,220,COMPLETED,SOBOL,0.55,0.0,0.0,3285,3315,4,0.9455640055853873
Completed,23,230,COMPLETED,SOBOL,0.55,0.0,0.0,1332,1744,9,0.13734307562559844
Completed,24,240,COMPLETED,SOBOL,0.55,0.0,0.0,1621,3793,3,0.4131880577914417
Completed,25,250,COMPLETED,SOBOL,0.55,1.0,1.0,3729,990,10,0.7223482270967215
Completed,26,260,COMPLETED,SOBOL,0.55,0.0,0.0,4644,3015,1,0.21405270856618883
Completed,27,270,COMPLETED,SOBOL,0.55,0.0,0.0,37,2088,7,0.8979578004125506
Completed,28,280,COMPLETED,SOBOL,0.55,0.0,0.0,1096,3607,9,0.7740975733324885
Completed,29,290,COMPLETED,SOBOL,0.55,0.0,0.0,4142,1410,5,0.09061889353580772
Completed,30,300,COMPLETED,SOBOL,0.55,0.0,0.0,2640,4391,6,0.5987183313407004
Completed,31,310,COMPLETED,SOBOL,0.55,1.0,0.96,2094,320,3,0.289009957274422
Completed,32,320,COMPLETED,SOBOL,0.55,0.0,0.0,2182,3505,5,0.156822130786255
Completed,33,330,COMPLETED,SOBOL,0.55,0.0,0.0,2573,1328,8,0.9650432113185525
Completed,34,340,COMPLETED,SOBOL,0.55,0.0,0.0,4074,4591,2,0.4723109881039709
Completed,35,350,COMPLETED,SOBOL,0.55,1.0,0.81,1183,538,7,0.6572769911773503
Completed,36,360,COMPLETED,SOBOL,0.55,0.0,0.0,103,3945,10,0.5313764155190438
Completed,37,370,COMPLETED,SOBOL,0.55,0.0,0.0,4558,1123,4,0.3469586469493806
Completed,38,380,COMPLETED,SOBOL,0.55,0.0,0.0,3643,2843,8,0.8394338800702245
Completed,39,390,COMPLETED,SOBOL,0.55,0.0,0.0,1688,1895,1,0.030786417230963706
Completed,40,400,COMPLETED,SOBOL,0.55,0.0,0.0,1264,4885,7,0.30072268878296016
Completed,41,410,COMPLETED,SOBOL,0.5700000000000001,2.0,0.9400000000000001,3374,208,2,0.6104309048410506
Completed,42,420,COMPLETED,SOBOL,0.55,0.0,0.0,4992,3173,10,0.07891053978353739
Completed,43,430,COMPLETED,SOBOL,0.55,0.0,0.0,382,1619,3,0.7623890690077096
Completed,44,440,COMPLETED,SOBOL,0.55,0.0,0.0,826,2512,3,0.8862797470539808
Completed,45,450,COMPLETED,SOBOL,0.55,0.0,0.0,3875,2190,6,0.2023748169336468
Completed,46,460,COMPLETED,SOBOL,0.55,0.0,0.0,2920,4238,5,0.7340303459130227
Completed,47,470,COMPLETED,SOBOL,0.55,2.0,0.8300000000000001,2372,789,9,0.4248703308980912
Completed,48,480,COMPLETED,SOBOL,0.55,0.0,0.0,2281,4177,1,0.8534427428822965
Completed,49,490,COMPLETED,SOBOL,0.55,6.0,0.86,2986,730,7,0.04040969028696418
Completed,50,500,COMPLETED,SOBOL,0.55,0.0,0.0,3984,2768,4,0.5222402129266411
Completed,51,510,COMPLETED,SOBOL,0.55,0.0,0.0,780,2445,10,0.33246223779022693
Completed,52,520,COMPLETED,SOBOL,0.55,0.0,0.0,590,3425,6,0.4585438741017133
Completed,53,530,COMPLETED,SOBOL,0.55,0.0,0.0,4731,1873,3,0.6478954669311643
Completed,54,540,COMPLETED,SOBOL,0.55,0.0,0.0,3146,4828,9,0.16571658456884325
Completed,55,550,COMPLETED,SOBOL,0.5700000000000001,3.0,0.97,1506,150,4,0.9792978716678917
Completed,56,560,COMPLETED,SOBOL,0.55,0.0,0.0,1793,3061,8,0.693706788316369
Completed,57,570,COMPLETED,SOBOL,0.55,0.0,0.0,3591,2115,5,0.3791862767431885
Completed,58,580,COMPLETED,SOBOL,0.55,0.0,0.0,4473,3844,6,0.9314762622974813
Completed,59,590,COMPLETED,SOBOL,0.55,0.0,0.0,174,1021,2,0.24318543755821884
Completed,60,600,COMPLETED,SOBOL,0.55,0.0,0.0,961,4496,4,0.11899234857037663
Completed,61,610,COMPLETED,SOBOL,0.55,1.0,0.89,4321,445,10,0.8078313743527978
Completed,62,620,COMPLETED,SOBOL,0.55,0.0,0.0,2776,3717,1,0.25576792234927415
Completed,63,630,COMPLETED,SOBOL,0.55,0.0,0.0,1915,1539,8,0.5698620330262929
Completed,64,640,COMPLETED,SOBOL,0.55,0.0,0.0,1902,2853,1,0.38861705957725645
Completed,65,650,COMPLETED,SOBOL,0.55,0.0,0.0,2760,1924,8,0.7022246649023145
Completed,66,660,COMPLETED,SOBOL,0.55,0.0,0.0,4344,3955,4,0.2366132105961442
Completed,67,670,COMPLETED,SOBOL,0.55,0.0,0.0,987,1153,10,0.9239911290872842
Completed,68,680,COMPLETED,SOBOL,0.55,0.0,0.0,229,4543,7,0.7986233180016279
Completed,69,690,COMPLETED,SOBOL,0.55,2.0,0.9400000000000001,4525,470,2,0.11081899861432612
Completed,70,700,COMPLETED,SOBOL,0.55,0.0,0.0,3527,3457,8,0.5760821192227304
Completed,71,710,COMPLETED,SOBOL,0.55,0.0,0.0,1731,1260,5,0.26302271494083107
Completed,72,720,COMPLETED,SOBOL,0.55,0.0,0.0,1531,4286,9,0.03395912777073681
Completed,73,730,COMPLETED,SOBOL,0.55,1.0,0.86,3170,858,5,0.8460795975700021
Completed,74,740,COMPLETED,SOBOL,0.55,0.0,0.0,4715,2561,6,0.34177103272639214
Completed,75,750,COMPLETED,SOBOL,0.55,0.0,0.0,576,2258,2,0.5306364250667394
Completed,76,760,COMPLETED,SOBOL,0.55,0.0,0.0,717,3163,3,0.6539938626568764
Completed,77,770,COMPLETED,SOBOL,0.55,0.0,0.0,3920,1590,10,0.4656767048202455
Completed,78,780,COMPLETED,SOBOL,0.55,0.0,0.0,3039,4875,2,0.9702117771897465
Completed,79,790,COMPLETED,SOBOL,0.5700000000000001,1.0,0.98,2336,178,7,0.15766492508351804
Completed,80,800,COMPLETED,SOBOL,0.55,0.0,0.0,2388,4779,4,0.6178677358776331
Completed,81,810,COMPLETED,SOBOL,0.5700000000000001,3.0,0.97,2933,81,9,0.30724471003748477
Completed,82,820,COMPLETED,SOBOL,0.55,0.0,0.0,3849,3376,3,0.7539142598770558
Completed,83,830,COMPLETED,SOBOL,0.55,0.0,0.0,803,1805,6,0.06952092087082565
Completed,84,840,COMPLETED,SOBOL,0.55,0.0,0.0,330,2777,10,0.19506934275105595
Completed,85,850,COMPLETED,SOBOL,0.55,0.0,0.0,4937,2474,3,0.8800108828004449
Completed,86,860,COMPLETED,SOBOL,0.55,0.0,0.0,3436,4186,7,0.433084368892014
Completed,87,870,COMPLETED,SOBOL,0.55,1.0,0.66,1328,759,1,0.7432809938360005
Completed,88,880,COMPLETED,SOBOL,0.55,0.0,0.0,1664,3708,8,0.956690066633746
Completed,89,890,COMPLETED,SOBOL,0.55,0.0,0.0,3617,1510,1,0.147554499771446
Completed,90,900,COMPLETED,SOBOL,0.55,0.0,0.0,4572,4487,9,0.6645918343160302
Completed,91,910,COMPLETED,SOBOL,0.55,1.0,0.18,119,415,4,0.4787113449126482
Completed,92,920,COMPLETED,SOBOL,0.55,0.0,0.0,1247,3893,2,0.35505099447257815
Completed,93,930,COMPLETED,SOBOL,0.55,0.0,0.0,4137,1090,6,0.5405051015689969
Completed,94,940,COMPLETED,SOBOL,0.55,0.0,0.0,2518,3110,5,0.023602904921397567
Completed,95,950,COMPLETED,SOBOL,0.55,0.0,0.0,2129,2183,9,0.8332867062874139
Completed,96,960,COMPLETED,SOBOL,0.55,0.0,0.0,2039,3996,6,0.7315720749720931
Completed,97,970,COMPLETED,SOBOL,0.55,0.0,0.0,2588,1175,3,0.4213755968827754
Completed,98,980,COMPLETED,SOBOL,0.55,0.0,0.0,4207,2909,9,0.891723049197346
Completed,99,990,COMPLETED,SOBOL,0.55,0.0,0.0,1158,1961,5,0.2067816485669464
Completed,100,1000,COMPLETED,SOBOL,0.55,0.0,0.0,50,3557,1,0.08120277200266719
Completed,101,1010,COMPLETED,SOBOL,0.55,0.0,0.0,4660,1379,7,0.7655959678720683
Completed,102,1020,COMPLETED,SOBOL,0.55,0.0,0.0,3706,4657,3,0.29556638899445536
Completed,103,1030,COMPLETED,SOBOL,0.55,1.0,0.91,1595,604,10,0.606189279133454
Completed,104,1040,COMPLETED,SOBOL,0.55,0.0,0.0,1395,2617,4,0.8138114526178688
Completed,105,1050,COMPLETED,SOBOL,0.55,0.0,0.0,3350,2295,10,0.004127511832863092
Completed,106,1060,COMPLETED,SOBOL,0.55,0.0,0.0,4851,4328,1,0.5599837700743229
Completed,107,1070,COMPLETED,SOBOL,0.55,1.0,0.2,397,880,7,0.3745295161232352
Completed,108,1080,COMPLETED,SOBOL,0.55,0.0,0.0,890,4990,8,0.49822032868303356
Completed,109,1090,COMPLETED,SOBOL,0.5700000000000001,2.0,0.9400000000000001,3782,313,5,0.6841009537875652
Completed,110,1100,COMPLETED,SOBOL,0.55,0.0,0.0,2866,3263,7,0.12804864828102291
Completed,111,1110,COMPLETED,SOBOL,0.55,0.0,0.0,2475,1710,2,0.9371843582801521
Completed,112,1120,COMPLETED,SOBOL,0.55,0.0,0.0,2247,3325,9,0.27473487390205265
Completed,113,1130,COMPLETED,SOBOL,0.55,0.0,0.0,3108,1773,4,0.5877944324743003
Completed,114,1140,COMPLETED,SOBOL,0.55,0.0,0.0,3989,4733,8,0.09911007231473923
Completed,115,1150,COMPLETED,SOBOL,0.5700000000000001,4.0,1.0,629,54,1,0.7869145534280687
Completed,116,1160,COMPLETED,SOBOL,0.55,0.0,0.0,506,4077,5,0.9123128154799343
Completed,117,1170,COMPLETED,SOBOL,0.55,1.0,0.9500000000000001,4805,630,8,0.22493474641628564
Completed,118,1180,COMPLETED,SOBOL,0.55,0.0,0.0,3259,2672,2,0.7139065234698355
Completed,119,1190,COMPLETED,SOBOL,0.55,0.0,0.0,1461,2350,6,0.4002987601365894
Completed,120,1200,COMPLETED,SOBOL,0.55,0.0,0.0,1798,4440,3,0.17714360102452337
Completed,121,1210,COMPLETED,SOBOL,0.56,2.0,0.97,3439,388,6,0.9896902914047241
Completed,122,1220,COMPLETED,SOBOL,0.55,0.0,0.0,4438,3656,4,0.4462014585863799
Completed,123,1230,COMPLETED,SOBOL,0.55,0.0,0.0,297,1478,9,0.6345184621326625
Completed,124,1240,COMPLETED,SOBOL,0.55,0.0,0.0,1073,3005,7,0.5111305661406368
Completed,125,1250,COMPLETED,SOBOL,0.55,0.0,0.0,4277,2058,1,0.32226533180847766
Completed,126,1260,COMPLETED,SOBOL,0.55,0.0,0.0,2693,3783,10,0.865588573904708
Completed,127,1270,COMPLETED,SOBOL,0.55,2.0,0.0,1988,960,4,0.053468254677951334
Completed,128,1280,COMPLETED,SOBOL,0.55,0.0,0.0,1956,3199,7,0.7922319537177682
Completed,129,1290,COMPLETED,SOBOL,0.55,0.0,0.0,2657,1628,1,0.1034005216229707
Completed,130,1300,COMPLETED,SOBOL,0.55,0.0,0.0,4281,4917,10,0.5854577265270055
Completed,131,1310,COMPLETED,SOBOL,0.5700000000000001,2.0,0.99,1079,219,3,0.27135598126612603
Completed,132,1320,COMPLETED,SOBOL,0.55,0.0,0.0,293,4244,3,0.3947743486724794
Completed,133,1330,COMPLETED,SOBOL,0.55,1.0,0.8200000000000001,4433,817,6,0.7093024688046425
Completed,134,1340,COMPLETED,SOBOL,0.55,0.0,0.0,3473,2525,4,0.22759362362325192
Completed,135,1350,COMPLETED,SOBOL,0.55,0.0,0.0,1833,2221,9,0.9158768286500126
Completed,136,1360,COMPLETED,SOBOL,0.55,0.0,0.0,1467,4583,5,0.6322959663625807
Completed,137,1370,COMPLETED,SOBOL,0.55,1.0,0.77,3263,512,9,0.4429520081169903
Completed,138,1380,COMPLETED,SOBOL,0.55,0.0,0.0,4769,3494,2,0.9948934852350503
Completed,139,1390,COMPLETED,SOBOL,0.55,0.0,0.0,474,1296,6,0.1813046044483781
Completed,140,1400,COMPLETED,SOBOL,0.55,0.0,0.0,663,2816,9,0.05599769715406001
Completed,141,1410,COMPLETED,SOBOL,0.55,0.0,0.0,4023,1889,4,0.8690383694618941
Completed,142,1420,COMPLETED,SOBOL,0.55,0.0,0.0,3102,3914,8,0.31687035879306497
Completed,143,1430,COMPLETED,SOBOL,0.55,0.0,0.0,2243,1110,1,0.5066407253704965
Completed,144,1440,COMPLETED,SOBOL,0.55,0.0,0.0,2490,3856,8,0.21797050299867987
Completed,145,1450,COMPLETED,SOBOL,0.55,0.0,0.0,2880,1054,5,0.9018678134065121
Completed,146,1460,COMPLETED,SOBOL,0.55,0.0,0.0,3756,3069,6,0.4092709028273821
Completed,147,1470,COMPLETED,SOBOL,0.55,0.0,0.0,866,2140,2,0.7184385264012962
Completed,148,1480,COMPLETED,SOBOL,0.55,0.0,0.0,423,3748,4,0.5948390983417631
Completed,149,1490,COMPLETED,SOBOL,0.55,0.0,0.0,4874,1552,10,0.28512324769981207
Completed,150,1500,COMPLETED,SOBOL,0.55,0.0,0.0,3333,4524,1,0.77797714837268
Completed,151,1510,COMPLETED,SOBOL,0.55,2.0,0.91,1382,451,8,0.09450621283613145
Completed,152,1520,COMPLETED,SOBOL,0.55,0.0,0.0,1572,2735,2,0.3625542679522187
Completed,153,1530,COMPLETED,SOBOL,0.55,0.0,0.0,3680,2433,7,0.5469644279628992
Completed,154,1540,COMPLETED,SOBOL,0.55,0.0,0.0,4675,4151,3,0.015186924098059534
Completed,155,1550,COMPLETED,SOBOL,0.55,0.0,0.03,65,722,10,0.823842006649822
Completed,156,1560,COMPLETED,SOBOL,0.55,0.0,0.0,1145,4815,6,0.949451324885711
Completed,157,1570,COMPLETED,SOBOL,0.58,5.0,0.9500000000000001,4190,119,2,0.14122265066578985
Completed,158,1580,COMPLETED,SOBOL,0.55,0.0,0.0,2611,3418,9,0.6728649906087667
Completed,159,1590,COMPLETED,SOBOL,0.55,0.0,0.0,2065,1845,5,0.4879066221192479
Completed,160,1600,COMPLETED,SOBOL,0.55,0.0,0.0,2132,4949,2,0.07503081974759698
Completed,161,1610,COMPLETED,SOBOL,0.5700000000000001,1.0,0.9500000000000001,2525,271,6,0.7585018947031349
Completed,162,1620,COMPLETED,SOBOL,0.55,0.0,0.0,4104,3226,5,0.3046017693504691
Completed,163,1630,COMPLETED,SOBOL,0.55,0.0,0.0,1212,1674,8,0.6143177668470889
Completed,164,1640,COMPLETED,SOBOL,0.55,0.0,0.0,153,2654,8,0.7379476458728313
Completed,165,1650,COMPLETED,SOBOL,0.55,0.0,0.0,4607,2331,1,0.42877988659776745
Completed,166,1660,COMPLETED,SOBOL,0.55,0.0,0.0,3613,4368,9,0.8823621050529182
Completed,167,1670,COMPLETED,SOBOL,0.55,4.0,0.0,1659,922,4,0.1984646515082568
Completed,168,1680,COMPLETED,SOBOL,0.55,0.0,0.0,1292,3521,10,0.4761978501100093
Completed,169,1690,COMPLETED,SOBOL,0.55,0.0,0.0,3403,1343,3,0.6611560717448592
Completed,170,1700,COMPLETED,SOBOL,0.55,0.0,0.0,4944,4615,7,0.15293495648168026
Completed,171,1710,COMPLETED,SOBOL,0.55,2.0,0.33,333,563,1,0.9611634912826121
Completed,172,1720,COMPLETED,SOBOL,0.55,0.0,0.0,797,4038,4,0.8355237146448344
Completed,173,1730,COMPLETED,SOBOL,0.55,0.0,0.0,3845,1215,9,0.026868775229901075
Completed,174,1740,COMPLETED,SOBOL,0.55,0.0,0.0,2969,2945,3,0.5352859712187201
Completed,175,1750,COMPLETED,SOBOL,0.55,0.0,0.0,2421,1999,6,0.3508759469091892
Completed,176,1760,COMPLETED,SOBOL,0.55,0.0,0.0,2311,3047,3,0.9353553428649902
Completed,177,1770,COMPLETED,SOBOL,0.55,0.0,0.0,3015,2099,10,0.24707229956425728
Completed,178,1780,COMPLETED,SOBOL,0.55,0.0,0.0,3935,3819,1,0.6898270682804286
Completed,179,1790,COMPLETED,SOBOL,0.55,1.0,0.0,731,998,7,0.37529910243861375
Completed,180,1800,COMPLETED,SOBOL,0.55,0.0,0.0,560,4405,9,0.25185028034821155
Completed,181,1810,COMPLETED,SOBOL,0.56,2.0,0.88,4702,351,5,0.5659518676009029
Completed,182,1820,COMPLETED,SOBOL,0.55,0.0,0.0,3196,3614,6,0.12290964853018523
Completed,183,1830,COMPLETED,SOBOL,0.55,0.0,0.0,1553,1437,3,0.8117409300524742
Completed,184,1840,COMPLETED,SOBOL,0.55,0.0,0.0,1744,4114,7,0.5183530386220664
Completed,185,1850,COMPLETED,SOBOL,0.55,1.0,1.0,3542,666,2,0.32858251775428654
Completed,186,1860,COMPLETED,SOBOL,0.55,0.0,0.0,4501,2713,8,0.8573296048883349
Completed,187,1870,COMPLETED,SOBOL,0.55,0.0,0.0,204,2391,5,0.044288770854473115
Completed,188,1880,COMPLETED,SOBOL,0.55,0.0,0.0,1009,3284,1,0.16962614026851952
Completed,189,1890,COMPLETED,SOBOL,0.55,0.0,0.0,4370,1730,7,0.9832151716277003
Completed,190,1900,COMPLETED,SOBOL,0.55,0.0,0.0,2747,4696,4,0.4546337086763233
Completed,191,1910,COMPLETED,SOBOL,0.58,18.0,1.0,1886,19,10,0.6439778249301016
Completed,192,1920,COMPLETED,SOBOL,0.55,0.0,0.0,1950,4300,4,0.3378610197324306
Completed,193,1930,COMPLETED,SOBOL,0.55,1.0,0.87,2809,873,9,0.5267186306342483
Completed,194,1940,COMPLETED,SOBOL,0.55,0.0,0.0,4315,2586,1,0.03786882846616209
Completed,195,1950,COMPLETED,SOBOL,0.55,0.0,0.0,956,2282,8,0.8499967525340617
Completed,196,1960,COMPLETED,SOBOL,0.55,0.0,0.0,181,3255,9,0.9740984867643565
Completed,197,1970,COMPLETED,SOBOL,0.55,0.0,0.0,4476,1684,5,0.1615441580824554
Completed,198,1980,COMPLETED,SOBOL,0.55,0.0,0.0,3556,4978,6,0.6501065433565527
Completed,199,1990,COMPLETED,SOBOL,0.56,2.0,0.98,1760,280,2,0.4617971297800541
Completed,200,2000,COMPLETED,SOBOL,0.55,0.0,0.0,1501,2916,6,0.2405303655602038
Completed,201,2010,COMPLETED,SOBOL,0.55,0.0,0.0,3141,1989,3,0.9279008297827095
Completed,202,2020,COMPLETED,SOBOL,0.55,0.0,0.0,4764,4009,9,0.3846992651447654
Completed,203,2030,COMPLETED,SOBOL,0.55,0.0,0.0,625,1206,5,0.698314651908353
Completed,204,2040,COMPLETED,SOBOL,0.55,0.0,0.0,747,4683,1,0.572202544182539
Completed,205,2050,COMPLETED,SOBOL,0.55,1.0,0.92,3949,612,7,0.25913539564050736
Completed,206,2060,COMPLETED,SOBOL,0.55,0.0,0.0,2989,3589,3,0.8025025510005653
Completed,207,2070,COMPLETED,SOBOL,0.55,0.0,0.0,2288,1391,10,0.11470570818893612
Completed,208,2080,COMPLETED,SOBOL,0.55,0.0,0.0,2358,3643,2,0.6685015350114554
Completed,209,2090,COMPLETED,SOBOL,0.55,0.0,0.0,2904,1447,6,0.4826284998767078
Completed,210,2100,COMPLETED,SOBOL,0.55,0.0,0.0,3897,4434,5,0.9527800536397845
Completed,211,2110,COMPLETED,SOBOL,0.56,5.0,0.9,852,361,9,0.14363670533895492
Completed,212,2120,COMPLETED,SOBOL,0.55,0.0,0.0,358,3751,7,0.019715585621073842
Completed,213,2130,COMPLETED,SOBOL,0.55,1.0,0.9500000000000001,4967,949,2,0.8294071312472224
Completed,214,2140,COMPLETED,SOBOL,0.55,0.0,0.0,3388,2979,10,0.35893770404718817
Completed,215,2150,COMPLETED,SOBOL,0.55,0.0,0.0,1279,2050,3,0.5443843345679342
Completed,216,2160,COMPLETED,SOBOL,0.55,0.0,0.0,1714,4764,10,0.7499964654445648
Completed,217,2170,COMPLETED,SOBOL,0.56,6.0,0.97,3665,67,4,0.06561090787686408
Completed,218,2180,COMPLETED,SOBOL,0.55,0.0,0.0,4542,3352,8,0.6217848908416926
Completed,219,2190,COMPLETED,SOBOL,0.55,0.0,0.0,90,1779,1,0.31115441073291006
Completed,220,2200,COMPLETED,SOBOL,0.55,0.0,0.0,1198,2684,5,0.4369636018909514
Completed,221,2210,COMPLETED,SOBOL,0.55,0.0,0.0,4088,2382,8,0.7471677034106106
Completed,222,2220,COMPLETED,SOBOL,0.55,0.0,0.0,2548,4085,2,0.19118976771086454
Completed,223,2230,COMPLETED,SOBOL,0.55,1.0,0.98,2158,656,7,0.8761235635001212
Completed,224,2240,COMPLETED,SOBOL,0.55,0.0,0.0,2089,2554,9,0.5560969080682844
Completed,225,2250,COMPLETED,SOBOL,0.55,0.0,0.0,2636,2231,4,0.3706504355557263
Completed,226,2260,COMPLETED,SOBOL,0.55,0.0,0.0,4177,4273,6,0.8176986269224435
Completed,227,2270,COMPLETED,SOBOL,0.55,11.0,0.0,1130,827,3,0.008007231868803501
Completed,228,2280,COMPLETED,SOBOL,0.55,0.0,0.0,1,4849,4,0.1319588137064129
Completed,229,2290,COMPLETED,SOBOL,0.58,3.0,0.9400000000000001,4612,170,10,0.9411020002812147
Completed,230,2300,COMPLETED,SOBOL,0.55,0.0,0.0,3735,3131,1,0.4943107729833573
Completed,231,2310,COMPLETED,SOBOL,0.55,0.0,0.0,1624,1579,7,0.6801836538277567
Completed,232,2320,COMPLETED,SOBOL,0.55,0.0,0.0,1366,3982,1,0.8956027692332864
Completed,233,2330,COMPLETED,SOBOL,0.55,0.0,0.0,3320,1159,8,0.2106688228715211
Completed,234,2340,COMPLETED,SOBOL,0.55,0.0,0.0,4900,2884,4,0.7276929944045841
Completed,235,2350,COMPLETED,SOBOL,0.55,0.0,0.0,446,1938,9,0.417488734876737
Completed,236,2360,COMPLETED,SOBOL,0.55,0.0,0.0,919,3465,6,0.29164908903464676
Completed,237,2370,COMPLETED,SOBOL,0.55,0.0,0.0,3811,1286,2,0.6022797234337777
Completed,238,2380,COMPLETED,SOBOL,0.55,0.0,0.0,2818,4554,8,0.08512041400372983
Completed,239,2390,COMPLETED,SOBOL,0.55,1.0,0.75,2425,502,5,0.7695061332974583
Completed,240,2400,COMPLETED,SOBOL,0.55,0.0,0.0,2218,4456,7,0.45008863289095463
Completed,241,2410,COMPLETED,SOBOL,0.56,1.0,0.8,3079,402,1,0.6383981821686029
Completed,242,2420,COMPLETED,SOBOL,0.55,0.0,0.0,4039,3680,10,0.17325673901848496
Completed,243,2430,COMPLETED,SOBOL,0.55,0.0,0.0,677,1503,4,0.9858112108372152
Completed,244,2440,COMPLETED,SOBOL,0.55,0.0,0.0,536,3098,2,0.8616790182050318
Completed,245,2450,COMPLETED,SOBOL,0.55,0.0,0.0,4833,2150,7,0.04955095471814275
Completed,246,2460,COMPLETED,SOBOL,0.55,0.0,0.0,3210,3885,5,0.5150407315660268
Completed,247,2470,COMPLETED,SOBOL,0.55,0.0,0.0,1412,1063,8,0.32618297380954026
Completed,248,2480,COMPLETED,SOBOL,0.55,0.0,0.0,1846,3389,5,0.09523099174723029
Completed,249,2490,COMPLETED,SOBOL,0.55,0.0,0.0,3489,1835,9,0.7830276914220303
Completed,250,2500,COMPLETED,SOBOL,0.55,0.0,0.0,4409,4786,3,0.27861459393799304
Completed,251,2510,COMPLETED,SOBOL,0.5700000000000001,1.0,0.98,267,109,6,0.591681606778875
Completed,252,2520,COMPLETED,SOBOL,0.55,0.0,0.0,1024,4219,10,0.7178241654708981
Completed,253,2530,COMPLETED,SOBOL,0.55,1.0,0.77,4228,771,3,0.4042089255619794
Completed,254,2540,COMPLETED,SOBOL,0.55,0.0,0.0,2721,2804,7,0.9083955155201257
Completed,255,2550,COMPLETED,SOBOL,0.55,0.0,0.0,2018,2482,2,0.22102519071660937
Completed,256,2560,COMPLETED,SOBOL,0.55,0.0,0.0,2031,2798,4,0.6818907166644931
Completed,257,2570,COMPLETED,SOBOL,0.55,0.0,0.0,2733,2496,9,0.4925999030787498
Completed,258,2580,COMPLETED,SOBOL,0.55,0.0,0.0,4235,4205,3,0.9432887573875487
Completed,259,2590,COMPLETED,SOBOL,0.55,6.0,0.52,1032,777,6,0.12976824953220784
Completed,260,2600,COMPLETED,SOBOL,0.55,0.0,0.0,257,4799,10,0.0063039612285792825
Completed,261,2610,COMPLETED,SOBOL,0.58,5.0,0.98,4395,103,4,0.8193980904947966
Completed,262,2620,COMPLETED,SOBOL,0.55,0.0,0.0,3480,3395,7,0.36845224237442015
Completed,263,2630,COMPLETED,SOBOL,0.55,0.0,0.0,1841,1822,1,0.5582912941817194
Completed,264,2640,COMPLETED,SOBOL,0.55,0.0,0.0,1425,3874,8,0.7717003595437855
Completed,265,2650,COMPLETED,SOBOL,0.55,0.0,0.0,3222,1072,1,0.08292238068953156
Completed,266,2660,COMPLETED,SOBOL,0.55,0.0,0.0,4840,3090,10,0.6039790345747024
Completed,267,2670,COMPLETED,SOBOL,0.55,0.0,0.0,544,2162,4,0.28994597082585094
Completed,268,2680,COMPLETED,SOBOL,0.55,0.0,0.0,667,3689,2,0.41529833056963983
Completed,269,2690,COMPLETED,SOBOL,0.55,0.0,0.0,4025,1492,6,0.7298795916438102
Completed,270,2700,COMPLETED,SOBOL,0.55,0.0,0.0,3069,4467,5,0.208958105398342
Completed,271,2710,COMPLETED,SOBOL,0.55,1.0,0.98,2212,394,8,0.8973096796385944
Completed,272,2720,COMPLETED,SOBOL,0.55,0.0,0.0,2434,4563,1,0.32837067524716257
Completed,273,2730,COMPLETED,SOBOL,0.55,1.0,0.98,2823,491,7,0.5128492230605334
Completed,274,2740,COMPLETED,SOBOL,0.55,0.0,0.0,3822,3475,4,0.05125896188616753
Completed,275,2750,COMPLETED,SOBOL,0.55,0.0,0.0,933,1277,10,0.8599672039691358
Completed,276,2760,COMPLETED,SOBOL,0.55,0.0,0.0,439,2873,7,0.9836120733246208
Completed,277,2770,COMPLETED,SOBOL,0.55,0.0,0.0,4892,1946,2,0.17545206946320832
Completed,278,2780,COMPLETED,SOBOL,0.55,0.0,0.0,3307,3974,8,0.6366939671970904
Completed,279,2790,COMPLETED,SOBOL,0.55,0.0,0.0,1355,1170,5,0.4517890407945961
Completed,280,2800,COMPLETED,SOBOL,0.55,0.0,0.0,1634,3144,9,0.22272546106018126
Completed,281,2810,COMPLETED,SOBOL,0.55,0.0,0.0,3741,1572,5,0.9066914381086826
Completed,282,2820,COMPLETED,SOBOL,0.55,0.0,0.0,4623,4855,6,0.4064041110109538
Completed,283,2830,COMPLETED,SOBOL,0.55,0.0,0.08,15,157,3,0.7156251729540527
Completed,284,2840,COMPLETED,SOBOL,0.55,0.0,0.0,1123,4267,3,0.5899699301030487
Completed,285,2850,COMPLETED,SOBOL,0.55,2.0,0.86,4169,840,10,0.28032246354594825
Completed,286,2860,COMPLETED,SOBOL,0.55,0.0,0.0,2624,2540,2,0.780836327912286
Completed,287,2870,COMPLETED,SOBOL,0.55,0.0,0.0,2077,2237,7,0.0974185481891036
Completed,288,2880,COMPLETED,SOBOL,0.55,0.0,0.0,2164,4095,9,0.46350120719149707
Completed,289,2890,COMPLETED,SOBOL,0.55,1.0,0.97,2556,648,4,0.6484062730129808
Completed,290,2900,COMPLETED,SOBOL,0.55,0.0,0.0,4101,2693,8,0.16374315059930086
Completed,291,2910,COMPLETED,SOBOL,0.55,0.0,0.0,1210,2371,1,0.9719033013153822
Completed,292,2920,COMPLETED,SOBOL,0.55,0.0,0.0,81,3344,5,0.8482888829261065
Completed,293,2930,COMPLETED,SOBOL,0.55,0.0,0.0,4536,1791,9,0.039580505141988395
Completed,294,2940,COMPLETED,SOBOL,0.55,0.0,0.0,3655,4753,2,0.524531074192375
Completed,295,2950,COMPLETED,SOBOL,0.5700000000000001,6.0,0.99,1700,76,6,0.34005238324217496
Completed,296,2960,COMPLETED,SOBOL,0.55,0.0,0.0,1286,2985,3,0.11689721669442951
Completed,297,2970,COMPLETED,SOBOL,0.55,0.0,0.0,3396,2037,6,0.800314849562943
Completed,298,2980,COMPLETED,SOBOL,0.55,0.0,0.0,4980,3764,4,0.2608472098764032
Completed,299,2990,COMPLETED,SOBOL,0.55,1.0,0.18,370,942,9,0.5704945370145142
Completed,300,3000,COMPLETED,SOBOL,0.55,0.0,0.0,843,4420,7,0.6961193214636296
Completed,301,3010,COMPLETED,SOBOL,0.56,2.0,0.92,3892,367,1,0.38689840265735986
Completed,302,3020,COMPLETED,SOBOL,0.55,0.0,0.0,2893,3637,10,0.926200421879068
Completed,303,3030,COMPLETED,SOBOL,0.55,0.0,0.0,2344,1460,3,0.24223458053171634
Completed,304,3040,COMPLETED,SOBOL,0.55,0.0,0.0,2298,3576,6,0.5465823678821325
Completed,305,3050,COMPLETED,SOBOL,0.55,0.0,0.0,3003,1397,2,0.356743477800861
Completed,306,3060,COMPLETED,SOBOL,0.55,0.0,0.0,3958,4678,9,0.8311102494560182
Completed,307,3070,COMPLETED,SOBOL,0.55,5.0,0.38,753,625,5,0.018016274480149152
Completed,308,3080,COMPLETED,SOBOL,0.55,0.0,0.0,612,4015,2,0.14145010809972883
Completed,309,3090,COMPLETED,SOBOL,0.55,0.0,0.0,4753,1192,7,0.9549704579468816
Completed,310,3100,COMPLETED,SOBOL,0.55,0.0,0.0,3135,2929,3,0.4809215894713998
Completed,311,3110,COMPLETED,SOBOL,0.55,0.0,0.0,1493,1982,10,0.6702122524846346
Completed,312,3120,COMPLETED,SOBOL,0.55,0.0,0.0,1771,4970,4,0.8778344334047288
Completed,313,3130,COMPLETED,SOBOL,0.5700000000000001,2.0,0.87,3570,291,10,0.1894827048741281
Completed,314,3140,COMPLETED,SOBOL,0.55,0.0,0.0,4485,3244,1,0.7493582675848156
Completed,315,3150,COMPLETED,SOBOL,0.55,0.0,0.0,186,1692,8,0.4347768447846174
Completed,316,3160,COMPLETED,SOBOL,0.55,0.0,0.0,944,2597,8,0.30945494716055694
Completed,317,3170,COMPLETED,SOBOL,0.55,0.0,0.0,4304,2274,5,0.6234881614819169
Completed,318,3180,COMPLETED,SOBOL,0.55,0.0,0.0,2802,4309,7,0.06341652176342905
Completed,319,3190,COMPLETED,SOBOL,0.55,1.0,0.86,1942,862,2,0.752194658625871
Completed,320,3200,COMPLETED,SOBOL,0.55,0.0,0.0,1880,4704,6,0.19675296367891132
Completed,321,3210,COMPLETED,SOBOL,0.55,21.0,1.0,2738,7,2,0.8840699858143926
Completed,322,3220,COMPLETED,SOBOL,0.55,0.0,0.0,4356,3295,8,0.42658850449882446
Completed,323,3230,COMPLETED,SOBOL,0.55,0.0,0.0,998,1722,5,0.7401352209039033
Completed,324,3240,COMPLETED,SOBOL,0.55,0.0,0.0,212,2702,1,0.6160180186014622
Completed,325,3250,COMPLETED,SOBOL,0.55,0.0,0.0,4508,2400,8,0.30289771052822473
Completed,326,3260,COMPLETED,SOBOL,0.55,0.0,0.0,3554,4105,4,0.7606970689985901
Completed,327,3270,COMPLETED,SOBOL,0.55,1.0,0.68,1757,677,9,0.07283183838427067
Completed,328,3280,COMPLETED,SOBOL,0.55,0.0,0.0,1548,3628,3,0.34867682798579336
Completed,329,3290,COMPLETED,SOBOL,0.55,0.0,0.0,3187,1431,10,0.5374812830742448
Completed,330,3300,COMPLETED,SOBOL,0.55,0.0,0.0,4688,4410,1,0.025164571411907675
Completed,331,3310,COMPLETED,SOBOL,0.56,1.0,0.78,550,338,7,0.8372241113949567
Completed,332,3320,COMPLETED,SOBOL,0.55,0.0,0.0,739,3813,9,0.9633512038737535
Completed,333,3330,COMPLETED,SOBOL,0.55,0.0,0.0,3942,1011,4,0.15074343682266772
Completed,334,3340,COMPLETED,SOBOL,0.55,0.0,0.0,3026,3034,6,0.6628640975020826
Completed,335,3350,COMPLETED,SOBOL,0.55,0.0,0.0,2324,2106,3,0.47448601728491485
Completed,336,3360,COMPLETED,SOBOL,0.55,0.0,0.0,2409,2939,10,0.8095505071561784
Completed,337,3370,COMPLETED,SOBOL,0.55,0.0,0.0,2956,2012,3,0.1250962643586099
Completed,338,3380,COMPLETED,SOBOL,0.55,0.0,0.0,3837,4025,7,0.5642411389742047
Completed,339,3390,COMPLETED,SOBOL,0.55,0.0,0.0,791,1222,1,0.2535572019070387
Completed,340,3400,COMPLETED,SOBOL,0.55,0.0,0.0,347,4629,5,0.3774933175314218
Completed,341,3410,COMPLETED,SOBOL,0.55,2.0,0.84,4955,557,9,0.6876290461197495
Completed,342,3420,COMPLETED,SOBOL,0.55,0.0,0.0,3409,3527,3,0.24877159211598338
Completed,343,3430,COMPLETED,SOBOL,0.55,0.0,0.0,1302,1329,6,0.9336522432453931
Completed,344,3440,COMPLETED,SOBOL,0.55,0.0,0.0,1648,4358,2,0.6422745654433966
Completed,345,3450,COMPLETED,SOBOL,0.55,1.0,0.9400000000000001,3600,930,7,0.45633316109515726
Completed,346,3460,COMPLETED,SOBOL,0.55,0.0,0.0,4599,2645,5,0.9810169970355928
Completed,347,3470,COMPLETED,SOBOL,0.55,0.0,0.0,146,2342,8,0.17182050779275596
Completed,348,3480,COMPLETED,SOBOL,0.55,0.0,0.0,1226,3234,7,0.045995852280408145
Completed,349,3490,COMPLETED,SOBOL,0.55,0.0,0.0,4114,1663,1,0.8556187163945288
Completed,1900,19000,COMPLETED,SOBOL,0.55,0.0,0.0,868,3738,9,0.9953493741769344
Completed,1908,19080,COMPLETED,SOBOL,0.55,0.0,0.0,470,2826,4,0.4116776909828186
Completed,1916,19160,COMPLETED,SOBOL,0.55,0.0,0.0,1075,4254,6,0.009795156789943575
Completed,1917,19170,COMPLETED,SOBOL,0.55,1.0,0.81,4280,807,3,0.8233840357176959
Completed,1918,19180,COMPLETED,SOBOL,0.55,0.0,0.0,2661,2535,9,0.3649612791780382
Completed,1919,19190,COMPLETED,SOBOL,0.55,0.0,0.0,1956,2212,5,0.5543052355647087
Completed,1920,19200,COMPLETED,SOBOL,0.55,0.0,0.0,1992,4450,6,0.29115092639625073
Completed,1921,19210,COMPLETED,SOBOL,0.56,2.0,0.9400000000000001,2694,378,3,0.6047586915884167
Completed,1922,19220,COMPLETED,SOBOL,0.55,0.0,0.0,4273,3666,9,0.08458228087052704
Completed,1923,19230,COMPLETED,SOBOL,0.55,0.0,0.0,1072,1468,5,0.7719603517930955
Completed,1924,19240,COMPLETED,SOBOL,0.55,0.0,0.0,295,2995,2,0.896079457629472
Completed,1925,19250,COMPLETED,SOBOL,0.55,0.0,0.0,4435,2068,7,0.20827497837506234
Completed,1926,19260,COMPLETED,SOBOL,0.55,0.0,0.0,3441,3773,3,0.7281297048702836
Completed,1927,19270,COMPLETED,SOBOL,0.55,2.0,0.0,1801,970,10,0.41507014815695586
Completed,1928,19280,COMPLETED,SOBOL,0.55,0.0,0.0,1465,3335,4,0.13142835047654808
Completed,1929,19290,COMPLETED,SOBOL,0.55,0.0,0.0,3260,1763,10,0.943548667844385
Completed,1930,19300,COMPLETED,SOBOL,0.55,0.0,0.0,4801,4743,1,0.4938050594124943
Completed,1931,19310,COMPLETED,SOBOL,0.5700000000000001,3.0,0.99,505,44,8,0.6826702918857336
Completed,1932,19320,COMPLETED,SOBOL,0.55,0.0,0.0,627,4067,8,0.5565412958730012
Completed,1933,19330,COMPLETED,SOBOL,0.55,1.0,0.96,3986,640,5,0.3682242904677987
Completed,1934,19340,COMPLETED,SOBOL,0.55,0.0,0.0,3109,2663,7,0.8181677569504827
Completed,1935,19350,COMPLETED,SOBOL,0.55,0.0,0.0,2250,2359,2,0.005621064711362123
Completed,1936,19360,COMPLETED,SOBOL,0.55,0.0,0.0,2473,2607,9,0.7153387171216309
Completed,1937,19370,COMPLETED,SOBOL,0.55,0.0,0.0,2863,2305,4,0.40471582884155216
Completed,1938,19380,COMPLETED,SOBOL,0.55,0.0,0.0,3783,4318,8,0.905946230597794
Completed,1939,19390,COMPLETED,SOBOL,0.55,1.0,0.45,893,890,1,0.22155303658731282
Completed,1940,19400,COMPLETED,SOBOL,0.55,0.0,0.0,401,5000,5,0.09761882449686528
Completed,1941,19410,COMPLETED,SOBOL,0.5700000000000001,2.0,0.91,4852,303,9,0.7825602269861848
Completed,1942,19420,COMPLETED,SOBOL,0.55,0.0,0.0,3346,3273,2,0.28103859755024313
Completed,1943,19430,COMPLETED,SOBOL,0.55,0.0,0.0,1394,1700,6,0.5912350774984807
Completed,1944,19440,COMPLETED,SOBOL,0.55,0.0,0.0,1594,3986,3,0.8592221823502332
Completed,1945,19450,COMPLETED,SOBOL,0.55,0.0,0.0,3703,1185,6,0.05008647049218416
Completed,1946,19460,COMPLETED,SOBOL,0.55,0.0,0.0,4662,2899,5,0.5125629531200975
Completed,1947,19470,COMPLETED,SOBOL,0.55,0.0,0.0,53,1971,9,0.326682326156646
Completed,1948,19480,COMPLETED,SOBOL,0.55,0.0,0.0,1162,3566,7,0.4525050781350583
Completed,1949,19490,COMPLETED,SOBOL,0.55,0.0,0.0,4208,1370,1,0.6379593302272261
Completed,1950,19500,COMPLETED,SOBOL,0.55,0.0,0.0,2584,4667,10,0.1756522491071373
Completed,1951,19510,COMPLETED,SOBOL,0.55,0.0,0.89,2039,594,3,0.9853361880332232
Completed,1952,19520,COMPLETED,SOBOL,0.55,1.0,0.0,2125,3698,1,0.571726097445935
Completed,1953,19530,COMPLETED,SOBOL,0.55,0.0,0.0,2517,1519,7,0.2615294743608683
Completed,1954,19540,COMPLETED,SOBOL,0.55,0.0,0.0,4141,4477,4,0.8020660747587681
Completed,1955,19550,COMPLETED,SOBOL,0.56,2.0,0.88,1248,425,10,0.11712453656829894
Completed,1956,19560,COMPLETED,SOBOL,0.55,0.0,0.0,121,3903,7,0.24102828653901814
Completed,1957,19570,COMPLETED,SOBOL,0.55,0.0,0.0,4575,1080,2,0.9254216274041682
Completed,1958,19580,COMPLETED,SOBOL,0.55,0.0,0.0,3616,3120,8,0.38523716405406594
Completed,1959,19590,COMPLETED,SOBOL,0.55,0.0,0.0,1662,2173,5,0.6958601917531342
Completed,1960,19600,COMPLETED,SOBOL,0.55,0.0,0.0,1324,4769,9,0.9736543406192213
Completed,1961,19610,COMPLETED,SOBOL,0.58,4.0,0.96,3436,91,5,0.16397053739428522
Completed,1962,19620,COMPLETED,SOBOL,0.55,0.0,0.0,4941,3366,6,0.6496376475524157
Completed,1963,19630,COMPLETED,SOBOL,0.55,0.0,0.0,330,1814,3,0.4641835385970771
Completed,1964,19640,COMPLETED,SOBOL,0.55,0.0,0.0,804,2787,3,0.33839124130271375
Completed,1965,19650,COMPLETED,SOBOL,0.55,0.0,0.0,3852,2464,10,0.5242717288471759
Completed,1966,19660,COMPLETED,SOBOL,0.55,0.0,0.0,2932,4196,2,0.03837430781312287
Completed,1967,19670,COMPLETED,SOBOL,0.55,1.0,0.75,2384,749,7,0.847509872816503
Completed,1968,19680,COMPLETED,SOBOL,0.55,0.0,0.0,2338,4296,4,0.4345760033652186
Completed,1969,19690,COMPLETED,SOBOL,0.55,1.0,0.85,3042,848,9,0.7476354095060378
Completed,1970,19700,COMPLETED,SOBOL,0.55,0.0,0.0,3918,2570,3,0.1887660057581961
Completed,1971,19710,COMPLETED,SOBOL,0.55,0.0,0.0,714,2249,6,0.8765703270044177
Completed,1972,19720,COMPLETED,SOBOL,0.55,0.0,0.0,572,3153,10,0.7524816795699298
Completed,1973,19730,COMPLETED,SOBOL,0.55,0.0,0.0,4715,1600,4,0.06510376293770968
Completed,1974,19740,COMPLETED,SOBOL,0.55,0.0,0.0,3174,4865,7,0.6242339341044426
Completed,1975,19750,COMPLETED,SOBOL,0.58,3.0,0.9400000000000001,1532,188,1,0.31062633063830436
Completed,1976,19760,COMPLETED,SOBOL,0.55,0.0,0.0,1733,2863,8,0.0172993746008724
Completed,1977,19770,COMPLETED,SOBOL,0.55,0.0,0.0,3530,1915,1,0.829846224848181
Completed,1978,19780,COMPLETED,SOBOL,0.55,0.0,0.0,4524,3964,10,0.35654243561811744
Completed,1979,19790,COMPLETED,SOBOL,0.55,0.0,0.0,226,1143,4,0.5448595915958285
Completed,1980,19800,COMPLETED,SOBOL,0.55,0.0,0.0,982,4533,2,0.6709581366423517
Completed,1981,19810,COMPLETED,SOBOL,0.55,2.0,0.96,4343,480,6,0.4820927424430847
Completed,1982,19820,COMPLETED,SOBOL,0.55,0.0,0.0,2764,3447,5,0.9552575904261321
Completed,1983,19830,COMPLETED,SOBOL,0.55,0.0,0.0,1903,1270,8,0.14313711876794696
Completed,1984,19840,COMPLETED,SOBOL,0.55,0.0,0.0,1918,3052,5,0.8389758645240217
Completed,1985,19850,COMPLETED,SOBOL,0.55,0.0,0.0,2778,2124,8,0.02539457556605339
Completed,1986,19860,COMPLETED,SOBOL,0.55,0.0,0.0,4318,3834,2,0.5387171785067767
Completed,1987,19870,COMPLETED,SOBOL,0.55,0.0,0.0,959,1031,7,0.3493655838184059
Completed,1988,19880,COMPLETED,SOBOL,0.55,0.0,0.0,173,4506,10,0.4728279685880989
Completed,1989,19890,COMPLETED,SOBOL,0.56,2.0,0.87,4469,435,4,0.6626059418655932
Completed,1990,19900,COMPLETED,SOBOL,0.55,0.0,0.0,3592,3727,8,0.14954413980431855
Completed,1991,19910,COMPLETED,SOBOL,0.55,0.0,0.0,1797,1529,1,0.962577190540731
Completed,1992,19920,COMPLETED,SOBOL,0.55,0.0,0.0,1509,4167,7,0.741371302228421
Completed,1993,19930,COMPLETED,SOBOL,0.55,1.0,0.74,3148,740,2,0.42727719341032205
Completed,1994,19940,COMPLETED,SOBOL,0.55,0.0,0.0,4728,2758,10,0.8858219248354435
Completed,1995,19950,COMPLETED,SOBOL,0.55,0.0,0.0,588,2455,3,0.19698290091194212
Completed,1996,19960,COMPLETED,SOBOL,0.55,0.0,0.0,779,3435,2,0.07163244470208883
Completed,1997,19970,COMPLETED,SOBOL,0.55,0.0,0.0,3980,1863,6,0.7599232713002712
Completed,1998,19980,COMPLETED,SOBOL,0.55,0.0,0.0,2987,4838,5,0.30123956516757605
Completed,1999,19990,COMPLETED,SOBOL,0.5700000000000001,2.0,0.98,2285,140,9,0.6157600785996765
Completed,2000,20000,COMPLETED,SOBOL,0.55,0.0,0.0,2371,4895,1,0.17110622527264058
Completed,2001,20010,COMPLETED,SOBOL,0.5700000000000001,2.0,0.99,2916,198,7,0.9797536862529814
Completed,2002,20020,COMPLETED,SOBOL,0.55,0.0,0.0,3875,3182,3,0.4561385433394462
Completed,2003,20030,COMPLETED,SOBOL,0.55,0.0,0.0,830,1610,10,0.6405563100501895
Completed,2004,20040,COMPLETED,SOBOL,0.55,0.0,0.0,385,2502,6,0.5169095371607692
Completed,2005,20050,COMPLETED,SOBOL,0.55,0.0,0.0,4994,2200,3,0.33194353222846984
Completed,2006,20060,COMPLETED,SOBOL,0.55,0.0,0.0,3371,4228,9,0.85591084565036
Completed,2007,20070,COMPLETED,SOBOL,0.55,6.0,0.63,1262,799,4,0.04768976325914264
Completed,2008,20080,COMPLETED,SOBOL,0.55,0.0,0.0,1687,3515,9,0.2533627849146724
Completed,2009,20090,COMPLETED,SOBOL,0.55,0.0,0.0,3639,1318,5,0.5625228017885238
Completed,2010,20100,COMPLETED,SOBOL,0.55,0.0,0.0,4559,4601,6,0.12438218260183931
Completed,2011,20110,COMPLETED,SOBOL,0.55,0.0,0.11,108,528,2,0.8082871145810931
Completed,2012,20120,COMPLETED,SOBOL,0.55,0.0,0.0,1186,3935,4,0.9339442609660328
Completed,2013,20130,COMPLETED,SOBOL,0.55,0.0,0.0,4076,1133,9,0.25046573360078034
Completed,2014,20140,COMPLETED,SOBOL,0.55,0.0,0.0,2570,2833,1,0.6883760084509849
Completed,2015,20150,COMPLETED,SOBOL,0.55,0.0,0.0,2180,1905,8,0.37866779425181446
Completed,2016,20160,COMPLETED,SOBOL,0.55,0.0,0.0,2091,3803,10,0.05936781289987266
Completed,2017,20170,COMPLETED,SOBOL,0.55,1.0,0.98,2639,980,3,0.8675887410007417
Completed,2018,20180,COMPLETED,SOBOL,0.55,0.0,0.0,4145,3025,7,0.32026141713000833
Completed,2019,20190,COMPLETED,SOBOL,0.55,0.0,0.0,1098,2078,1,0.5052272603362798
Completed,2020,20200,COMPLETED,SOBOL,0.55,0.0,0.0,38,3598,5,0.6288435822594911
Completed,2021,20210,COMPLETED,SOBOL,0.55,0.0,0.0,4649,1419,9,0.44442596612125634
Completed,2022,20220,COMPLETED,SOBOL,0.55,0.0,0.0,3728,4382,3,0.991462036287412
Completed,2023,20230,COMPLETED,SOBOL,0.56,2.0,0.99,1617,330,6,0.18281473331525921
Completed,2024,20240,COMPLETED,SOBOL,0.55,0.0,0.0,1329,2731,2,0.3981729579418898
Completed,2025,20250,COMPLETED,SOBOL,0.55,0.0,0.0,3283,2408,7,0.707881333867088
Completed,2026,20260,COMPLETED,SOBOL,0.55,0.0,0.0,4907,4135,5,0.2309560694657266
Completed,2027,20270,COMPLETED,SOBOL,0.55,1.0,0.23,453,688,8,0.9144347511213273
Completed,2028,20280,COMPLETED,SOBOL,0.55,0.0,0.0,916,4713,7,0.7888080631382763
Completed,2029,20290,COMPLETED,SOBOL,0.56,10.0,1.0,3809,35,1,0.10490297315083444
Completed,2030,20300,COMPLETED,SOBOL,0.55,0.0,0.0,2849,3305,10,0.5819976650848985
Completed,2031,20310,COMPLETED,SOBOL,0.55,0.0,0.0,2457,1753,4,0.2728374976385385
Completed,2032,20320,COMPLETED,SOBOL,0.55,0.0,0.0,2195,3204,6,0.95089506800659
Completed,2033,20330,COMPLETED,SOBOL,0.55,0.0,0.0,3057,1651,2,0.13786187041550874
Completed,2034,20340,COMPLETED,SOBOL,0.55,0.0,0.0,4050,4931,8,0.6742839840706438
Completed,2035,20350,COMPLETED,SOBOL,0.56,1.0,0.89,689,254,5,0.48450587137416007
Completed,2036,20360,COMPLETED,SOBOL,0.55,0.0,0.0,519,4347,1,0.36107394128851594
Completed,2037,20370,COMPLETED,SOBOL,0.55,1.0,0.9,4817,899,8,0.5504256791137159
Completed,2038,20380,COMPLETED,SOBOL,0.55,0.0,0.0,3237,2636,4,0.013681855211034419
Completed,2039,20390,COMPLETED,SOBOL,0.55,0.0,0.0,1439,2315,9,0.8272632798701525
Completed,2040,20400,COMPLETED,SOBOL,0.55,0.0,0.0,1864,4638,4,0.5962504219003022
Completed,2041,20410,COMPLETED,SOBOL,0.55,1.0,0.88,3506,585,10,0.2817300478871912
Completed,2042,20420,COMPLETED,SOBOL,0.55,0.0,0.0,4383,3537,1,0.7794284424260258
Completed,2043,20430,COMPLETED,SOBOL,0.55,0.0,0.0,240,1360,7,0.0911377626825124
Completed,2044,20440,COMPLETED,SOBOL,0.55,0.0,0.0,1047,2968,9,0.21645775677263737
Completed,2045,20450,COMPLETED,SOBOL,0.55,0.0,0.0,4250,2020,4,0.9052966449949891
Completed,2046,20460,COMPLETED,SOBOL,0.55,0.0,0.0,2710,4055,6,0.4077981345318258
Completed,2047,20470,COMPLETED,SOBOL,0.55,0.0,0.0,2006,1233,3,0.7218921002130956
Completed,2048,20480,COMPLETED,SOBOL,0.55,0.0,0.0,2007,3223,5,0.06602180724032224
Completed,2049,20490,COMPLETED,SOBOL,0.55,0.0,0.0,2709,1650,8,0.7499800734892488
Completed,2100,21000,COMPLETED,SOBOL,0.55,0.0,0.0,2201,3035,7,0.44758318907022476
Completed,2101,21010,COMPLETED,SOBOL,0.55,1.0,0.9,4035,904,4,0.6760156813133508
Completed,2102,21020,COMPLETED,SOBOL,0.55,0.0,0.0,3615,4285,9,0.08051763455756009
Completed,2103,21030,COMPLETED,SOBOL,0.55,0.0,0.0,141,2153,3,0.7955217613372951
Completed,2104,21040,COMPLETED,SOBOL,0.55,0.0,0.0,839,4810,5,0.9702371709644795
Completed,2105,21050,COMPLETED,SOBOL,0.55,0.0,0.0,2907,1316,6,0.15384131654351949
Completed,2106,21060,COMPLETED,SOBOL,0.55,0.0,0.0,4440,3560,1,0.6187712118253111
Completed,2107,21070,COMPLETED,SOBOL,0.56,6.0,0.99,1825,66,10,0.25776327577233316
Completed,2108,21080,COMPLETED,SOBOL,0.55,0.0,0.0,1320,3940,2,0.188712822990492
Completed,2109,21090,COMPLETED,SOBOL,0.55,0.0,0.0,4956,2439,9,0.9348746773097664
Completed,2110,21100,COMPLETED,SOBOL,0.55,0.0,0.0,2700,2690,5,0.33941422534920274
Completed,2111,21110,COMPLETED,SOBOL,0.55,0.0,0.0,1017,1189,6,0.536629037098959
Completed,2112,21120,COMPLETED,SOBOL,0.55,0.0,0.0,505,3220,9,0.726905784599483
Completed,2113,21130,COMPLETED,SOBOL,0.56,1.0,0.87,3281,347,2,0.3971764504909515
Completed,2114,21140,COMPLETED,SOBOL,0.55,0.0,0.0,4071,4470,8,0.8620078378915786
Completed,2115,21150,COMPLETED,SOBOL,0.55,0.0,0.0,2155,1596,3,0.01451516901701689
Completed,2116,21160,COMPLETED,SOBOL,0.55,0.0,0.0,1912,4669,10,0.5797628279458732
Completed,2117,21170,COMPLETED,SOBOL,0.55,0.0,0.0,4374,1767,1,0.2967688210811466
Completed,2118,21180,COMPLETED,SOBOL,0.55,0.0,0.0,3289,3420,6,0.9468215555753559
Completed,2119,21190,COMPLETED,SOBOL,0.55,1.0,0.44,437,517,5,0.1772521898280829
Completed,2120,21200,COMPLETED,SOBOL,0.55,0.0,0.0,1163,2548,2,0.11952320775017142
Completed,2121,21210,COMPLETED,SOBOL,0.55,0.0,0.0,2612,1076,9,0.7565133458562195
Completed,2122,21220,COMPLETED,SOBOL,0.55,0.0,0.0,4731,3798,4,0.4709940223880112
Completed,2123,21230,COMPLETED,SOBOL,0.55,0.0,0.0,1485,2325,8,0.6526000938080251
Completed,2124,21240,COMPLETED,SOBOL,0.55,0.0,0.0,1620,3710,4,0.8386574482824654
Completed,2125,21250,COMPLETED,SOBOL,0.57,3.0,0.92,4626,167,7,0.03787033419124782
Completed,2126,21260,COMPLETED,SOBOL,0.55,0.0,0.0,3035,4959,3,0.6879606634806842
Completed,2127,21270,COMPLETED,SOBOL,0.55,0.0,0.0,731,1417,8,0.43612444364093245
Completed,2128,21280,COMPLETED,SOBOL,0.55,0.0,0.0,171,4073,7,0.3627694184072316
Completed,2129,21290,COMPLETED,SOBOL,0.55,0.0,0.0,3565,1990,5,0.5132786158882081
Completed,2130,21300,COMPLETED,SOBOL,0.55,0.0,0.0,3771,2823,10,0.2276607845388353
Completed,2131,21310,COMPLETED,SOBOL,0.55,1.0,0.74,2485,741,1,0.8959295840747654
Completed,2132,21320,COMPLETED,SOBOL,0.55,0.0,0.0,2380,4363,5,0.6342323790136725
Completed,2133,21330,COMPLETED,SOBOL,0.55,0.0,0.0,3905,2071,6,0.4913080430049449
Completed,2134,21340,COMPLETED,SOBOL,0.55,0.0,0.0,3446,3114,2,0.7671489671487361
Completed,2135,21350,COMPLETED,SOBOL,0.55,5.0,0.14,280,821,9,0.10694901745952666
Completed,2136,21360,COMPLETED,SOBOL,0.55,0.0,0.0,695,3477,8,0.1588331298083067
Completed,2137,21370,COMPLETED,SOBOL,0.57,2.0,0.94,3081,145,3,0.9672022649422288
Completed,2138,21380,COMPLETED,SOBOL,0.55,0.0,0.0,4574,4727,9,0.30733383873850106
Completed,2139,21390,COMPLETED,SOBOL,0.55,0.0,0.0,1642,1395,2,0.5672436523884535
Completed,2140,21400,COMPLETED,SOBOL,0.55,0.0,0.0,1464,2765,8,0.877262947531417
Completed,2141,21410,COMPLETED,SOBOL,0.55,0.0,0.0,4782,1112,2,0.248281222069636
Completed,2142,21420,COMPLETED,SOBOL,0.55,0.0,0.0,2565,4015,7,0.5240835996512324
Completed,2143,21430,COMPLETED,SOBOL,0.55,0.0,0.0,1200,2362,4,0.35000290426798164
Completed,2144,21440,COMPLETED,SOBOL,0.55,0.0,0.0,326,4393,1,0.41750938654690983
Completed,2145,21450,COMPLETED,SOBOL,0.55,0.0,0.0,3410,1671,10,0.7085146464854479
Completed,2146,21460,COMPLETED,SOBOL,0.55,0.0,0.0,4240,3144,5,0.04874567992985249
Completed,2147,21470,COMPLETED,SOBOL,0.55,0.0,0.84,2016,422,6,0.8258356777504087
Completed,2148,21480,COMPLETED,SOBOL,0.55,0.0,0.0,2046,3345,3,0.26838632333092394
Completed,2149,21490,COMPLETED,SOBOL,0.55,2.0,0.89,4190,593,8,0.6061882994826883
Completed,2150,21500,COMPLETED,SOBOL,0.55,0.0,0.0,3146,4594,4,0.13547844237647952
Completed,2151,21510,COMPLETED,SOBOL,0.55,0.0,0.0,610,1843,7,0.9905521805267781
Completed,2152,21520,COMPLETED,SOBOL,0.55,0.0,0.0,995,3874,10,0.8060935826413334
Completed,2153,21530,COMPLETED,SOBOL,0.55,0.0,0.0,2751,2250,1,0.06800152993574739
Completed,2154,21540,COMPLETED,SOBOL,0.55,0.0,0.0,4910,2624,6,0.6575823224820196
Completed,2155,21550,COMPLETED,SOBOL,0.55,0.0,0.0,1356,1001,4,0.46795332397148015
Completed,2156,21560,COMPLETED,SOBOL,0.55,0.0,0.0,1788,4880,6,0.025334332620725035
Completed,2157,21570,COMPLETED,SOBOL,0.55,0.0,0.0,4487,1499,5,0.8492517708819359
Completed,2158,21580,COMPLETED,SOBOL,0.55,0.0,0.0,2856,3631,10,0.37850336721353234
Completed,2159,21590,COMPLETED,SOBOL,0.56,2.0,1.0,860,249,1,0.7475235081072896
Completed,2160,21600,COMPLETED,SOBOL,0.55,0.0,0.0,37,2906,3,0.547499661181122
Completed,2161,21610,COMPLETED,SOBOL,0.55,2.0,0.66,3749,662,8,0.3265915848426521
Completed,2162,21620,COMPLETED,SOBOL,0.55,0.0,0.0,3915,4155,2,0.9162718370370567
Completed,2163,21630,COMPLETED,SOBOL,0.55,0.0,0.0,2312,1912,9,0.2092751711346209
Completed,2164,21640,COMPLETED,SOBOL,0.55,0.0,0.0,2281,4716,2,0.8526773447133601
Completed,2165,21650,COMPLETED,SOBOL,0.55,0.0,0.0,3965,1330,9,0.023857146602123975
Completed,2166,21660,COMPLETED,SOBOL,0.55,0.0,0.0,3701,3466,3,0.7363310417942702
Completed,2167,21670,COMPLETED,SOBOL,0.56,1.0,0.78,65,80,8,0.38774744943156836
Completed,2168,21680,COMPLETED,SOBOL,0.55,0.0,0.0,911,3049,10,0.31442376372776926
Completed,2169,21690,COMPLETED,SOBOL,0.55,1.0,0.81,2826,810,2,0.5616156284492463
Completed,2170,21700,COMPLETED,SOBOL,0.55,0.0,0.0,4515,4299,6,0.2136770478170365
Completed,2171,21710,COMPLETED,SOBOL,0.55,0.0,0.0,1741,2060,5,0.9099218104835599
Completed,2172,21720,COMPLETED,SOBOL,0.55,0.0,0.0,1406,3196,6,0.5969139707796276
Completed,2173,21730,COMPLETED,SOBOL,0.55,2.0,0.9,4879,450,5,0.27960903984680774
Completed,2174,21740,COMPLETED,SOBOL,0.55,0.0,0.0,2779,4446,10,0.9919996554292738
Completed,2175,21750,COMPLETED,SOBOL,0.55,0.0,0.0,947,1699,1,0.13208258337900042
Completed,2176,21760,COMPLETED,SOBOL,0.55,0.0,0.0,580,4043,4,0.07432035451941192
Completed,2177,21770,COMPLETED,SOBOL,0.55,0.0,0.0,3196,2415,7,0.8017229042109102
Completed,2178,21780,COMPLETED,SOBOL,0.55,0.0,0.0,4143,2793,3,0.4538066901024431
Completed,2179,21790,COMPLETED,SOBOL,0.55,0.0,0.0,2074,1165,9,0.6697808064799756
Completed,2180,21800,COMPLETED,SOBOL,0.55,1.0,0.0,1987,2601,4,0.23708788949996232
Completed,2181,21810,COMPLETED,SOBOL,0.55,1.0,0.94,4289,943,7,0.8865062229782343
Completed,2182,21820,COMPLETED,SOBOL,0.55,0.0,0.0,3361,3851,1,0.3534293369203806
Completed,2183,21830,COMPLETED,SOBOL,0.55,0.0,0.0,355,2193,10,0.5226072129681707
Completed,2184,21840,COMPLETED,SOBOL,0.55,0.0,0.0,1250,4537,7,0.7129154264051467
Completed,2185,21850,COMPLETED,SOBOL,0.55,0.0,0.0,2536,1820,4,0.4111583227161318
Completed,2186,21860,COMPLETED,SOBOL,0.55,0.0,0.0,4811,3287,8,0.813668960833922
Completed,2187,21870,COMPLETED,SOBOL,0.55,1.0,0.85,1415,570,3,0.06286269191093742
Completed,2188,21880,COMPLETED,SOBOL,0.55,0.0,0.0,1691,4215,9,0.4927546516507864
Completed,2189,21890,COMPLETED,SOBOL,0.55,0.0,0.0,4545,1927,2,0.6308357132449746
Completed,2190,21900,COMPLETED,SOBOL,0.55,0.0,0.0,3110,2965,8,0.09767554757744074
Completed,2191,21910,COMPLETED,SOBOL,0.55,1.0,0.32,646,678,4,0.7783724830001593
Completed,2192,21920,COMPLETED,SOBOL,0.55,0.0,0.0,251,3647,1,0.953054534310475
Completed,2193,21930,COMPLETED,SOBOL,0.57,2.0,0.93,3495,309,10,0.17103057652898132
Completed,2194,21940,COMPLETED,SOBOL,0.55,0.0,0.0,3857,4896,5,0.5735635811705142
Completed,2195,21950,COMPLETED,SOBOL,0.55,0.0,0.0,2409,1559,6,0.30296420502103866
Completed,2196,21960,COMPLETED,SOBOL,0.55,0.0,0.0,2455,3542,10,0.0422402095682919
Completed,2197,21970,COMPLETED,SOBOL,0.58,46.0,1.0,3821,4,1,0.8323372852765024
Completed,2198,21980,COMPLETED,SOBOL,0.55,0.0,0.0,3518,4791,6,0.4239267626963556
Completed,2199,21990,COMPLETED,SOBOL,0.55,0.0,0.0,199,1254,5,0.7021086357720197
Completed,2200,22000,COMPLETED,SOBOL,0.55,0.0,0.0,781,4222,3,0.5020553342606873
Completed,2201,22010,COMPLETED,SOBOL,0.55,0.0,0.0,3004,2135,8,0.37204264662973585
Completed,2202,22020,COMPLETED,SOBOL,0.55,0.0,0.0,4654,2973,4,0.8993260081838816
Completed,2203,22030,COMPLETED,SOBOL,0.55,4.0,0.0,1572,885,7,0.22621441011689603
Completed,2204,22040,COMPLETED,SOBOL,0.55,0.0,0.0,1536,4525,3,0.28265205075964334
Completed,2205,22050,COMPLETED,SOBOL,0.55,0.0,0.0,4701,1617,8,0.5919293106384576
Completed,2206,22060,COMPLETED,SOBOL,0.55,0.0,0.0,2640,3275,2,0.1836030194349587
Completed,2207,22070,COMPLETED,SOBOL,0.56,1.0,0.92,1116,367,9,0.9424210173152388
Completed,2208,22080,COMPLETED,SOBOL,0.55,0.0,0.0,406,2711,6,0.7579899667631834
Completed,2209,22090,COMPLETED,SOBOL,0.55,0.0,0.0,3340,1244,5,0.11609653343819082
Completed,2210,22100,COMPLETED,SOBOL,0.55,0.0,0.0,4326,3960,9,0.6433565767016262
Completed,2211,22110,COMPLETED,SOBOL,0.55,0.0,0.0,1940,2493,1,0.4821875891815871
Completed,2212,22120,COMPLETED,SOBOL,0.55,0.0,0.0,2126,3772,7,0.9226759516522288
Completed,2213,22130,COMPLETED,SOBOL,0.55,0.0,0.0,4120,2275,3,0.20285969108343124
Completed,2214,22140,COMPLETED,SOBOL,0.55,0.0,0.0,3232,2522,9,0.5409999497532845
Completed,2215,22150,COMPLETED,SOBOL,0.55,0.0,0.0,534,1026,2,0.33309515910595655
Completed,2216,22160,COMPLETED,SOBOL,0.55,1.0,0.0,1066,3370,5,0.40057207526452837
Completed,2217,22170,COMPLETED,SOBOL,0.55,1.0,0.98,2670,491,6,0.7254585513565689
Completed,2218,22180,COMPLETED,SOBOL,0.55,0.0,0.0,4985,4619,1,0.0032926941607147454
Completed,2219,22190,COMPLETED,SOBOL,0.55,0.0,0.0,1271,1741,10,0.8712819323707371
Completed,2220,22200,COMPLETED,SOBOL,0.55,0.0,0.0,1875,2890,1,0.6823654662072659
Completed,2221,22210,COMPLETED,SOBOL,0.55,1.0,0.76,4411,754,10,0.443181538246572
Completed,2222,22220,COMPLETED,SOBOL,0.55,0.0,0.0,2936,4140,4,0.7814060282930732
Completed,2223,22230,COMPLETED,SOBOL,0.55,0.0,0.0,790,2004,7,0.09268521401286126
Completed,2224,22240,COMPLETED,SOBOL,0.55,0.0,0.0,112,4973,8,0.14459700010158122
Completed,2225,22250,COMPLETED,SOBOL,0.55,0.0,0.0,3664,1484,3,0.9814298789370804
Completed,2226,22260,COMPLETED,SOBOL,0.55,0.0,0.0,3986,3723,7,0.25924070345051586
Completed,2227,22270,COMPLETED,SOBOL,0.55,1.0,0.94,2230,234,4,0.6153454037699848
Completed,2228,22280,COMPLETED,SOBOL,0.55,0.0,0.0,2257,3997,8,0.3407037301715463
Completed,2229,22290,COMPLETED,SOBOL,0.55,0.0,0.0,4018,2383,3,0.5332722312193364
Completed,2230,22300,COMPLETED,SOBOL,0.55,0.0,0.0,3637,2747,7,0.19511733913235366
Completed,2231,22310,COMPLETED,SOBOL,0.55,0.0,0.0,80,1133,4,0.9303012976106256
Completed,2232,22320,COMPLETED,SOBOL,0.55,0.0,0.0,817,3164,1,0.8633107380904257
Completed,2233,22330,COMPLETED,SOBOL,0.56,2.0,0.86,2968,403,10,0.011145094167441128
Completed,2234,22340,COMPLETED,SOBOL,0.55,0.0,0.0,4384,4414,4,0.7333274883143603
Completed,2235,22350,COMPLETED,SOBOL,0.55,0.0,0.0,1843,1653,7,0.39258600962534546
Completed,2236,22360,COMPLETED,SOBOL,0.55,0.0,0.0,1264,3095,5,0.0849385196249932
Completed,2237,22370,COMPLETED,SOBOL,0.55,1.0,0.84,4972,842,6,0.7890260800477117
Completed,2238,22380,COMPLETED,SOBOL,0.55,0.0,0.0,2677,4346,1,0.4507879083510488
Completed,2239,22390,COMPLETED,SOBOL,0.55,0.0,0.0,1078,2092,10,0.674634594945237
Completed,2240,22400,COMPLETED,SOBOL,0.55,0.0,0.0,526,4748,8,0.623209165494889
Completed,2241,22410,COMPLETED,SOBOL,0.55,0.0,0.0,3220,1377,4,0.25125041434541345
Completed,2242,22420,COMPLETED,SOBOL,0.55,0.0,0.0,4128,3498,9,0.9734551750160754
Completed,2243,22430,COMPLETED,SOBOL,0.56,1.0,0.94,2138,126,2,0.15244684223458171
Completed,2244,22440,COMPLETED,SOBOL,0.55,0.0,0.0,1932,3610,6,0.6943633615989238
Completed,2245,22450,COMPLETED,SOBOL,0.57,2.0,0.93,4314,267,5,0.4315453942362219
Completed,2246,22460,COMPLETED,SOBOL,0.55,0.0,0.0,3347,4860,10,0.8399412833992392
Completed,2247,22470,COMPLETED,SOBOL,0.55,0.0,0.0,418,1518,2,0.03451171028800309
Completed,2248,22480,COMPLETED,SOBOL,0.55,0.0,0.0,1109,4174,3,0.23407675162702798
Completed,2249,22490,COMPLETED,SOBOL,0.55,0.0,0.0,2628,1891,8,0.8913371392935514
Completed,2250,22500,COMPLETED,SOBOL,0.55,0.0,0.0,4708,2924,2,0.3640703146904707
Completed,2251,22510,COMPLETED,SOBOL,0.55,1.0,0.96,1548,641,9,0.5099028044119477
Completed,2252,22520,COMPLETED,SOBOL,0.55,0.0,0.0,1599,4574,3,0.9500281681660563
Completed,2253,22530,COMPLETED,SOBOL,0.55,0.0,0.0,4686,1861,9,0.17587672111578287
Completed,2254,22540,COMPLETED,SOBOL,0.55,0.0,0.0,2977,3323,4,0.5841893306691199
Completed,2255,22550,COMPLETED,SOBOL,0.55,1.0,0.68,750,611,7,0.2902750247363001
Completed,2256,22560,COMPLETED,SOBOL,0.55,0.0,0.0,226,2642,10,0.4742178151160479
Completed,2257,22570,COMPLETED,SOBOL,0.55,1.0,0.98,3550,980,1,0.6512075564935803
Completed,2258,22580,COMPLETED,SOBOL,0.55,0.0,0.0,3794,3893,6,0.12396309841424227
Completed,2259,22590,COMPLETED,SOBOL,0.55,0.0,0.0,2423,2230,5,0.7500062731057405
Completed,2260,22600,COMPLETED,SOBOL,0.55,0.0,0.0,2402,2669,1,0.5302159624900669
Completed,2261,22610,COMPLETED,SOBOL,0.55,0.0,0.0,3845,1207,10,0.345701796842739
Completed,2262,22620,COMPLETED,SOBOL,0.55,0.0,0.0,3503,3920,5,0.8787638115417212
Completed,2263,22630,COMPLETED,SOBOL,0.55,0.0,0.0,263,2457,6,0.24471317597292364
Completed,2264,22640,COMPLETED,SOBOL,0.55,0.0,0.0,639,4488,9,0.054891319174319504
Completed,2265,22650,COMPLETED,SOBOL,0.55,1.0,0.0,3097,1576,2,0.8215211823843419
Completed,2266,22660,COMPLETED,SOBOL,0.55,0.0,0.0,4552,3238,7,0.41902731915935876
Completed,2267,22670,COMPLETED,SOBOL,0.57,2.0,0.97,1704,325,3,0.7049294202513993
Completed,2268,22680,COMPLETED,SOBOL,0.55,0.0,0.0,1442,4264,7,0.7706258480977267
Completed,2269,22690,COMPLETED,SOBOL,0.55,0.0,0.0,4843,2172,4,0.10529565881751478
Completed,2270,22700,COMPLETED,SOBOL,0.55,0.0,0.0,2509,3014,8,0.638441904893145
Completed,2271,22710,COMPLETED,SOBOL,0.55,1.0,0.61,1218,922,3,0.48502360193245114
Completed,2272,22720,COMPLETED,SOBOL,0.55,0.0,0.0,382,3578,4,0.31082790726050735
Completed,2273,22730,COMPLETED,SOBOL,0.57,7.0,0.99,3393,45,7,0.5655732325799763
Completed,2274,22740,COMPLETED,SOBOL,0.55,0.0,0.0,4262,4828,1,0.16305605106428267
Completed,2275,22750,COMPLETED,SOBOL,0.55,0.0,0.0,1955,1296,10,0.960904554899782
Completed,2276,22760,COMPLETED,SOBOL,0.55,0.0,0.0,2101,4941,4,0.38000223474390804
Completed,2277,22770,COMPLETED,SOBOL,0.55,0.0,0.0,4175,1438,7,0.7439497328195721
Completed,2278,22780,COMPLETED,SOBOL,0.55,0.0,0.0,3169,3691,2,0.03146096626855433
Completed,2279,22790,COMPLETED,SOBOL,0.56,1.0,0.94,548,188,8,0.8449486669767649
Completed,2280,22800,COMPLETED,SOBOL,0.55,0.0,0.0,974,2844,6,0.9177840925082564
Completed,2281,22810,COMPLETED,SOBOL,0.55,1.0,0.72,2811,722,5,0.20568811944127083
Completed,2282,22820,COMPLETED,SOBOL,0.55,0.0,0.0,4852,4094,10,0.5536434749662876
Completed,2283,22830,COMPLETED,SOBOL,0.55,0.0,0.0,1375,1973,1,0.3222714123353362
Completed,2284,22840,COMPLETED,SOBOL,0.55,0.0,0.0,1734,3401,9,0.13968991268612443
Completed,2285,22850,COMPLETED,SOBOL,0.55,1.0,0.81,4503,537,1,0.9842735355664045
Completed,2286,22860,COMPLETED,SOBOL,0.55,0.0,0.0,2833,4651,6,0.27186900039203465
Completed,2287,22870,COMPLETED,SOBOL,0.55,0.0,0.0,923,1787,5,0.6045368852708489
Completed,2288,22880,COMPLETED,SOBOL,0.55,0.0,0.0,57,3819,2,0.6618108539581299
Completed,2289,22890,COMPLETED,SOBOL,0.55,0.0,0.0,3689,2308,9,0.4616574914380908
Completed,2290,22900,COMPLETED,SOBOL,0.55,0.0,0.0,3972,2569,3,0.8095895286723971
Completed,2291,22910,COMPLETED,SOBOL,0.55,0.0,0.0,2293,1057,8,0.06633672034740448
Completed,2292,22920,COMPLETED,SOBOL,0.55,0.0,0.0,2344,3256,4,0.9984211174845695
Completed,2293,22930,COMPLETED,SOBOL,0.56,2.0,0.97,3941,387,8,0.12749237673729658
Completed,2294,22940,COMPLETED,SOBOL,0.55,0.0,0.0,3717,4507,2,0.5982171052023768
Completed,2295,22950,COMPLETED,SOBOL,0.55,0.0,0.0,10,1638,9,0.2762387233376503
Completed,2296,22960,COMPLETED,SOBOL,0.55,0.0,0.0,892,3982,6,0.46021097202040256
Completed,2297,22970,COMPLETED,SOBOL,0.55,0.0,0.0,2883,2475,5,0.6652076684404165
Completed,2298,22980,COMPLETED,SOBOL,0.55,0.0,0.0,4456,2731,10,0.07561010100133717
Completed,2299,22990,COMPLETED,SOBOL,0.55,0.0,0.0,1761,1225,1,0.7983658641073853
Completed,2300,23000,COMPLETED,SOBOL,0.55,0.0,0.0,1344,4773,10,0.7395488041862845
Completed,2301,23010,COMPLETED,SOBOL,0.55,0.0,0.0,4902,1275,1,0.38635320934653283
Completed,2302,23020,COMPLETED,SOBOL,0.55,0.0,0.0,2764,3523,7,0.8571155326068401
Completed,2303,23030,COMPLETED,SOBOL,0.56,9.0,1.0,1002,24,5,0.017344043515622617
Completed,2304,23040,COMPLETED,SOBOL,0.55,0.0,0.0,598,2993,3,0.21688154123909772
Completed,2305,23050,COMPLETED,SOBOL,0.55,1.0,0.87,3138,867,8,0.9085409657750279
Completed,2306,23060,COMPLETED,SOBOL,0.55,0.0,0.0,4202,4244,4,0.31884489045478404
Completed,2307,23070,COMPLETED,SOBOL,0.55,0.0,0.0,2053,2117,7,0.5551197129357606
Completed,2308,23080,COMPLETED,SOBOL,0.55,0.0,0.0,2004,4120,1,0.09897668552026152
Completed,2309,23090,COMPLETED,SOBOL,0.55,0.0,0.0,4233,2022,10,0.7749964372999966
Completed,2310,23100,COMPLETED,SOBOL,0.55,0.0,0.0,3422,2869,5,0.4991703845150769
Completed,2311,23110,COMPLETED,SOBOL,0.55,1.0,0.17,334,772,6,0.6262435101233422
Completed,2312,23120,COMPLETED,SOBOL,0.55,0.0,0.0,1188,3741,9,0.5748476505111902
Completed,2313,23130,COMPLETED,SOBOL,0.56,2.0,0.96,2558,213,3,0.29960533945821227
Completed,2314,23140,COMPLETED,SOBOL,0.55,0.0,0.0,4794,4991,7,0.9594569907691329
Completed,2315,23150,COMPLETED,SOBOL,0.55,0.0,0.0,1471,1463,4,0.16645176134817302
Completed,2316,23160,COMPLETED,SOBOL,0.55,0.0,0.0,1674,2501,8,0.3578694692440331
Completed,2317,23170,COMPLETED,SOBOL,0.55,0.0,0.0,4601,1044,3,0.5160999059937894
Completed,2318,23180,COMPLETED,SOBOL,0.55,0.0,0.0,3049,3752,9,0.24031144800409673
Completed,2319,23190,COMPLETED,SOBOL,0.55,0.0,0.0,668,2294,2,0.8851139273233711
Completed,2320,23200,COMPLETED,SOBOL,0.55,0.0,0.0,312,4638,5,0.818095697781071
Completed,2321,23210,COMPLETED,SOBOL,0.55,0.0,0.0,3473,1720,6,0.05636865390650928
Completed,2322,23220,COMPLETED,SOBOL,0.55,0.0,0.0,3874,3387,2,0.7161217973362655
Completed,2323,23230,COMPLETED,SOBOL,0.55,1.0,0.94,2353,470,9,0.40978308822773396
Completed,2324,23240,COMPLETED,SOBOL,0.55,0.0,0.0,2473,4425,6,0.18512118627130986
Completed,2325,23250,COMPLETED,SOBOL,0.55,0.0,0.0,3763,1718,4,0.9388355494216084
Completed,2326,23260,COMPLETED,SOBOL,0.55,0.0,0.0,3578,3175,10,0.2887974483445287
Completed,2327,23270,COMPLETED,SOBOL,0.55,1.0,0.27,178,468,1,0.5876150494962931
Completed,2328,23280,COMPLETED,SOBOL,0.55,0.0,0.0,719,2811,4,0.6448576823715121
Completed,2329,23290,COMPLETED,SOBOL,0.55,0.0,0.0,3028,1144,7,0.47861930886097254
Completed,2330,23300,COMPLETED,SOBOL,0.55,0.0,0.0,4639,4062,3,0.7641220953781158
Completed,2331,23310,COMPLETED,SOBOL,0.55,0.0,0.0,1627,2394,8,0.11179566767252981
Completed,2332,23320,COMPLETED,SOBOL,0.55,0.0,0.0,1517,3446,2,0.42814991817623377
Completed,2333,23330,COMPLETED,SOBOL,0.58,5.0,0.98,4758,98,9,0.6958106840699911
Completed,2334,23340,COMPLETED,SOBOL,0.55,0.0,0.0,2581,4696,3,0.04573403643071652
Completed,2335,23350,COMPLETED,SOBOL,0.55,0.0,0.0,1136,1349,7,0.8306670996919274
Completed,2336,23360,COMPLETED,SOBOL,0.55,0.0,0.0,469,4317,10,0.9035357757229358
Completed,2337,23370,COMPLETED,SOBOL,0.55,0.0,0.0,3316,2039,1,0.21992973482050002
Completed,2338,23380,COMPLETED,SOBOL,0.55,0.0,0.0,4342,3067,6,0.5055319809857756
Completed,2339,23390,COMPLETED,SOBOL,0.55,2.0,0.82,1885,789,5,0.3703895296473056
Completed,2340,23400,COMPLETED,SOBOL,0.55,0.0,0.0,2187,2947,9,0.7875496078543365
