Status,ACCURACY,RUNTIME,recent_samples_size,n_samples,n_windows,disjoint_training_windows
Completed,0.14,541,2826,2533,4425,False
Completed,0.06,600,246,1348,1211,True
Completed,0.05,626,2213,3889,2911,False
Completed,0.06,273,4639,45,1454,True
Completed,0.06,2194,4142,4748,316,True
Completed,0.23,852,1411,1061,4051,False
Completed,0.06,94,1053,3549,2025,True
Completed,0.19,503,3317,2207,3611,False
Completed,0.14,428,3440,4325,2334,False
Completed,0.06,340,863,473,3282,True
Completed,0.18,398,1601,3045,20,False
Completed,0.06,89,4019,1847,4366,True
Completed,0.06,91,4780,3435,2614,True
Completed,0.03,889,2042,2082,1771,False
Completed,0.06,98,418,4559,4733,True
Completed,0.24,536,2684,864,883,False
Completed,0.06,89,2503,4399,3233,True
Completed,0.19,713,549,712,2384,False
Completed,0.06,92,1911,3273,4121,True
Completed,0.26,457,4961,1931,264,False
Completed,0.2,441,3839,2883,1716,False
Completed,0.06,91,1734,1697,2670,True
Completed,0.09,402,731,4164,632,False
Completed,0.06,245,3620,321,4984,True
Completed,0.06,97,3137,3711,949,True
Completed,0.18,584,1186,2357,4687,False
Completed,0.06,90,1279,4908,1388,True
Completed,0.28,706,4322,1213,2978,False
Completed,0.17,512,4457,4049,3792,False
Completed,0.06,466,2344,198,574,True
Completed,0.06,217,3202,1,265,False
Completed,0.15,398,1726,4166,1,True
Completed,0.05,364,1,3022,3420,False
Completed,0.14,422,3871,5000,102,False
Completed,0.06,215,4555,1,635,False
Completed,0.22,463,5000,2591,2665,False
Completed,0.06,216,2275,1,103,False
Completed,0.22,430,3881,2380,163,False
Completed,0.06,97,1929,4140,5000,True
Completed,0.06,91,5000,3005,5000,True
Completed,0.15,379,5000,5000,1,False
Completed,0.06,213,5000,1,2953,False
Completed,0.06,236,1,1,3387,False
Completed,0.05,319,1,5000,3506,False
Completed,0.06,213,3783,1,466,False
Completed,0.08,425,2754,5000,1,False
Completed,0.05,323,1,3525,3443,False
Completed,0.18,412,3484,2705,1,True
Completed,0.41,1195,3413,401,1,False
Completed,0.21,418,5000,2700,1,True
Completed,0.06,221,5000,1,1954,False
Completed,0.05,384,1,2561,3399,False
Completed,0.06,91,1553,4227,3308,True
Completed,0.06,217,1002,1,3759,False
Completed,0.2,395,5000,3061,185,False
Completed,0.14,429,4446,5000,2822,False
Completed,0.06,218,4265,1,3120,False
Completed,0.06,92,5000,1101,5000,True
Completed,0.06,88,3965,2896,5000,True
Completed,0.16,391,3577,3554,1,False
Completed,0.16,1146,3418,444,4548,False
Completed,0.06,92,5000,5000,1944,True
Completed,0.37,865,3429,572,1,False
Completed,0.26,512,5000,1790,1,False
Completed,0.18,1226,3416,286,5000,False
Completed,0.17,1110,3412,406,2822,False
Completed,0.29,579,4054,1396,1,False
Completed,0.06,95,1,4996,1738,True
Completed,0.25,582,5000,1813,3831,False
Completed,0.24,913,4073,1410,5000,False
Completed,0.15,1133,3721,566,5000,False
Completed,0.17,392,3538,3292,1,False
Completed,0.47,2821,3443,244,1,False
Completed,0.06,92,1,4965,3672,True
Completed,0.3,516,3567,1192,1,False
Completed,0.06,5245,5000,5000,125,True
Completed,0.39,940,3436,508,1,False
Completed,0.28,473,5000,1610,1,False
Completed,0.15,1180,3513,513,3186,False
Completed,0.19,1982,3321,189,5000,False
Completed,0.17,1147,3441,370,5000,False
Completed,0.26,710,4037,1505,3883,False
Completed,0.22,438,5000,2460,1,True
Completed,0.06,92,5000,2535,4150,True
Completed,0.44,1623,3336,306,1,False
Completed,0.06,92,5000,2367,2961,True
Completed,0.17,1423,3949,337,3527,False
Completed,0.14,542,2386,1419,2776,False
Completed,0.27,563,5000,1646,2501,False
Completed,0.06,92,3663,4979,3885,True
Completed,0.2,2041,4852,243,1051,False
Completed,0.04,853,13,261,427,False
Completed,0.06,91,3639,2570,1390,True
Completed,0.2,1890,4066,252,575,False
Completed,0.06,2638,1465,2487,239,True
Completed,0.13,760,2294,232,1116,False
Completed,0.31,693,5000,1190,1405,False
Completed,0.06,95,5000,740,3275,True
Completed,0.06,89,1,2135,5000,True
Completed,0.36,916,5000,776,1,True
Completed,0.06,91,5000,4012,2972,True
Completed,0.43,2879,5000,266,126,False
Completed,0.05,302,1,2442,1,True
Completed,0.06,93,1,4001,778,True
Completed,0.44,1382,1044,272,1,False
Completed,0.05,377,1,4578,5000,False
Completed,0.07,562,2493,4626,5000,False
Completed,0.06,2081,922,2992,403,True
Completed,0.19,2224,5000,223,1494,False
Completed,0.26,891,2758,256,402,False
Completed,0.06,95,3003,4009,2114,True
Completed,0.06,94,5000,2588,1368,True
Completed,0.06,91,3234,2095,1577,True
Completed,0.06,93,1,2507,2974,True
Completed,0.06,5156,1,4319,84,True
Completed,0.06,1448,5000,1422,602,True
Completed,0.19,1979,4197,246,857,False
Completed,0.06,87,1,833,4713,True
Completed,0.04,675,1,224,1039,False
Completed,0.28,538,5000,1445,1090,False
Completed,0.06,91,4833,2852,2292,True
Completed,0.06,90,5000,1147,2302,True
Completed,0.06,92,5000,1279,3637,True
Completed,0.06,90,1,4593,2418,True
Completed,0.38,694,2970,468,1,True
Completed,0.06,88,1,2908,2159,True
Completed,0.06,502,1,477,2189,True
Completed,0.3,476,1003,848,1,True
Completed,0.06,92,1,1352,4125,True
Completed,0.06,97,5000,4547,2370,True
Completed,0.06,90,1,3592,5000,True
Completed,0.06,92,5000,5000,2844,True
Completed,0.06,1100,5000,743,378,True
Completed,0.14,449,5000,5000,1008,False
Completed,0.06,93,5000,2911,2660,True
Completed,0.06,91,5000,3881,4166,True
Completed,0.06,97,5000,1184,3032,True
Completed,0.06,495,1493,866,1783,True
Completed,0.06,92,1,1170,3537,True
Completed,0.44,2075,5000,374,1,True
Completed,0.06,90,5000,5000,5000,True
Completed,0.06,91,5000,1542,5000,True
Completed,0.26,834,5000,1174,3441,False
Completed,0.06,98,5000,3045,1931,True
Completed,0.06,93,1,4842,2650,True
Completed,0.06,90,5000,1356,1999,True
Completed,0.05,262,1,4472,1521,False
Completed,0.06,88,1,1484,5000,True
Completed,0.06,208,5000,1,4288,True
Completed,0.06,90,5000,1614,1926,True
Completed,0.34,764,5000,850,1,False
Completed,0.22,420,5000,2598,1,False
Completed,0.2,442,5000,2840,844,False
Completed,0.39,1255,5000,654,1,False
Completed,0.34,948,1907,860,1,False
Completed,0.18,581,5000,3421,923,False
Completed,0.34,946,5000,872,421,False
Completed,0.06,238,1,1,5000,True
Completed,0.17,494,5000,3855,5000,False
Completed,0.3,496,2880,785,1,False
Completed,0.14,419,5000,5000,2000,False
Completed,0.23,638,5000,2218,5000,False
Completed,0.32,711,5000,1046,585,False
Completed,0.15,424,5000,5000,4285,False
Completed,0.07,545,112,930,1,False
Completed,0.06,98,5000,4398,5000,True
Completed,0.23,447,5000,2298,1,False
Completed,0.17,374,5000,4284,1,False
Completed,0.06,89,1,2645,5000,True
Completed,0.21,429,5000,2628,496,False
Completed,0.15,648,5000,4507,3266,False
Completed,0.06,94,1,5000,5000,True
Completed,0.06,90,5000,2180,5000,True
Completed,0.18,500,5000,3291,4750,False
Completed,0.18,386,5000,3931,1161,False
Completed,0.06,249,1,1,4363,True
Completed,0.33,613,5000,1069,1,False
Completed,0.16,548,5000,4289,4009,False
Completed,0.15,530,5000,4410,1706,False
Completed,0.18,569,5000,3461,2284,False
Completed,0.41,1521,5000,542,1,False
Completed,0.18,772,5000,3317,3521,False
Completed,0.06,98,5000,3537,5000,True
Completed,0.06,93,5000,4026,1935,True
Completed,0.27,667,5000,1450,3206,False
Completed,0.14,488,5000,5000,5000,False
Completed,0.06,459,5000,392,2566,True
Completed,0.2,465,5000,2908,1,False
Completed,0.37,1306,4759,691,335,False
Completed,0.06,104,1,4051,1982,True
Completed,0.05,297,1,3415,373,False
Completed,0.36,870,4982,756,1,False
Completed,0.21,523,5000,2587,3871,False
Completed,0.06,90,1,3307,4223,True
Completed,0.3,707,5000,1142,2609,False
Completed,0.06,91,1,3331,2486,True
Completed,0.37,881,1727,625,1,True
Completed,0.19,627,5000,2986,5000,False
Completed,0.06,91,5000,3417,4597,True
Completed,0.06,91,1,2127,3917,True
Completed,0.18,488,5000,3646,1,False
Completed,0.39,1524,4172,551,1,True
Completed,0.06,303,1,5000,1924,False
Completed,0.19,522,5000,3126,1314,False
Completed,0.24,541,5000,2084,3804,False
Completed,0.3,658,5000,1291,1,False
Completed,0.05,899,1,787,3489,False
Completed,0.26,510,5000,1785,1194,False
Completed,0.06,643,5000,551,1534,True
Completed,0.06,90,5000,5000,4338,True
Completed,0.36,644,3323,693,1,False
Completed,0.06,96,1,4035,4602,True
Completed,0.27,508,5000,1627,672,False
Completed,0.16,379,5000,4403,771,False
Completed,0.24,431,5000,2025,1,False
Completed,0.06,90,5000,1793,3884,True
Completed,0.29,575,5000,1357,2022,False
Completed,0.39,1189,4169,544,1,False
Completed,0.17,497,5000,3578,4262,False
Completed,0.34,729,4908,953,1,False
Completed,0.06,99,5000,3654,2038,True
Completed,0.29,671,5000,1414,434,False
Completed,0.06,219,5000,1,5000,True
Completed,0.06,90,5000,3391,1656,True
Completed,0.15,587,5000,4353,4853,False
Completed,0.13,409,2779,2940,642,False
Completed,0.06,91,5000,679,4449,True
Completed,0.06,109,1,4480,4160,True
Completed,0.06,99,1,3007,3413,True
Completed,0.19,582,5000,3114,4057,False
Completed,0.06,91,2281,5000,2378,True
Completed,0.14,416,5000,5000,3387,False
Completed,0.24,606,5000,2185,3177,False
Completed,0.06,93,5000,3156,1346,True
Completed,0.06,98,1,2637,4396,True
Completed,0.06,92,5000,1451,4154,True
Completed,0.15,491,5000,4152,2871,False
Completed,0.06,244,5000,1,3420,True
Completed,0.09,755,299,1843,5000,False
Completed,0.06,96,5000,1835,2774,True
Completed,0.06,92,2223,1163,4363,True
Completed,0.24,454,5000,2057,559,False
Completed,0.2,520,5000,2942,2648,False
Completed,0.06,94,5000,2334,2055,True
Completed,0.06,98,2332,746,3699,True
Completed,0.06,99,2372,2719,3818,True
Completed,0.15,452,3006,2811,1,False
Completed,0.06,102,5000,4363,3939,True
Completed,0.06,94,1,5000,2427,True
Completed,0.06,91,4018,4275,1717,True
Completed,0.06,91,5000,4650,3389,True
Completed,0.22,420,5000,2629,1584,False
Completed,0.06,99,1,440,5000,True
Completed,0.37,942,3935,668,1,False
Completed,0.28,662,5000,1421,2684,False
Completed,0.06,92,2895,4657,5000,True
Completed,0.06,92,5000,2636,1683,True
Completed,0.06,87,1,3951,3532,True
Completed,0.2,410,5000,3063,590,False
Completed,0.21,529,5000,2602,5000,False
Completed,0.05,295,1,2870,1,False
Completed,0.06,89,5000,3914,5000,True
Completed,0.28,1009,5000,773,2713,False
Completed,0.05,358,1,3729,5000,False
Completed,0.06,92,1078,1897,4476,True
Completed,0.18,403,5000,3554,1725,False
Completed,0.06,91,5000,3304,3679,True
Completed,0.36,813,4396,770,372,False
Completed,0.06,88,2193,4414,1976,True
Completed,0.28,548,5000,1623,1822,False
Completed,0.06,675,5000,411,844,True
Completed,0.31,647,5000,1160,2197,False
Completed,0.25,1006,5000,1302,4271,False
Completed,0.31,780,5000,1163,1914,False
Completed,0.39,1315,4872,539,257,False
Completed,0.24,785,5000,1458,4180,False
Completed,0.14,410,5000,5000,2539,False
Completed,0.06,750,3272,564,970,True
Completed,0.3,919,5000,730,1262,False
Completed,0.14,422,5000,5000,467,False
Completed,0.25,832,5000,1232,3712,False
Completed,0.16,396,5000,4327,279,False
Completed,0.23,827,5000,1455,4797,False
Completed,0.14,440,5000,5000,4566,False
Completed,0.34,1069,5000,607,704,False
Completed,0.26,938,5000,1110,4340,False
Completed,0.28,773,5000,1220,3053,False
Completed,0.06,705,5000,406,767,True
Completed,0.31,720,5000,1098,2288,False
Completed,0.18,437,5000,3506,3043,False
Completed,0.06,675,5000,411,1042,True
Completed,0.29,927,5000,851,2124,False
Completed,0.16,1199,5000,609,4261,False
Completed,0.06,101,5000,4284,1524,True
Completed,0.26,784,5000,1365,3327,False
Completed,0.15,462,5000,4893,4431,False
Completed,0.06,90,3299,4361,1140,True
Completed,0.15,412,5000,4743,2681,False
Completed,0.14,390,5000,5000,1396,False
Completed,0.14,441,5000,5000,2460,False
Completed,0.15,531,5000,5000,3860,False
Completed,0.06,96,5000,3957,1240,True
Completed,0.06,101,5000,5000,1248,True
Completed,0.2,446,5000,2824,2225,False
Completed,0.06,217,1326,1,2815,True
Completed,0.06,220,1,1,3636,True
Completed,0.06,91,1,4104,1255,True
Completed,0.24,456,5000,2110,994,False
Completed,0.06,90,1415,5000,4587,True
Completed,0.29,974,5000,752,2333,False
Completed,0.19,429,5000,3105,1990,False
Completed,0.06,111,5000,3728,1109,True
Completed,0.06,91,1,5000,3099,True
Completed,0.19,532,5000,2950,1154,False
Completed,0.06,220,3723,1,2105,True
Completed,0.06,91,1,1108,2843,True
Completed,0.06,95,5000,4704,1126,True
Completed,0.31,923,5000,901,1893,False
Completed,0.06,322,5000,383,3697,True
Completed,0.06,95,5000,2243,3417,True
Completed,0.06,213,1,1,2528,True
Completed,0.06,91,500,3501,3050,True
Completed,0.06,92,5000,3075,1087,True
Completed,0.06,94,1,4491,1226,True
Completed,0.12,454,2771,3305,1381,False
Completed,0.06,216,2396,1,3877,True
Completed,0.06,218,2887,1,3018,True
Completed,0.06,91,1,1447,2223,True
Completed,0.06,89,1,5000,1140,True
Completed,0.06,88,5000,5000,3387,True
Completed,0.36,769,3323,697,1,True
Completed,0.06,92,5000,2507,4723,True
Completed,0.06,103,1051,2321,3329,True
Completed,0.06,96,1,3058,2995,True
Completed,0.16,508,5000,4298,1520,False
Completed,0.06,89,1,3518,1280,True
Completed,0.16,623,5000,4041,4593,False
Completed,0.15,445,5000,4497,2036,False
Completed,0.25,530,5000,2014,1,True
Completed,0.06,93,5000,1754,2454,True
Completed,0.26,599,5000,1832,797,False
Completed,0.21,507,5000,2690,1318,False
Completed,0.19,962,5000,2922,3292,False
Completed,0.06,96,5000,5000,4682,True
Completed,0.18,409,5000,3591,1958,False
Completed,0.41,1433,5000,470,1,False
Completed,0.22,519,5000,2476,4556,False
Completed,0.06,96,5000,3015,3348,True
Completed,0.39,1244,5000,557,152,False
Completed,0.06,210,5000,1,2485,True
Completed,0.27,476,5000,1695,339,False
Completed,0.37,1123,5000,620,307,False
Completed,0.15,387,5000,5000,1790,False
Completed,0.22,453,5000,2450,1988,False
Completed,0.06,287,2350,687,2659,True
Completed,0.22,561,5000,2506,940,False
Completed,0.06,92,2118,1738,3548,True
Completed,0.34,982,5000,678,468,False
Completed,0.06,94,5000,1607,4743,True
Completed,0.27,589,5000,1658,2193,False
Completed,0.22,456,2406,766,1,True
Completed,0.06,94,5000,5000,979,True
Completed,0.06,92,5000,2348,1132,True
Completed,0.18,524,5000,3723,3683,False
Completed,0.06,88,2254,1232,4814,True
Completed,0.34,677,2953,606,1,True
Completed,0.06,90,1,3510,3802,True
Completed,0.2,561,5000,2895,2479,False
Completed,0.15,447,5000,4626,3626,False
Completed,0.16,382,5000,4499,506,False
Completed,0.14,517,5000,5000,3130,False
Completed,0.06,222,2846,1,4710,True
Completed,0.3,801,5000,985,2041,False
Completed,0.42,2029,3837,403,1,True
Completed,0.06,89,1,2524,2557,True
Completed,0.14,395,5000,5000,679,False
Completed,0.06,92,5000,2634,915,True
Completed,0.15,398,4134,5000,2188,False
Completed,0.26,582,5000,1907,1,False
Completed,0.23,442,1274,1656,1,True
Completed,0.06,87,1,3941,2696,True
Completed,0.18,522,5000,3485,2631,False
Completed,0.2,488,5000,2860,2884,False
Completed,0.06,90,5000,4106,950,True
Completed,0.4,1797,4389,481,1,False
Completed,0.18,532,5000,3262,3822,False
Completed,0.17,415,3534,3063,304,False
Completed,0.26,1077,5000,608,2080,False
Completed,0.18,441,5000,3588,719,False
Completed,0.06,90,1,5000,2116,True
Completed,0.06,91,1378,2203,4683,True
Completed,0.27,504,4001,1745,1,True
Completed,0.06,98,1,4502,2885,True
Completed,0.06,92,1,5000,4145,True
Completed,0.06,91,5000,5000,1576,True
Completed,0.06,91,5000,5000,3682,True
Completed,0.06,96,5000,3860,3534,True
Completed,0.35,1079,5000,729,557,False
Completed,0.06,90,5000,3469,3062,True
Completed,0.15,379,5000,5000,1598,False
Completed,0.06,94,1,1764,3179,True
Completed,0.25,756,5000,1765,2816,False
Completed,0.06,91,1,4133,1031,True
Completed,0.14,375,5000,5000,1173,False
Completed,0.15,728,5000,5000,3641,False
Completed,0.06,91,1,4520,3763,True
Completed,0.05,480,1,1965,3827,False
Completed,0.06,95,1,2685,4661,True
Completed,0.06,95,1,3195,4786,True
Completed,0.46,3473,5000,283,1,True
Completed,0.18,404,5000,3810,425,False
Completed,0.41,1551,5000,471,1,True
Completed,0.06,90,1,696,4168,True
Completed,0.06,94,5000,5000,4061,True
Completed,0.23,455,5000,2348,1116,False
Completed,0.15,458,5000,5000,4107,False
Completed,0.14,459,5000,5000,4743,False
Completed,0.19,430,5000,3264,1577,False
Completed,0.06,96,5000,5000,2563,True
Completed,0.24,438,5000,2145,1,False
Completed,0.06,94,1,3098,1697,True
Completed,0.17,444,1516,3221,2067,False
Completed,0.05,426,1,2698,5000,False
Completed,0.17,561,5000,3549,4443,False
Completed,0.42,2017,4925,419,1,False
Completed,0.25,523,5000,1853,1477,False
Completed,0.07,496,2244,2016,1,False
Completed,0.16,406,5000,4116,2316,False
Completed,0.3,595,5000,1299,697,False
Completed,0.35,894,3101,621,1,False
Completed,0.06,92,1,4459,5000,True
Completed,0.06,102,5000,4486,2868,True
Completed,0.06,90,1,2164,1832,True
Completed,0.4,1214,4649,556,192,False
Completed,0.05,419,1,2890,4633,False
Completed,0.06,91,5000,3094,4250,True
Completed,0.06,88,1,3869,4075,True
Completed,0.06,495,5000,309,1876,True
Completed,0.29,913,1840,809,1615,False
Completed,0.2,414,3027,1892,1,True
Completed,0.06,210,1,1,4032,True
Completed,0.06,92,1,1298,3902,True
Completed,0.14,390,1922,5000,864,False
Completed,0.06,91,5000,3917,2401,True
Completed,0.27,464,5000,1740,1,True
Completed,0.05,318,1,4722,3893,False
Completed,0.06,217,4584,1,4084,False
Completed,0.27,480,5000,1702,1,False
Completed,0.23,532,5000,2381,4154,False
Completed,0.06,97,1,4261,4385,True
Completed,0.09,438,2592,3999,1,True
Completed,0.32,643,1957,1108,1,True
Completed,0.04,524,1,1066,1,True
Completed,0.48,5980,1693,178,1,True
Completed,0.06,223,1611,1,1,True
Completed,0.16,531,1745,3816,1,True
Completed,0.06,438,2164,4005,521,True
Completed,0.12,378,3108,4150,1,True
Completed,0.27,514,3244,1151,1515,False
Completed,0.19,385,4938,3302,1,True
Completed,0.11,395,2860,4044,1,False
Completed,0.04,829,1,400,5000,False
Completed,0.06,216,1,1,5000,False
Completed,0.22,635,3442,1899,4705,False
Completed,0.27,506,2981,1040,1,True
Completed,0.16,500,2088,339,1,True
Completed,0.24,520,894,1229,1,True
Completed,0.22,609,2978,1349,1313,False
Completed,0.15,712,2626,1820,4314,False
Completed,0.11,405,2884,3825,1,True
Completed,0.06,89,1196,3872,757,True
Completed,0.1,436,2807,4148,485,False
Completed,0.18,392,4576,3731,1,True
Completed,0.03,688,1,235,1,True
Completed,0.28,763,3393,987,1855,False
Completed,0.24,811,4981,1852,4859,False
Completed,0.2,847,4057,3010,1,True
Completed,0.24,862,1847,1591,4220,False
Completed,0.09,492,629,3703,1,True
Completed,0.25,537,3045,1166,1925,False
Completed,0.19,394,5000,3596,1,True
Completed,0.06,1631,5000,3692,412,True
Completed,0.35,788,4431,794,1,False
Completed,0.34,753,4536,889,1,False
Completed,0.06,91,2061,4701,1791,True
Completed,0.3,546,3863,1304,1,True
Completed,0.33,687,4567,994,1,False
Completed,0.24,532,5000,2077,2518,False
Completed,0.33,571,4561,1120,1,False
Completed,0.17,502,5000,3475,5000,False
Completed,0.18,371,5000,3908,1,False
Completed,0.06,296,1,4839,1063,False
Completed,0.33,548,3381,924,1,True
Completed,0.38,1071,4256,634,1,False
Completed,0.06,93,5000,3708,652,True
Completed,0.06,93,5000,4654,1695,True
Completed,0.37,928,4480,719,1,False
Completed,0.35,787,4208,834,1,False
Completed,0.22,527,2735,1242,762,False
Completed,0.37,876,4362,762,1,False
