Status,trial_index,arm_name,trial_status,generation_node,ACCURACY,RUNTIME,REQLABELS,recent_samples_size,n_samples,n_windows,disjoint_training_windows
Completed,0,0,COMPLETED,0,0.19,21,0.0,1,5000,3436,True
Completed,1,10,COMPLETED,0,0.79,55,0.1797011850807723,529,2935,1,False
Completed,2,20,COMPLETED,0,0.78,70,0.2008073007648685,634,3143,813,False
Completed,3,30,COMPLETED,0,0.79,89,0.2299803796175294,1160,5000,1256,False
Completed,4,40,COMPLETED,0,0.85,128,0.4286479344198085,1333,3088,1059,False
Completed,5,50,COMPLETED,0,0.72,48,0.5379345527870494,2342,4319,856,False
Completed,6,60,COMPLETED,0,0.84,114,0.7670638696036393,3869,5000,1214,False
Completed,7,70,COMPLETED,0,0.85,123,0.4353041159282931,1622,3711,1,False
Completed,8,80,COMPLETED,0,0.87,93,0.9929485094916471,5000,4143,1,True
Completed,9,90,COMPLETED,0,0.88,125,0.4970448536691808,1458,2878,2264,False
Completed,10,100,COMPLETED,0,0.87,155,0.4755796958659383,1400,2856,5000,False
Completed,11,110,COMPLETED,0,0.93,272,0.9989724383795474,5000,1049,1,False
Completed,12,120,COMPLETED,0,0.91,444,0.983897504959496,5000,1006,5000,False
Completed,13,130,COMPLETED,0,0.19,21,0.0,5000,4183,3213,True
Completed,14,140,COMPLETED,0,0.19,21,0.0,5000,3473,1787,True
Completed,15,150,COMPLETED,0,0.19,21,0.0,5000,5000,2208,True
Completed,16,160,COMPLETED,0,0.33,23,0.0002308991405958,1,4298,1,True
Completed,17,170,COMPLETED,0,0.19,21,0.0,5000,4430,1756,True
Completed,18,180,COMPLETED,0,0.19,21,0.0,5000,3286,2744,True
Completed,19,190,COMPLETED,0,0.19,21,0.0,2538,940,5000,True
Completed,20,200,COMPLETED,0,0.19,64,0.0,1288,1,1,False
Completed,21,210,COMPLETED,0,0.19,66,0.0,1052,1,5000,False
Completed,22,220,COMPLETED,0,0.19,21,0.0,794,1094,5000,True
Completed,23,230,COMPLETED,0,0.19,21,0.0,5000,5000,1198,True
Completed,24,240,COMPLETED,0,0.86,83,0.9912947397307303,5000,5000,1,True
Completed,25,250,COMPLETED,0,0.81,57,0.2028587973177015,1017,5000,1,False
Completed,26,260,COMPLETED,0,0.19,68,0.0,436,1,5000,False
Completed,27,270,COMPLETED,0,0.76,43,0.1105051855594952,554,5000,1,False
Completed,28,280,COMPLETED,0,0.9,134,0.6526853811830499,1067,1631,1,False
Completed,29,290,COMPLETED,0,0.8,79,0.2515470846867931,1156,4579,1,False
Completed,30,300,COMPLETED,0,0.87,115,0.488393993720994,1010,2067,1,False
Completed,31,310,COMPLETED,0,0.89,119,0.9951873849282096,5000,3146,1,True
Completed,32,320,COMPLETED,0,0.87,87,0.3918962863923036,903,2300,1,False
Completed,33,330,COMPLETED,0,0.86,127,0.9020165594577376,4313,4664,5000,False
Completed,34,340,COMPLETED,0,0.81,116,0.6650439252370343,3375,5000,5000,False
Completed,35,350,COMPLETED,0,0.9,124,0.5828474578729959,1028,1744,1379,False
Completed,36,360,COMPLETED,0,0.9,138,0.9965655263956402,5000,2844,1,True
Completed,37,370,COMPLETED,0,0.9,205,0.9984647020494414,4962,2069,1,False
Completed,38,380,COMPLETED,0,0.87,143,0.994447540561484,5000,3585,1,True
Completed,39,390,COMPLETED,0,0.9,235,0.9316054985426758,1125,1205,1,False
Completed,40,400,COMPLETED,0,0.9,209,0.9988346242328044,4726,2333,1,False
Completed,41,410,COMPLETED,0,0.91,214,0.9993423605629104,4611,1895,1,False
Completed,42,420,COMPLETED,0,0.92,519,0.9994801747096534,1293,433,1,False
Completed,43,430,COMPLETED,0,0.19,21,0.0,2758,4552,5000,True
Completed,44,440,COMPLETED,0,0.19,22,0.0,2428,4016,5000,True
Completed,45,450,COMPLETED,0,0.86,84,0.9906298469174964,5000,4549,1,True
Completed,46,460,COMPLETED,0,0.43,22,0.0005802700915496,1,1717,1,True
Completed,47,470,COMPLETED,0,0.19,22,0.0,3042,4857,5000,True
Completed,48,480,COMPLETED,0,0.33,24,0.0002139745962589,1,4642,1,True
Completed,49,490,COMPLETED,0,0.84,95,0.3670933666666264,1260,3422,1,False
Completed,50,500,COMPLETED,0,0.82,99,0.3342428261087692,1362,4063,1,False
Completed,51,510,COMPLETED,0,0.19,20,0.0,1710,1826,5000,True
Completed,52,520,COMPLETED,0,0.85,91,0.9980222461046347,5000,4637,1,False
Completed,53,530,COMPLETED,0,0.9,167,0.9983305145907706,3670,2029,1,True
Completed,54,540,COMPLETED,0,0.19,20,0.0,1,3992,5000,True
Completed,55,550,COMPLETED,0,0.19,22,0.0,1,677,5000,True
Completed,56,560,COMPLETED,0,0.9,178,0.99972920729061,5000,2181,1,True
Completed,57,570,COMPLETED,0,0.9,153,0.9971736010957434,5000,2383,1,True
Completed,58,580,COMPLETED,0,0.68,69,0.6054429334587361,2187,3540,5000,False
Completed,59,590,COMPLETED,0,0.85,107,0.9942589527817302,5000,4697,1,True
Completed,60,600,COMPLETED,0,0.9,142,0.6391288211692201,1528,2334,3092,False
Completed,61,610,COMPLETED,0,0.82,85,0.3137085182440543,1500,4760,1721,False
Completed,62,620,COMPLETED,0,0.9,187,0.8170130355258275,1543,1810,5000,False
Completed,63,630,COMPLETED,0,0.84,102,0.7866225983769362,3595,4522,1,True
Completed,64,640,COMPLETED,0,0.89,136,0.995446088677359,3600,2553,1,True
Completed,65,650,COMPLETED,0,0.77,79,0.1298354329842444,600,4557,5000,False
Completed,66,660,COMPLETED,0,0.46,78,0.0005524654829962,1,1711,5000,False
Completed,67,670,COMPLETED,0,0.91,170,0.9887995783370668,1876,1891,1,True
Completed,68,680,COMPLETED,0,0.9,195,0.9991441016149644,5000,1981,1,True
Completed,69,690,COMPLETED,0,0.84,125,0.3498931940362741,1573,4419,5000,False
Completed,70,700,COMPLETED,0,0.91,147,0.9989905718199084,3886,2234,1,True
Completed,71,710,COMPLETED,0,0.92,283,0.998397003872094,5000,1643,4031,False
Completed,72,720,COMPLETED,0,0.89,246,0.8639617215162941,1958,2170,5000,False
Completed,73,730,COMPLETED,0,0.5,23,0.0013370390026124,1,746,1,True
Completed,74,740,COMPLETED,0,0.79,75,0.1803370643894289,663,3623,3019,False
Completed,75,750,COMPLETED,0,0.39,22,0.0003155218622801,1,3153,1,True
Completed,76,760,COMPLETED,0,0.19,20,0.0,2750,2957,5000,True
Completed,77,770,COMPLETED,0,0.19,21,0.0,5000,4321,5000,True
Completed,78,780,COMPLETED,0,0.19,20,0.0,1,3537,5000,True
Completed,79,790,COMPLETED,0,0.19,21,0.0,3847,3780,5000,True
Completed,80,800,COMPLETED,0,0.85,84,0.7841141391270078,3955,5000,1,True
Completed,81,810,COMPLETED,0,0.86,94,0.9158898502298716,3625,3927,1,True
Completed,82,820,COMPLETED,0,0.74,59,0.7247428375932814,2379,3261,1,True
Completed,83,830,COMPLETED,0,0.86,111,0.9936786826901804,4710,4384,2701,False
Completed,84,840,COMPLETED,0,0.87,149,0.9898283488535434,5000,3569,5000,False
Completed,85,850,COMPLETED,0,0.76,43,0.126837370844571,610,4798,1,False
Completed,86,860,COMPLETED,0,0.39,22,0.0002502414769808,1,3962,1,True
Completed,87,870,COMPLETED,0,0.19,21,0.0,1939,283,5000,True
Completed,88,880,COMPLETED,0,0.19,21,0.0,3353,4232,722,True
Completed,89,890,COMPLETED,0,0.19,21,0.0,3546,5000,557,True
Completed,90,900,COMPLETED,0,0.19,22,0.0,2376,3309,909,True
Completed,91,910,COMPLETED,0,0.19,23,0.0,1,1686,3460,True
Completed,92,920,COMPLETED,0,0.86,92,0.9892637944103064,4240,4254,1,True
Completed,93,930,COMPLETED,0,0.91,203,0.9918351162534862,1760,1605,1198,False
Completed,94,940,COMPLETED,0,0.81,66,0.996563108603592,2574,2327,1,True
Completed,95,950,COMPLETED,0,0.92,238,0.9995164415903752,1552,1039,1,False
Completed,96,960,COMPLETED,0,0.88,127,0.9949250544909884,4528,3605,3255,False
Completed,97,970,COMPLETED,0,0.87,166,0.9885251589396048,4573,3435,5000,False
Completed,98,980,COMPLETED,0,0.86,99,0.4481377561197339,1348,3002,1,False
Completed,99,990,COMPLETED,0,0.83,112,0.341684790032894,1734,5000,5000,False
Completed,100,1000,COMPLETED,0,0.86,141,0.9932954626505528,3411,3246,1,True
Completed,101,1010,COMPLETED,0,0.79,87,0.2050529436013738,771,3691,5000,False
Completed,102,1020,COMPLETED,0,0.93,350,0.9993109292662848,1800,773,1,True
Completed,103,1030,COMPLETED,0,0.19,21,0.0,2311,5000,3372,True
Completed,104,1040,COMPLETED,0,0.19,23,0.0,1599,4683,3332,True
Completed,105,1050,COMPLETED,0,0.19,21,0.0,5000,435,5000,True
Completed,106,1060,COMPLETED,0,0.19,69,0.0,5000,1,3291,False
Completed,107,1070,COMPLETED,0,0.19,71,0.0,1,1,1,True
Completed,108,1080,COMPLETED,0,0.44,23,0.0004412470487825,1,2256,1,True
Completed,109,1090,COMPLETED,0,0.8,88,0.6086876103873182,3089,5000,3248,False
Completed,110,1100,COMPLETED,0,0.7,35,0.0567032680086218,265,4652,1,False
Completed,111,1110,COMPLETED,0,0.82,72,0.2605448977938856,693,2643,1,True
Completed,112,1120,COMPLETED,0,0.19,69,0.0,1288,1,1,True
Completed,113,1130,COMPLETED,0,0.19,21,0.0,1679,4364,2931,True
Completed,114,1140,COMPLETED,0,0.38,22,0.0003880556237238,1,2566,1,True
Completed,115,1150,COMPLETED,0,0.6,55,0.4114405084133118,2088,5000,3115,False
Completed,116,1160,COMPLETED,0,0.19,21,0.0,3560,5000,3706,True
Completed,117,1170,COMPLETED,0,0.66,33,0.5575126238967313,2145,3811,1,True
Completed,118,1180,COMPLETED,0,0.19,21,0.0,1462,5000,5000,True
Completed,119,1190,COMPLETED,0,0.85,83,0.3300914771621407,1157,3479,1,True
Completed,120,1200,COMPLETED,0,0.77,44,0.1129592444883408,292,2582,1,False
Completed,121,1210,COMPLETED,0,0.78,52,0.5630554121670549,2840,5000,1,True
Completed,122,1220,COMPLETED,0,0.86,97,0.99546422211772,5000,4700,1060,False
Completed,123,1230,COMPLETED,0,0.19,68,0.0,5000,1,5000,False
Completed,124,1240,COMPLETED,0,0.73,62,0.5225283818564049,2513,4747,3172,False
Completed,125,1250,COMPLETED,0,0.19,63,0.0,5000,1,3952,False
Completed,126,1260,COMPLETED,0,0.9,142,0.7358235785498325,1606,2176,1,False
Completed,127,1270,COMPLETED,0,0.19,67,0.0,5000,1,2332,False
Completed,128,1280,COMPLETED,0,0.86,96,0.3747130383062883,831,2208,1,True
Completed,129,1290,COMPLETED,0,0.86,138,0.9920152417610714,4404,3743,1,True
Completed,130,1300,COMPLETED,0,0.89,105,0.5357404065033771,1453,2700,1,True
Completed,131,1310,COMPLETED,0,0.83,119,0.9500907276466058,4596,4774,3896,False
Completed,132,1320,COMPLETED,0,0.88,141,0.5340032229168001,1856,3401,3633,False
Completed,133,1330,COMPLETED,0,0.78,55,0.1652391619449202,654,3921,1,True
Completed,134,1340,COMPLETED,0,0.81,82,0.2462376133491134,1242,5000,1,True
Completed,135,1350,COMPLETED,0,0.82,81,0.251329483402462,1050,4137,1,True
Completed,136,1360,COMPLETED,0,0.19,20,0.0,1,3194,3795,True
Completed,137,1370,COMPLETED,0,0.66,58,0.8808499989724384,2070,2291,3622,False
Completed,138,1380,COMPLETED,0,0.35,25,0.0002296902445717,1,4351,1,False
Completed,139,1390,COMPLETED,0,0.19,44,0.0,1,392,1935,True
Completed,140,1400,COMPLETED,0,0.61,42,0.0140763853041763,71,5000,1554,False
Completed,141,1410,COMPLETED,0,0.9,137,0.726512661372508,1642,2247,1,True
Completed,142,1420,COMPLETED,0,0.45,22,0.0006818173575708,1,1463,1,True
Completed,143,1430,COMPLETED,0,0.19,21,0.0,865,4049,3453,True
Completed,144,1440,COMPLETED,0,0.82,108,0.3464115734869759,1666,4787,1,False
Completed,145,1450,COMPLETED,0,0.19,26,0.0,5000,1748,5000,True
Completed,146,1460,COMPLETED,0,0.69,32,0.0318108899771639,118,3683,1,True
Completed,147,1470,COMPLETED,0,0.82,65,0.255002109523562,1159,4517,1,True
Completed,148,1480,COMPLETED,0,0.36,26,0.0002901350457748,1,3443,1,False
Completed,149,1490,COMPLETED,0,0.84,100,0.3990178928700521,1634,4059,1,True
Completed,150,1500,COMPLETED,0,0.91,171,0.976277833319834,1733,1771,1,False
Completed,151,1510,COMPLETED,0,0.75,65,0.1339215015455735,580,4297,1,True
Completed,152,1520,COMPLETED,0,0.19,21,0.0,1,2943,5000,True
Completed,153,1530,COMPLETED,0,0.81,72,0.2613826627385605,819,3114,1,True
Completed,154,1540,COMPLETED,0,0.81,70,0.2148582992525395,797,3685,1,True
Completed,155,1550,COMPLETED,0,0.85,77,0.3142549392469303,1477,4682,655,False
Completed,156,1560,COMPLETED,0,0.76,57,0.1151884487567108,581,5000,1,True
Completed,157,1570,COMPLETED,0,0.73,67,0.1112426121341729,535,4771,1312,False
Completed,158,1580,COMPLETED,0,0.86,126,0.9956721522338584,5000,3884,1,False
Completed,159,1590,COMPLETED,0,0.9,181,0.7377590210843555,1975,2611,3428,False
Completed,160,1600,COMPLETED,0,0.9,172,0.7796061658532811,1469,1878,1,True
Completed,161,1610,COMPLETED,0,0.86,176,0.9872896672030136,5000,4054,5000,False
Completed,162,1620,COMPLETED,0,0.88,231,0.9997969054679576,5000,2526,1013,False
Completed,163,1630,COMPLETED,0,0.19,20,0.0,1147,3423,5000,True
Completed,164,1640,COMPLETED,0,0.19,23,0.0,1185,2595,5000,True
Completed,165,1650,COMPLETED,0,0.19,21,0.0,3378,3762,3347,True
Completed,166,1660,COMPLETED,0,0.74,52,0.1426158817506265,678,4714,1,True
Completed,167,1670,COMPLETED,0,0.78,56,0.1166089015849835,407,3462,1,True
Completed,168,1680,COMPLETED,0,0.33,37,0.0002103479081867,1,4716,2223,False
Completed,169,1690,COMPLETED,0,0.19,69,0.0,2336,1,2553,False
Completed,170,1700,COMPLETED,0,0.19,21,0.0,1,4640,2904,True
Completed,171,1710,COMPLETED,0,0.19,22,0.0,865,3417,2828,True
Completed,172,1720,COMPLETED,0,0.86,87,0.8549191792563113,4286,5000,1,False
Completed,173,1730,COMPLETED,0,0.76,52,0.105186043053623,385,3641,616,False
Completed,174,1740,COMPLETED,0,0.19,67,0.0,738,1,2530,False
Completed,175,1750,COMPLETED,0,0.77,64,0.1274998458657569,374,2912,1,True
Completed,176,1760,COMPLETED,0,0.19,70,0.0,2128,1,3022,False
Completed,177,1770,COMPLETED,0,0.38,23,0.0004267402964938,1,2337,51,False
Completed,178,1780,COMPLETED,0,0.74,49,0.0874225248760579,358,4086,1,False
Completed,179,1790,COMPLETED,0,0.85,117,0.8723538777153316,4054,4602,2316,False
Completed,180,1800,COMPLETED,0,0.19,27,0.0,5000,2910,4264,True
Completed,181,1810,COMPLETED,0,0.82,65,0.2552463065204224,1242,4811,1,True
Completed,182,1820,COMPLETED,0,0.19,69,0.0,3341,1,5000,True
Completed,183,1830,COMPLETED,0,0.89,128,0.9941948812924548,4434,3284,1,True
Completed,184,1840,COMPLETED,0,0.19,70,0.0,1,1,2992,False
Completed,185,1850,COMPLETED,0,0.85,123,0.7911559584671682,4015,5000,2394,False
Completed,186,1860,COMPLETED,0,0.88,143,0.5282512956343138,1181,2172,4021,False
Completed,187,1870,COMPLETED,0,0.9,141,0.995211562848691,4406,2913,1,True
Completed,188,1880,COMPLETED,0,0.85,119,0.3946126757583707,1407,3530,2270,False
Completed,189,1890,COMPLETED,0,0.88,123,0.5027073226458866,1130,2234,715,False
Completed,190,1900,COMPLETED,0,0.88,153,0.9933462362835634,3875,3540,2448,False
Completed,191,1910,COMPLETED,0,0.89,196,0.7003714937481942,1089,1548,579,False
Completed,192,1920,COMPLETED,0,0.19,2556,0.0,287,4720,4,True
Completed,193,1930,COMPLETED,0,0.19,21,0.0,4663,5000,4264,True
Completed,194,1940,COMPLETED,0,0.19,21,0.0,2667,650,3225,True
Completed,195,1950,COMPLETED,0,0.19,27,0.0,3944,5000,5000,True
Completed,196,1960,COMPLETED,0,0.7,35,0.0528589786521051,265,5000,1,False
Completed,197,1970,COMPLETED,0,0.19,41,0.0,1400,852,932,True
Completed,198,1980,COMPLETED,0,0.19,21,0.0,4097,3566,4213,True
Completed,199,1990,COMPLETED,0,0.19,21,0.0,4035,1706,3915,True
Completed,200,2000,COMPLETED,0,0.71,51,0.1095078463396441,549,5000,1045,False
Completed,201,2010,COMPLETED,0,0.76,83,0.1330087850474068,675,5000,5000,False
Completed,202,2020,COMPLETED,0,0.83,67,0.2611034077570022,1309,5000,1,False
Completed,203,2030,COMPLETED,0,0.19,21,0.0,5000,2585,826,True
Completed,204,2040,COMPLETED,0,0.19,21,0.0,5000,5000,557,True
Completed,205,2050,COMPLETED,0,0.19,26,0.0,2716,1211,1860,True
Completed,206,2060,COMPLETED,0,0.83,68,0.2752801314311757,1186,4282,827,False
Completed,207,2070,COMPLETED,0,0.19,65,0.0,3525,1,3261,True
Completed,208,2080,COMPLETED,0,0.19,64,0.0,1,1,3748,True
Completed,209,2090,COMPLETED,0,0.72,38,0.0797871375880831,400,5000,1,False
Completed,210,2100,COMPLETED,0,0.19,21,0.0,4191,1188,5000,True
Completed,211,2110,COMPLETED,0,0.78,50,0.1565822575166132,785,5000,1,False
Completed,212,2120,COMPLETED,0,0.7,90,0.0650265171342878,330,5000,5000,False
Completed,213,2130,COMPLETED,0,0.19,67,0.0,891,1,5000,True
Completed,214,2140,COMPLETED,0,0.79,113,0.2352777619949685,1194,5000,5000,False
Completed,215,2150,COMPLETED,0,0.85,106,0.8974058300219656,4499,5000,1123,False
Completed,216,2160,COMPLETED,0,0.91,209,0.998242265181014,1523,1375,1,True
Completed,217,2170,COMPLETED,0,0.91,185,0.9813636588930624,1495,1520,1,False
Completed,218,2180,COMPLETED,0,0.91,243,0.997049084805265,2000,1534,1,True
Completed,219,2190,COMPLETED,0,0.91,235,0.9941912546043828,3924,1769,4981,False
Completed,220,2200,COMPLETED,0,0.91,224,0.9996772247615756,4383,1894,850,False
Completed,221,2210,COMPLETED,0,0.9,409,0.9884405362179204,5000,1098,5000,False
Completed,222,2220,COMPLETED,0,0.91,1774,0.9999673598073504,1939,204,1,True
Completed,223,2230,COMPLETED,0,0.19,20,0.0,1350,1025,4219,True
Completed,224,2240,COMPLETED,0,0.19,22,0.0,3216,3025,2557,True
Completed,225,2250,COMPLETED,0,0.19,21,0.0,936,2026,2679,True
Completed,226,2260,COMPLETED,0,0.74,41,0.0940339772316522,331,3518,1,False
Completed,227,2270,COMPLETED,0,0.67,44,0.0309779606165853,125,4009,1661,False
Completed,228,2280,COMPLETED,0,0.19,22,0.0,5000,3738,446,True
Completed,229,2290,COMPLETED,0,0.19,63,0.0,5000,1,5000,True
Completed,230,2300,COMPLETED,0,0.19,25,0.0,1,2261,2582,True
Completed,231,2310,COMPLETED,0,0.19,67,0.0,1,1,1583,False
Completed,232,2320,COMPLETED,0,0.8,95,0.2423715638641636,1230,5000,4316,False
Completed,233,2330,COMPLETED,0,0.84,105,0.9835626407608308,4961,5000,1696,False
Completed,234,2340,COMPLETED,0,0.85,120,0.9968907194261128,4660,4357,1929,False
Completed,235,2350,COMPLETED,0,0.87,120,0.9981588513553538,2582,1501,1,True
Completed,236,2360,COMPLETED,0,0.83,113,0.7389376947078159,3750,5000,4057,False
Completed,237,2370,COMPLETED,0,0.83,130,0.8264279177612213,4194,5000,4294,False
Completed,238,2380,COMPLETED,0,0.85,131,0.3506765586598662,1295,3610,4442,False
Completed,239,2390,COMPLETED,0,0.19,67,0.0,1,1,4049,False
Completed,240,2400,COMPLETED,0,0.86,143,0.9981117044104154,4206,3738,1495,False
Completed,241,2410,COMPLETED,0,0.87,140,0.4963291872229361,1364,2690,4309,False
Completed,242,2420,COMPLETED,0,0.89,153,0.9971204096706846,3500,2187,2582,False
Completed,243,2430,COMPLETED,0,0.84,117,0.9515547007317448,4829,5000,4309,False
Completed,244,2440,COMPLETED,0,0.89,161,0.7428617712019207,1384,1847,352,False
Completed,245,2450,COMPLETED,0,0.84,116,0.8248515173458446,4186,5000,3581,False
Completed,246,2460,COMPLETED,0,0.88,181,0.9985070134102836,4112,2780,1755,False
Completed,247,2470,COMPLETED,0,0.91,200,0.9959792118239702,3996,2136,4045,False
Completed,248,2480,COMPLETED,0,0.9,203,0.9992710356974908,4379,1950,1961,False
Completed,249,2490,COMPLETED,0,0.89,168,0.994844058457376,4392,2794,4246,False
Completed,250,2500,COMPLETED,0,0.9,212,0.995799086316385,5000,2293,5000,False
Completed,251,2510,COMPLETED,0,0.9,177,0.99753868769501,4837,2467,1871,False
Completed,252,2520,COMPLETED,0,0.9,216,0.9974661539335664,3951,1894,2038,False
Completed,253,2530,COMPLETED,0,0.19,21,0.0,2437,2177,4349,True
Completed,254,2540,COMPLETED,0,0.19,21,0.0,1,2420,4318,True
Completed,255,2550,COMPLETED,0,0.19,22,0.0,5000,5000,2784,True
Completed,256,2560,COMPLETED,0,0.19,23,0.0,5000,2321,2548,True
Completed,257,2570,COMPLETED,0,0.19,21,0.0,931,2518,518,True
Completed,258,2580,COMPLETED,0,0.19,21,0.0,3271,5000,2733,True
Completed,259,2590,COMPLETED,0,0.19,22,0.0,5000,5000,3772,True
Completed,260,2600,COMPLETED,0,0.19,29,0.0,2877,4038,2615,True
Completed,261,2610,COMPLETED,0,0.69,62,0.4366629150593387,2216,5000,4370,False
Completed,262,2620,COMPLETED,0,0.8,67,0.2038960301063465,807,3920,1425,False
Completed,263,2630,COMPLETED,0,0.19,67,0.0,1342,1,4327,True
Completed,264,2640,COMPLETED,0,0.79,61,0.1811941716704888,707,3887,1,False
Completed,265,2650,COMPLETED,0,0.57,65,0.0039458366225379,17,4223,5000,False
Completed,266,2660,COMPLETED,0,0.85,87,0.9973392198510398,5000,5000,698,False
Completed,267,2670,COMPLETED,0,0.84,103,0.3406910775011152,1281,3731,1543,False
Completed,268,2680,COMPLETED,0,0.86,111,0.9998670214373532,4311,4014,1,False
Completed,269,2690,COMPLETED,0,0.5,118,0.000822049296362,1,1018,3998,False
Completed,270,2700,COMPLETED,0,0.85,126,0.993435694589344,2602,1780,4208,False
Completed,271,2710,COMPLETED,0,0.89,129,0.9985299824347408,5000,3283,2589,False
Completed,272,2720,COMPLETED,0,0.86,135,0.4967547186234059,1452,2887,1720,False
Completed,273,2730,COMPLETED,0,0.9,154,0.999371374067488,4221,2489,1,False
Completed,274,2740,COMPLETED,0,0.9,150,0.6546800596227519,1496,2248,2188,False
Completed,275,2750,COMPLETED,0,0.86,156,0.9887403424318878,5000,3933,4099,False
Completed,276,2760,COMPLETED,0,0.9,163,0.9976426527530794,5000,2479,3519,False
Completed,277,2770,COMPLETED,0,0.69,200,0.1427609492735139,1804,197,5000,False
Completed,278,2780,COMPLETED,0,0.91,210,0.996894346114185,4027,1837,3423,False
Completed,279,2790,COMPLETED,0,0.91,210,0.9966477313252764,4344,1899,4324,False
Completed,280,2800,COMPLETED,0,0.9,220,0.997362188875497,5000,2051,4673,False
Completed,281,2810,COMPLETED,0,0.9,233,0.997128871942853,5000,2320,2790,False
Completed,282,2820,COMPLETED,0,0.91,262,0.8519452950371191,1807,2030,4365,False
Completed,283,2830,COMPLETED,0,0.19,21,0.0,5000,3869,2564,True
Completed,284,2840,COMPLETED,0,0.19,21,0.0,5000,3998,206,True
Completed,285,2850,COMPLETED,0,0.19,21,0.0,2619,5000,4565,True
Completed,286,2860,COMPLETED,0,0.19,21,0.0,1,1788,4252,True
Completed,287,2870,COMPLETED,0,0.19,21,0.0,4108,2732,2900,True
Completed,288,2880,COMPLETED,0,0.71,56,0.5316760980704811,2327,4322,2117,False
Completed,289,2890,COMPLETED,0,0.81,74,0.6471172060962209,3264,5000,1698,False
Completed,290,2900,COMPLETED,0,0.73,76,0.0921057880732736,401,4286,4189,False
Completed,291,2910,COMPLETED,0,0.19,65,0.0,1913,1,5000,False
Completed,292,2920,COMPLETED,0,0.82,82,0.7065948904800647,3321,4670,2340,False
Completed,293,2930,COMPLETED,0,0.85,91,0.9987016456701576,2626,1621,777,False
Completed,294,2940,COMPLETED,0,0.84,95,0.8290717733658446,3789,4549,1,False
Completed,295,2950,COMPLETED,0,0.76,111,0.2136699544608867,858,3923,4253,False
Completed,296,2960,COMPLETED,0,0.86,115,0.9984538219852248,4399,3888,611,False
Completed,297,2970,COMPLETED,0,0.76,106,0.964475381436918,2173,1325,4643,False
Completed,298,2980,COMPLETED,0,0.8,131,0.9859465837202808,2386,1463,5000,False
Completed,299,2990,COMPLETED,0,0.86,133,0.4272492417199689,1101,2503,2623,False
Completed,300,3000,COMPLETED,0,0.9,140,0.999277080177611,3954,2637,798,False
Completed,301,3010,COMPLETED,0,0.88,143,0.5212759655754768,1078,2019,3379,False
Completed,302,3020,COMPLETED,0,0.86,142,0.9767154536805444,3980,4001,3144,False
Completed,303,3030,COMPLETED,0,0.85,163,0.9947110798947292,5000,4150,3284,False
Completed,304,3040,COMPLETED,0,0.9,170,0.9996131532723002,5000,2431,1,False
Completed,305,3050,COMPLETED,0,0.9,155,0.9985807560677512,3701,2051,485,False
Completed,306,3060,COMPLETED,0,0.89,177,0.9902043155170268,3938,3283,3269,False
Completed,307,3070,COMPLETED,0,0.89,196,0.9947110798947292,4144,2404,5000,False
Completed,308,3080,COMPLETED,0,0.91,210,0.9995817219756746,5000,1756,975,False
Completed,309,3090,COMPLETED,0,0.91,224,0.9954618043256718,4728,2011,5000,False
Completed,310,3100,COMPLETED,0,0.91,261,0.9972956995941736,3797,1386,1600,False
Completed,311,3110,COMPLETED,0,0.9,264,0.9834973603755316,1535,1553,477,False
Completed,312,3120,COMPLETED,0,0.92,305,0.9989579316272588,4044,1083,2856,False
Completed,313,3130,COMPLETED,0,0.19,21,0.0,1628,3373,2546,True
Completed,314,3140,COMPLETED,0,0.19,21,0.0,5000,5000,280,True
Completed,315,3150,COMPLETED,0,0.19,23,0.0,5000,1446,4334,True
Completed,316,3160,COMPLETED,0,0.19,22,0.0,4488,3237,341,True
Completed,317,3170,COMPLETED,0,0.19,21,0.0,4007,5000,4294,True
Completed,318,3180,COMPLETED,0,0.19,22,0.0,5000,4134,4278,True
Completed,319,3190,COMPLETED,0,0.19,23,0.0,4114,5000,2266,True
Completed,320,3200,COMPLETED,0,0.33,49,0.000197050051922,1,5000,3771,False
Completed,321,3210,COMPLETED,0,0.77,47,0.1356574762361264,332,2433,1,True
Completed,322,3220,COMPLETED,0,0.19,21,0.0,3293,3729,4305,True
Completed,323,3230,COMPLETED,0,0.19,21,0.0,1685,2836,3282,True
Completed,324,3240,COMPLETED,0,0.7,52,0.0729206081714117,290,3945,1184,False
Completed,325,3250,COMPLETED,0,0.34,30,0.0002321080366198,1,4274,1076,False
Completed,326,3260,COMPLETED,0,0.19,23,0.0,2884,1401,4445,True
Completed,327,3270,COMPLETED,0,0.19,25,0.0,682,2954,279,True
Completed,328,3280,COMPLETED,0,0.19,64,0.0,1777,1,4215,False
Completed,329,3290,COMPLETED,0,0.19,63,0.0,942,1,4147,False
Completed,330,3300,COMPLETED,0,0.19,65,0.0,2543,1,4126,True
Completed,331,3310,COMPLETED,0,0.87,125,0.4485100960951449,1364,2992,2776,False
Completed,332,3320,COMPLETED,0,0.19,69,0.0,1,1,2992,True
Completed,333,3330,COMPLETED,0,0.86,133,0.9975338521109138,5000,4209,1,False
Completed,334,3340,COMPLETED,0,0.85,98,0.747206543512399,3746,5000,438,False
Completed,335,3350,COMPLETED,0,0.86,105,0.8236692170343121,4180,5000,2884,False
Completed,336,3360,COMPLETED,0,0.89,123,0.9939881600723404,4079,3018,1,True
Completed,337,3370,COMPLETED,0,0.9,157,0.7685193804166097,1382,1796,1,False
Completed,338,3380,COMPLETED,0,0.85,151,0.8583500261725989,4356,5000,5000,False
Completed,339,3390,COMPLETED,0,0.85,187,0.931217442918952,4012,4236,4025,False
Completed,340,3400,COMPLETED,0,0.9,165,0.9979787258477686,3335,1675,2738,False
Completed,341,3410,COMPLETED,0,0.85,201,0.9815764245932972,4329,4239,4445,False
Completed,342,3420,COMPLETED,0,0.89,261,0.9963019870623948,4246,2661,1,True
Completed,343,3430,COMPLETED,0,0.19,20,0.0,1,3062,2677,True
Completed,344,3440,COMPLETED,0,0.19,21,0.0,1543,4942,4295,True
Completed,345,3450,COMPLETED,0,0.19,21,0.0,780,2876,4356,True
Completed,346,3460,COMPLETED,0,0.19,22,0.0,2869,2517,1890,True
Completed,347,3470,COMPLETED,0,0.19,21,0.0,3777,2611,4000,True
Completed,348,3480,COMPLETED,0,0.19,20,0.0,653,1650,4088,True
Completed,349,3490,COMPLETED,0,0.19,21,0.0,1438,3888,2080,True
Completed,350,3500,COMPLETED,0,0.19,20,0.0,1,5000,4372,True
Completed,351,3510,COMPLETED,0,0.19,22,0.0,876,2765,2356,True
Completed,352,3520,COMPLETED,0,0.75,57,0.1126110824334109,568,5000,1912,False
Completed,353,3530,COMPLETED,0,0.83,70,0.2387630092323389,1197,5000,456,False
Completed,354,3540,COMPLETED,0,0.19,68,0.0,4181,1,1553,False
Completed,355,3550,COMPLETED,0,0.82,83,0.3056572707238023,1204,3929,366,False
Completed,356,3560,COMPLETED,0,0.57,57,0.0055053124935777,23,4099,4145,False
Completed,357,3570,COMPLETED,0,0.86,105,0.3448617687841286,1110,3153,3688,False
Completed,358,3580,COMPLETED,0,0.78,75,0.1633544930434078,829,5000,3564,False
Completed,359,3590,COMPLETED,0,0.83,106,0.8572716909191357,4324,5000,1743,False
Completed,360,3600,COMPLETED,0,0.86,138,0.54127110581346,1220,2226,1735,False
Completed,361,3610,COMPLETED,0,0.85,130,0.9852502596104212,5000,5000,3708,False
Completed,362,3620,COMPLETED,0,0.85,99,0.9090511254217536,4476,4889,566,False
Completed,363,3630,COMPLETED,0,0.85,135,0.9918097294369808,5000,4601,2214,False
Completed,364,3640,COMPLETED,0,0.87,128,0.4673930519909913,1212,2554,1235,False
Completed,365,3650,COMPLETED,0,0.86,93,0.9293206850571988,4659,5000,1,False
Completed,366,3660,COMPLETED,0,0.89,127,0.6372961347967423,1338,2090,194,False
Completed,367,3670,COMPLETED,0,0.9,173,0.9966815804139502,4147,2480,3224,False
Completed,368,3680,COMPLETED,0,0.89,147,0.7630551703878501,1578,2056,472,False
Completed,369,3690,COMPLETED,0,0.91,154,0.9979714724716242,5000,2307,448,False
Completed,370,3700,COMPLETED,0,0.9,220,0.9978203604686164,3862,2135,3218,False
Completed,371,3710,COMPLETED,0,0.9,203,0.9998331723486794,4213,1955,1501,False
Completed,372,3720,COMPLETED,0,0.92,292,0.9986351563888342,1956,1123,1070,False
Completed,373,3730,COMPLETED,0,0.19,22,0.0,3938,2019,2159,True
Completed,374,3740,COMPLETED,0,0.19,22,0.0,1,780,4281,True
Completed,375,3750,COMPLETED,0,0.63,46,0.008754825006256,34,3850,2311,False
Completed,376,3760,COMPLETED,0,0.19,66,0.0,5000,1,3000,True
Completed,377,3770,COMPLETED,0,0.7,38,0.0488563239164362,167,3407,1,False
Completed,378,3780,COMPLETED,0,0.79,60,0.1805002653526772,630,3476,1,False
Completed,379,3790,COMPLETED,0,0.19,20,0.0,5000,5000,4322,True
Completed,380,3800,COMPLETED,0,0.19,21,0.0,5000,3421,3726,True
Completed,381,3810,COMPLETED,0,0.19,21,0.0,2444,3861,4071,True
Completed,382,3820,COMPLETED,0,0.19,21,0.0,1,1629,2543,True
Completed,383,3830,COMPLETED,0,0.19,21,0.0,1738,2372,2182,True
Completed,384,3840,COMPLETED,0,0.19,21,0.0,851,5000,5000,True
Completed,385,3850,COMPLETED,0,0.19,24,0.0,5000,1084,5000,True
Completed,386,3860,COMPLETED,0,0.7,33,0.0475241204979201,189,3966,1,False
Completed,387,3870,COMPLETED,0,0.76,59,0.1207396992992029,492,4035,1681,False
Completed,388,3880,COMPLETED,0,0.66,43,0.9477333803996852,2031,2110,2946,False
Completed,389,3890,COMPLETED,0,0.84,79,0.998278532061736,2493,1700,1,True
Completed,390,3900,COMPLETED,0,0.19,62,0.0,2125,1,5000,True
Completed,391,3910,COMPLETED,0,0.78,80,0.987492761735056,2356,2269,2201,False
Completed,392,3920,COMPLETED,0,0.71,75,0.0959258995093091,345,3526,5000,False
Completed,393,3930,COMPLETED,0,0.82,115,0.3253574403319145,1424,4333,1442,False
Completed,394,3940,COMPLETED,0,0.87,135,0.470573657430298,1109,2280,4379,False
Completed,395,3950,COMPLETED,0,0.86,141,0.4446114064175454,1489,3313,1950,False
Completed,396,3960,COMPLETED,0,0.89,147,0.997479451789831,5000,2796,1,False
Completed,397,3970,COMPLETED,0,0.88,147,0.9954352086131424,4852,3315,3744,False
Completed,398,3980,COMPLETED,0,0.85,155,0.997032160260928,5000,3587,930,False
Completed,399,3990,COMPLETED,0,0.88,162,0.9995938109359152,2806,1293,1,True
Completed,400,4000,COMPLETED,0,0.9,219,0.986809735481461,1838,1833,1980,False
Completed,401,4010,COMPLETED,0,0.85,212,0.9181867526755892,3895,4121,5000,False
Completed,402,4020,COMPLETED,0,0.91,227,0.999394343091945,4577,1799,2495,False
Completed,403,4030,COMPLETED,0,0.19,21,0.0,1124,1395,2546,True
Completed,404,4040,COMPLETED,0,0.19,21,0.0,1251,4961,2369,True
Completed,405,4050,COMPLETED,0,0.71,36,0.9955778583439816,2084,1951,1028,False
Completed,406,4060,COMPLETED,0,0.19,63,0.0,1,1,5000,False
Completed,407,4070,COMPLETED,0,0.19,21,0.0,1007,1849,3482,True
Completed,408,4080,COMPLETED,0,0.19,21,0.0,5000,2280,1888,True
Completed,409,4090,COMPLETED,0,0.82,72,0.2575093598774663,1098,4246,1,False
Completed,410,4100,COMPLETED,0,0.86,87,0.7731373632285261,3876,5000,1,False
Completed,411,4110,COMPLETED,0,0.83,84,0.2964333940602103,1130,3773,2032,False
Completed,412,4120,COMPLETED,0,0.19,67,0.0,4049,1,3727,False
Completed,413,4130,COMPLETED,0,0.86,102,0.9082242405412952,4581,5000,1,True
Completed,414,4140,COMPLETED,0,0.87,121,0.9381444171368264,4106,4342,1414,False
Completed,415,4150,COMPLETED,0,0.85,125,0.9925580360758752,4601,4285,3327,False
Completed,416,4160,COMPLETED,0,0.9,185,0.9999117505902436,4151,2072,1,False
Completed,417,4170,COMPLETED,0,0.9,209,0.9988418776089488,4197,2380,1989,False
Completed,418,4180,COMPLETED,0,0.9,217,0.9998259189725353,5000,2018,1936,False
Completed,419,4190,COMPLETED,0,0.91,221,0.9958994246863822,3437,1569,3886,False
Completed,420,4200,COMPLETED,0,0.92,222,0.9954231196529018,1275,1022,1167,False
Completed,421,4210,COMPLETED,0,0.9,236,0.9969838044199656,4206,1811,2607,False
Completed,422,4220,COMPLETED,0,0.9,288,0.8489206371849164,1263,1464,911,False
Completed,0,0,COMPLETED,SOBOL,0.19,25.0,0.0,3399,1502,1365,True
Completed,1,10,COMPLETED,SOBOL,0.75,66.0,0.56,2481,4354,3834,False
Completed,2,20,COMPLETED,SOBOL,0.19,284.0,0.0,1184,374,247,True
Completed,3,30,COMPLETED,SOBOL,0.89,196.0,1.0,4641,2523,2755,False
Completed,4,40,COMPLETED,SOBOL,0.9,369.0,0.97,3885,1021,4496,False
Completed,5,50,COMPLETED,SOBOL,0.19,24.0,0.0,467,3248,2026,True
Completed,6,60,COMPLETED,SOBOL,0.9,199.0,0.76,1647,2100,3427,False
Completed,7,70,COMPLETED,SOBOL,0.19,20.0,0.0,2604,4874,918,True
Completed,8,80,COMPLETED,SOBOL,0.19,81.0,0.0,2909,155,3553,True
Completed,9,90,COMPLETED,SOBOL,0.85,154.0,0.46,1366,2929,1022,False
Completed,10,100,COMPLETED,SOBOL,0.19,22.0,0.0,127,1722,4934,True
Completed,11,110,COMPLETED,SOBOL,0.88,158.0,0.99,4209,3949,2442,False
Completed,12,120,COMPLETED,SOBOL,0.9,145.0,1.0,4926,2487,433,False
Completed,13,130,COMPLETED,SOBOL,0.19,22.0,0.0,883,4635,2963,True
Completed,14,140,COMPLETED,SOBOL,0.8200000000000001,104.0,1.0,2162,636,1864,False
Completed,15,150,COMPLETED,SOBOL,0.19,23.0,0.0,3744,3488,4355,True
Completed,16,160,COMPLETED,SOBOL,0.92,295.0,1.0,3484,847,1137,False
Completed,17,170,COMPLETED,SOBOL,0.19,22.0,0.0,1941,3620,3666,True
Completed,18,180,COMPLETED,SOBOL,0.8200000000000001,90.0,0.28,640,2277,2256,False
Completed,19,190,COMPLETED,SOBOL,0.19,22.0,0.0,4722,4504,4745,True
Completed,20,200,COMPLETED,SOBOL,0.19,20.0,0.0,4269,1640,3004,True
Completed,21,210,COMPLETED,SOBOL,0.72,37.0,0.06,226,3789,476,False
Completed,22,220,COMPLETED,SOBOL,0.19,24.0,0.0,1409,239,4073,True
Completed,23,230,COMPLETED,SOBOL,0.85,157.0,0.9500000000000001,2991,3090,1584,False
Completed,24,240,COMPLETED,SOBOL,0.84,115.0,0.99,2671,1882,3950,False
Completed,25,250,COMPLETED,SOBOL,0.19,23.0,0.0,1753,4734,1479,True
Completed,26,260,COMPLETED,SOBOL,0.84,132.0,0.39,512,1243,2568,False
Completed,27,270,COMPLETED,SOBOL,0.19,1356.0,0.0,3969,3391,58,True
Completed,28,280,COMPLETED,SOBOL,0.19,22.0,0.0,4383,488,2066,True
Completed,29,290,COMPLETED,SOBOL,0.8300000000000001,127.0,0.35000000000000003,965,2715,4539,False
Completed,30,300,COMPLETED,SOBOL,0.19,20.0,0.0,2246,1392,636,True
Completed,31,310,COMPLETED,SOBOL,0.81,107.0,0.76,3202,4165,3147,False
Completed,32,320,COMPLETED,SOBOL,0.62,321.0,0.32,3239,400,4871,False
Completed,33,330,COMPLETED,SOBOL,0.19,24.0,0.0,2281,2627,2363,True
Completed,34,340,COMPLETED,SOBOL,0.91,195.0,0.7000000000000001,1082,1479,3441,False
Completed,35,350,COMPLETED,SOBOL,0.19,22.0,0.0,4500,4253,972,True
Completed,36,360,COMPLETED,SOBOL,0.19,21.0,0.0,4006,2126,1770,True
Completed,37,370,COMPLETED,SOBOL,0.73,67.0,0.11,549,4978,4279,False
Completed,38,380,COMPLETED,SOBOL,0.19,305.0,0.0,1866,998,388,True
Completed,39,390,COMPLETED,SOBOL,0.81,87.0,0.87,2784,3147,2858,False
Completed,40,400,COMPLETED,SOBOL,0.89,177.0,1.0,3109,1865,184,False
Completed,41,410,COMPLETED,SOBOL,0.19,20.0,0.0,1527,4014,2676,True
Completed,42,420,COMPLETED,SOBOL,0.19,75.0,0.0,268,15,1253,False
Completed,43,430,COMPLETED,SOBOL,0.19,22.0,0.0,4311,2867,3784,True
Completed,44,440,COMPLETED,SOBOL,0.19,22.0,0.0,4844,779,3332,True
Completed,45,450,COMPLETED,SOBOL,0.81,61.0,0.21,762,3553,841,False
Completed,46,460,COMPLETED,SOBOL,0.19,21.0,0.0,1982,2346,4450,True
Completed,47,470,COMPLETED,SOBOL,0.8200000000000001,151.0,0.76,3524,4573,1920,False
Completed,48,480,COMPLETED,SOBOL,0.19,22.0,0.0,3626,2262,2628,True
Completed,49,490,COMPLETED,SOBOL,0.61,27.0,0.46,2044,4410,139,False
Completed,50,500,COMPLETED,SOBOL,0.19,20.0,0.0,841,860,4059,True
Completed,51,510,COMPLETED,SOBOL,0.86,144.0,1.0,4884,3712,1530,False
Completed,52,520,COMPLETED,SOBOL,0.85,345.0,0.74,4088,223,733,False
Completed,53,530,COMPLETED,SOBOL,0.19,21.0,0.0,5,2997,3221,True
Completed,54,540,COMPLETED,SOBOL,0.9,164.0,0.79,1325,1654,2114,False
Completed,55,550,COMPLETED,SOBOL,0.19,20.0,0.0,2869,3880,4642,True
Completed,56,560,COMPLETED,SOBOL,0.19,22.0,0.0,2568,1110,2316,True
Completed,57,570,COMPLETED,SOBOL,0.86,133.0,0.47000000000000003,1611,3337,4826,False
Completed,58,580,COMPLETED,SOBOL,0.19,21.0,0.0,350,2013,1246,True
Completed,59,590,COMPLETED,SOBOL,0.8300000000000001,106.0,0.77,3768,4787,3718,False
Completed,60,600,COMPLETED,SOBOL,0.9,304.0,0.99,4604,1259,4170,False
Completed,61,610,COMPLETED,SOBOL,0.19,32.0,0.0,1147,4111,1658,True
Completed,62,620,COMPLETED,SOBOL,0.75,251.0,0.72,2368,619,3052,False
Completed,63,630,COMPLETED,SOBOL,0.19,20.0,0.0,3286,2768,580,True
Completed,64,640,COMPLETED,SOBOL,0.91,254.0,1.0,3329,969,2928,False
Completed,65,650,COMPLETED,SOBOL,0.19,20.0,0.0,2411,3196,400,True
Completed,66,660,COMPLETED,SOBOL,0.87,177.0,0.5,1113,2155,4311,False
Completed,67,670,COMPLETED,SOBOL,0.19,22.0,0.0,4570,4929,1821,True
Completed,68,680,COMPLETED,SOBOL,0.19,21.0,0.0,3804,1430,1058,True
Completed,69,690,COMPLETED,SOBOL,0.72,68.0,0.09,386,4282,3585,False
Completed,70,700,COMPLETED,SOBOL,0.19,22.0,0.0,1567,449,2488,True
Completed,71,710,COMPLETED,SOBOL,0.79,98.0,0.9400000000000001,2523,2598,4976,False
Completed,72,720,COMPLETED,SOBOL,0.85,138.0,0.99,2824,2395,1991,False
Completed,73,730,COMPLETED,SOBOL,0.19,23.0,0.0,1280,4544,4463,True
Completed,74,740,COMPLETED,SOBOL,0.74,66.0,0.06,42,730,873,False
Completed,75,750,COMPLETED,SOBOL,0.19,22.0,0.0,4124,3582,3383,True
Completed,76,760,COMPLETED,SOBOL,0.19,75.0,0.0,4851,44,3870,True
Completed,77,770,COMPLETED,SOBOL,0.8300000000000001,85.0,0.28,808,2818,1397,False
Completed,78,780,COMPLETED,SOBOL,0.19,20.0,0.0,2085,1836,2801,True
Completed,79,790,COMPLETED,SOBOL,0.84,106.0,0.9,3668,4063,289,False
Completed,80,800,COMPLETED,SOBOL,0.19,21.0,0.0,3559,1683,4571,True
Completed,81,810,COMPLETED,SOBOL,0.58,39.0,0.52,2016,3832,2102,False
Completed,82,820,COMPLETED,SOBOL,0.19,59.0,0.0,716,194,3189,True
Completed,83,830,COMPLETED,SOBOL,0.87,138.0,1.0,4798,3045,681,False
Completed,84,840,COMPLETED,SOBOL,0.92,381.0,1.0,4354,909,1445,False
Completed,85,850,COMPLETED,SOBOL,0.19,20.0,0.0,312,3683,3915,True
Completed,86,860,COMPLETED,SOBOL,0.9,151.0,0.67,1494,2213,14,False
Completed,87,870,COMPLETED,SOBOL,0.19,24.0,0.0,3076,4439,2523,True
Completed,88,880,COMPLETED,SOBOL,0.19,238.0,0.0,2752,570,509,True
Completed,89,890,COMPLETED,SOBOL,0.89,281.0,0.65,1834,2797,3040,False
Completed,90,900,COMPLETED,SOBOL,0.19,24.0,0.0,592,1308,1627,True
Completed,91,910,COMPLETED,SOBOL,0.86,158.0,0.97,4049,4081,4119,False
Completed,92,920,COMPLETED,SOBOL,0.91,217.0,1.0,4454,1984,3632,False
Completed,93,930,COMPLETED,SOBOL,0.19,21.0,0.0,1036,4836,1102,True
Completed,94,940,COMPLETED,SOBOL,0.8,177.0,0.93,2317,1139,4702,False
Completed,95,950,COMPLETED,SOBOL,0.19,22.0,0.0,3274,3288,2211,True
Completed,96,960,COMPLETED,SOBOL,0.19,20.0,0.0,3158,2051,808,True
Completed,97,970,COMPLETED,SOBOL,0.6900000000000001,50.0,0.44,2201,4903,3297,False
Completed,98,980,COMPLETED,SOBOL,0.19,24.0,0.0,1001,1070,1877,True
Completed,99,990,COMPLETED,SOBOL,0.88,154.0,0.99,4419,3219,4406,False
Completed,100,1000,COMPLETED,SOBOL,0.71,271.0,0.39,3935,345,2708,False
Completed,101,1010,COMPLETED,SOBOL,0.19,427.0,0.0,478,2572,220,True
Completed,102,1020,COMPLETED,SOBOL,0.91,224.0,0.98,1795,1531,3826,False
Completed,103,1030,COMPLETED,SOBOL,0.19,22.0,0.0,2713,4305,1299,True
Completed,104,1040,COMPLETED,SOBOL,0.19,20.0,0.0,3033,665,4245,True
Completed,105,1050,COMPLETED,SOBOL,0.87,171.0,0.42,1451,3439,1735,False
Completed,106,1060,COMPLETED,SOBOL,0.19,21.0,0.0,192,2457,2814,True
Completed,107,1070,COMPLETED,SOBOL,0.86,134.0,0.9,4236,4684,343,False
Completed,108,1080,COMPLETED,SOBOL,0.91,267.0,1.0,4759,1771,2396,False
Completed,109,1090,COMPLETED,SOBOL,0.19,20.0,0.0,677,3920,4907,True
Completed,110,1100,COMPLETED,SOBOL,0.71,1454.0,0.18,1896,106,1014,False
Completed,111,1110,COMPLETED,SOBOL,0.19,22.0,0.0,3439,2958,3487,True
Completed,112,1120,COMPLETED,SOBOL,0.79,286.0,0.55,3711,287,1694,False
Completed,113,1130,COMPLETED,SOBOL,0.19,21.0,0.0,2129,3061,4202,True
Completed,114,1140,COMPLETED,SOBOL,0.89,142.0,0.58,927,1591,625,False
Completed,115,1150,COMPLETED,SOBOL,0.19,21.0,0.0,4970,3818,3094,True
Completed,116,1160,COMPLETED,SOBOL,0.19,20.0,0.0,4163,2306,4792,True
Completed,117,1170,COMPLETED,SOBOL,0.63,37.0,0.02,82,4455,2283,False
Completed,118,1180,COMPLETED,SOBOL,0.19,21.0,0.0,1401,817,3673,True
Completed,119,1190,COMPLETED,SOBOL,0.8200000000000001,96.0,0.79,2944,3669,1203,False
Completed,120,1200,COMPLETED,SOBOL,0.87,162.0,0.99,2639,1362,3257,False
Completed,121,1210,COMPLETED,SOBOL,0.19,24.0,0.0,1682,4214,765,True
Completed,122,1220,COMPLETED,SOBOL,0.5,322.0,0.09,421,518,4688,False
Completed,123,1230,COMPLETED,SOBOL,0.19,20.0,0.0,3839,2666,2156,True
Completed,124,1240,COMPLETED,SOBOL,0.19,561.0,0.0,4684,1194,104,True
Completed,125,1250,COMPLETED,SOBOL,0.84,101.0,0.35000000000000003,1227,3421,2595,False
Completed,126,1260,COMPLETED,SOBOL,0.19,20.0,0.0,2449,1931,1486,True
Completed,127,1270,COMPLETED,SOBOL,0.8200000000000001,106.0,0.7000000000000001,3367,4705,4016,False
Completed,128,1280,COMPLETED,SOBOL,0.19,80.0,0.0,3381,24,31,True
Completed,129,1290,COMPLETED,SOBOL,0.79,71.0,0.8300000000000001,2424,2875,2502,False
Completed,130,1300,COMPLETED,SOBOL,0.19,20.0,0.0,1241,1855,1422,True
Completed,131,1310,COMPLETED,SOBOL,0.87,280.0,0.99,4659,4003,3933,False
Completed,132,1320,COMPLETED,SOBOL,0.9,197.0,1.0,3864,2375,3174,False
Completed,133,1330,COMPLETED,SOBOL,0.19,22.0,0.0,406,4601,702,True
Completed,134,1340,COMPLETED,SOBOL,0.85,470.0,0.73,1707,749,4595,False
Completed,136,1360,COMPLETED,SOBOL,0.19,24.0,0.0,2969,1450,4718,True
Completed,137,1370,COMPLETED,SOBOL,0.8300000000000001,86.0,0.33,1387,4224,2190,False
Completed,138,1380,COMPLETED,SOBOL,0.19,21.0,0.0,107,430,3610,True
Completed,139,1390,COMPLETED,SOBOL,0.89,189.0,1.0,4150,2656,1120,False
Completed,140,1400,COMPLETED,SOBOL,0.92,471.0,1.0,4984,989,1611,False
Completed,141,1410,COMPLETED,SOBOL,0.19,22.0,0.0,902,3137,4139,True
Completed,142,1420,COMPLETED,SOBOL,0.6900000000000001,46.0,0.99,2143,2136,533,False
Completed,143,1430,COMPLETED,SOBOL,0.19,21.0,0.0,3686,4988,3021,True
Completed,144,1440,COMPLETED,SOBOL,0.89,190.0,1.0,3463,2003,2469,False
Completed,145,1450,COMPLETED,SOBOL,0.19,23.0,0.0,1881,4776,5000,True
Completed,146,1460,COMPLETED,SOBOL,0.9,118.0,0.62,700,1119,1078,False
Completed,147,1470,COMPLETED,SOBOL,0.19,22.0,0.0,4743,3345,3570,True
Completed,148,1480,COMPLETED,SOBOL,0.19,21.0,0.0,4251,589,4328,True
Completed,149,1490,COMPLETED,SOBOL,0.7000000000000001,58.0,0.06,169,2737,1799,False
Completed,150,1500,COMPLETED,SOBOL,0.19,22.0,0.0,1466,1287,2907,True
Completed,151,1510,COMPLETED,SOBOL,0.8200000000000001,67.0,0.72,3009,4139,416,False
Completed,152,1520,COMPLETED,SOBOL,0.9,212.0,1.0,2729,890,2782,False
Completed,153,1530,COMPLETED,SOBOL,0.19,20.0,0.0,1772,3741,313,True
Completed,154,1540,COMPLETED,SOBOL,0.8,108.0,0.22,493,2233,3890,False
Completed,155,1550,COMPLETED,SOBOL,0.19,25.0,0.0,3911,4381,1382,True
Completed,156,1560,COMPLETED,SOBOL,0.19,21.0,0.0,4443,1664,891,True
Completed,157,1570,COMPLETED,SOBOL,0.79,88.0,0.25,986,3890,3361,False
Completed,158,1580,COMPLETED,SOBOL,0.19,95.0,0.0,2225,214,1970,True
Completed,159,1590,COMPLETED,SOBOL,0.86,124.0,0.98,3143,2987,4479,False
Completed,160,1600,COMPLETED,SOBOL,0.9,177.0,1.0,3260,1751,3696,False
Completed,161,1610,COMPLETED,SOBOL,0.19,22.0,0.0,2342,3978,1185,True
Completed,162,1620,COMPLETED,SOBOL,0.53,139.0,0.02,1022,125,4775,False
Completed,163,1630,COMPLETED,SOBOL,0.19,20.0,0.0,4479,2899,2304,True
Completed,164,1640,COMPLETED,SOBOL,0.19,237.0,0.0,4024,646,602,True
Completed,165,1650,COMPLETED,SOBOL,0.78,78.0,0.17,606,3497,3113,False
Completed,166,1660,COMPLETED,SOBOL,0.19,21.0,0.0,1809,2477,1710,True
Completed,167,1670,COMPLETED,SOBOL,0.78,100.0,0.59,2766,4625,4182,False
Completed,168,1680,COMPLETED,SOBOL,0.8200000000000001,327.0,0.75,3051,365,1508,False
Completed,169,1690,COMPLETED,SOBOL,0.19,20.0,0.0,1508,2514,3998,True
Completed,170,1700,COMPLETED,SOBOL,0.81,56.0,0.19,287,1513,87,False
Completed,171,1710,COMPLETED,SOBOL,0.19,23.0,0.0,4369,4364,2616,True
Completed,172,1720,COMPLETED,SOBOL,0.19,22.0,0.0,4784,2072,4664,True
Completed,173,1730,COMPLETED,SOBOL,0.77,67.0,0.15,741,4845,2175,False
Completed,174,1740,COMPLETED,SOBOL,0.19,22.0,0.0,2002,1051,3272,True
Completed,175,1750,COMPLETED,SOBOL,0.85,133.0,1.0,3584,3278,745,False
Completed,176,1760,COMPLETED,SOBOL,0.19,22.0,0.0,3644,1213,3806,True
Completed,177,1770,COMPLETED,SOBOL,0.68,45.0,0.62,2101,3362,1314,False
Completed,178,1780,COMPLETED,SOBOL,0.19,21.0,0.0,784,1911,2727,True
Completed,179,1790,COMPLETED,SOBOL,0.84,93.0,1.0,4866,4763,196,False
Completed,180,1800,COMPLETED,SOBOL,0.91,268.0,1.0,4109,1382,1899,False
Completed,181,1810,COMPLETED,SOBOL,0.19,22.0,0.0,66,4155,4389,True
Completed,182,1820,COMPLETED,SOBOL,0.92,507.0,1.0,1265,498,790,False
Completed,183,1830,COMPLETED,SOBOL,0.19,21.0,0.0,2847,2724,3320,True
Completed,184,1840,COMPLETED,SOBOL,0.19,21.0,0.0,2508,2288,994,True
Completed,185,1850,COMPLETED,SOBOL,0.8300000000000001,105.0,0.35000000000000003,1590,4514,3502,False
Completed,186,1860,COMPLETED,SOBOL,0.19,20.0,0.0,371,838,2414,True
Completed,187,1870,COMPLETED,SOBOL,0.87,162.0,0.98,3827,3611,4883,False
Completed,188,1880,COMPLETED,SOBOL,0.74,235.0,0.41000000000000003,4546,269,2836,False
Completed,189,1890,COMPLETED,SOBOL,0.19,22.0,0.0,1128,3120,326,True
Completed,190,1900,COMPLETED,SOBOL,0.8300000000000001,117.0,0.99,2387,1612,4228,False
Completed,191,1910,COMPLETED,SOBOL,0.19,22.0,0.0,3344,3760,1758,True
Completed,192,1920,COMPLETED,SOBOL,0.87,562.0,0.99,3310,2428,4097,False
Completed,193,1930,COMPLETED,SOBOL,0.19,20.0,0.0,2353,4654,1566,True
Completed,194,1940,COMPLETED,SOBOL,0.87,405.0,0.74,1171,694,2989,False
Completed,195,1950,COMPLETED,SOBOL,0.19,23.0,0.0,4588,3468,497,True
Completed,196,1960,COMPLETED,SOBOL,0.19,97.0,0.0,3783,96,2233,True
Completed,197,1970,COMPLETED,SOBOL,0.77,76.0,0.11,326,2948,4763,False
Completed,198,1980,COMPLETED,SOBOL,0.19,22.0,0.0,1626,1781,1154,True
Completed,199,1990,COMPLETED,SOBOL,0.75,80.0,0.64,2544,3929,3644,False
Completed,200,2000,COMPLETED,SOBOL,0.91,156.0,1.0,2884,1081,659,False
Completed,201,2010,COMPLETED,SOBOL,0.19,20.0,0.0,1302,3229,3128,True
Completed,202,2020,COMPLETED,SOBOL,0.63,41.0,0.01,21,2043,2051,False
Completed,203,2030,COMPLETED,SOBOL,0.19,22.0,0.0,4064,4894,4559,True
Completed,204,2040,COMPLETED,SOBOL,0.19,22.0,0.0,4908,1562,2545,True
Completed,207,2070,COMPLETED,SOBOL,0.88,222.0,1.0,3611,2543,1457,False
Completed,209,2090,COMPLETED,SOBOL,0.88,235.0,0.72,1957,2695,934,False
Completed,210,2100,COMPLETED,SOBOL,0.19,21.0,0.0,776,1333,4514,True
Completed,212,2120,COMPLETED,SOBOL,0.9,253.0,1.0,4336,1941,267,False
Completed,213,2130,COMPLETED,SOBOL,0.19,38.0,0.0,254,4714,2740,True
Completed,214,2140,COMPLETED,SOBOL,0.92,233.0,0.99,1552,1184,1346,False
Completed,215,2150,COMPLETED,SOBOL,0.19,22.0,0.0,3095,3410,3858,True
Completed,216,2160,COMPLETED,SOBOL,0.19,21.0,0.0,2809,1582,1843,True
Completed,217,2170,COMPLETED,SOBOL,0.86,189.0,0.47000000000000003,1852,3809,4372,False
Completed,218,2180,COMPLETED,SOBOL,0.19,190.0,0.0,574,298,451,True
Completed,219,2190,COMPLETED,SOBOL,0.88,196.0,0.99,3992,3072,2941,False
Completed,220,2200,COMPLETED,SOBOL,0.86,600.0,0.91,4514,789,4954,False
Completed,221,2210,COMPLETED,SOBOL,0.19,21.0,0.0,1057,3640,2427,True
Completed,222,2220,COMPLETED,SOBOL,0.77,87.0,0.96,2295,2337,3534,False
Completed,223,2230,COMPLETED,SOBOL,0.19,21.0,0.0,3214,4485,1045,True
Completed,224,2240,COMPLETED,SOBOL,0.19,22.0,0.0,3179,720,2130,True
Completed,225,2250,COMPLETED,SOBOL,0.74,77.0,0.62,2261,3571,4622,False
Completed,226,2260,COMPLETED,SOBOL,0.19,21.0,0.0,942,2404,709,True
Completed,227,2270,COMPLETED,SOBOL,0.86,109.0,0.9500000000000001,4398,4553,3240,False
Completed,228,2280,COMPLETED,SOBOL,0.91,309.0,1.0,3954,1806,4043,False
Completed,229,2290,COMPLETED,SOBOL,0.19,21.0,0.0,536,4032,1552,True
Completed,230,2300,COMPLETED,SOBOL,0.19,103.0,0.0,1738,73,2651,False
Completed,231,2310,COMPLETED,SOBOL,0.19,851.0,0.0,2695,2846,121,True
Completed,232,2320,COMPLETED,SOBOL,0.19,21.0,0.0,2976,2185,3067,True
Completed,233,2330,COMPLETED,SOBOL,0.8200000000000001,102.0,0.29,1433,4958,559,False
Completed,234,2340,COMPLETED,SOBOL,0.19,20.0,0.0,211,940,4146,True
Completed,235,2350,COMPLETED,SOBOL,0.88,207.0,1.0,4293,3166,1677,False
Completed,236,2360,COMPLETED,SOBOL,0.92,541.0,1.0,4699,459,1230,False
Completed,237,2370,COMPLETED,SOBOL,0.19,21.0,0.0,656,2607,3739,True
Completed,238,2380,COMPLETED,SOBOL,0.91,326.0,0.98,1917,1421,2339,False
Completed,239,2390,COMPLETED,SOBOL,0.19,22.0,0.0,3499,4272,4809,True
Completed,240,2400,COMPLETED,SOBOL,0.91,244.0,1.0,3730,1317,370,False
Completed,241,2410,COMPLETED,SOBOL,0.19,21.0,0.0,2187,4090,2880,True
Completed,242,2420,COMPLETED,SOBOL,0.89,281.0,0.73,869,560,1791,False
Completed,243,2430,COMPLETED,SOBOL,0.19,23.0,0.0,4951,2786,4263,True
Completed,244,2440,COMPLETED,SOBOL,0.19,23.0,0.0,4184,1168,3460,True
Completed,245,2450,COMPLETED,SOBOL,0.6900000000000001,34.0,0.04,141,3316,948,False
Completed,246,2460,COMPLETED,SOBOL,0.19,20.0,0.0,1341,1954,4851,True
Completed,247,2470,COMPLETED,SOBOL,0.79,75.0,0.6000000000000001,2923,4805,2379,False
Completed,248,2480,COMPLETED,SOBOL,0.48,166.0,0.12,2579,165,4433,False
Completed,249,2490,COMPLETED,SOBOL,0.19,21.0,0.0,1661,3016,1943,True
Completed,250,2500,COMPLETED,SOBOL,0.8300000000000001,107.0,0.25,442,1713,3353,False
Completed,251,2510,COMPLETED,SOBOL,0.19,20.0,0.0,3899,3861,825,True
Completed,252,2520,COMPLETED,SOBOL,0.19,22.0,0.0,4627,2203,1272,True
Completed,253,2530,COMPLETED,SOBOL,0.8200000000000001,93.0,0.27,1209,4430,3761,False
Completed,254,2540,COMPLETED,SOBOL,0.19,443.0,0.0,2467,919,164,True
Completed,255,2550,COMPLETED,SOBOL,0.87,125.0,0.91,3424,3693,2691,False
Completed,256,2560,COMPLETED,SOBOL,0.19,23.0,0.0,3429,929,4619,True
Completed,257,2570,COMPLETED,SOBOL,0.76,68.0,0.66,2472,3703,2147,False
Completed,258,2580,COMPLETED,SOBOL,0.19,21.0,0.0,1194,2194,3227,True
Completed,259,2590,COMPLETED,SOBOL,0.87,129.0,1.0,4612,4421,717,False
Completed,260,2600,COMPLETED,SOBOL,0.91,229.0,1.0,3894,1703,1554,False
Completed,261,2610,COMPLETED,SOBOL,0.19,23.0,0.0,437,3852,4026,True
Completed,262,2620,COMPLETED,SOBOL,0.92,1679.0,1.0,1676,175,132,False
Completed,263,2630,COMPLETED,SOBOL,0.19,24.0,0.0,2593,3027,2644,True
Completed,264,2640,COMPLETED,SOBOL,0.19,22.0,0.0,2919,1965,556,True
Completed,265,2650,COMPLETED,SOBOL,0.81,103.0,0.27,1336,4817,3085,False
Completed,266,2660,COMPLETED,SOBOL,0.19,26.0,0.0,156,1160,1665,True
Completed,267,2670,COMPLETED,SOBOL,0.88,170.0,0.99,4199,3308,4154,False
Completed,268,2680,COMPLETED,SOBOL,0.8,393.0,0.77,4956,552,3741,False
Completed,269,2690,COMPLETED,SOBOL,0.19,23.0,0.0,874,2779,1214,True
Completed,270,2700,COMPLETED,SOBOL,0.77,108.0,0.97,2172,1328,4820,False
Completed,271,2710,COMPLETED,SOBOL,0.19,23.0,0.0,3715,4102,2332,True
Completed,272,2720,COMPLETED,SOBOL,0.9,266.0,1.0,3514,1409,2883,False
Completed,273,2730,COMPLETED,SOBOL,0.19,26.0,0.0,1932,4261,352,True
Completed,274,2740,COMPLETED,SOBOL,0.51,352.0,0.09,651,467,4275,False
Completed,275,2750,COMPLETED,SOBOL,0.19,32.0,0.0,4694,2616,1783,True
Completed,276,2760,COMPLETED,SOBOL,0.19,27.0,0.0,4278,948,946,True
Completed,277,2770,COMPLETED,SOBOL,0.68,67.0,0.06,196,3175,3476,False
Completed,278,2780,COMPLETED,SOBOL,0.19,21.0,0.0,1438,2173,2367,True
Completed,279,2790,COMPLETED,SOBOL,0.78,119.0,0.59,2981,4947,4858,False
Completed,280,2800,COMPLETED,SOBOL,0.45,109.0,0.02,2680,62,1946,False
Completed,281,2810,COMPLETED,SOBOL,0.19,23.0,0.0,1723,2836,4415,True
Completed,282,2820,COMPLETED,SOBOL,0.84,77.0,0.29,540,1815,837,False
Completed,283,2830,COMPLETED,SOBOL,0.19,21.0,0.0,3959,4042,3345,True
Completed,284,2840,COMPLETED,SOBOL,0.19,22.0,0.0,4413,2413,3759,True
Completed,285,2850,COMPLETED,SOBOL,0.79,80.0,0.21,956,4562,1288,False
Completed,286,2860,COMPLETED,SOBOL,0.19,21.0,0.0,2256,709,2680,True
Completed,287,2870,COMPLETED,SOBOL,0.8300000000000001,119.0,0.89,3174,3561,171,False
Completed,288,2880,COMPLETED,SOBOL,0.87,158.0,0.99,3209,2325,1578,False
Completed,289,2890,COMPLETED,SOBOL,0.19,21.0,0.0,2291,4474,4089,True
Completed,290,2900,COMPLETED,SOBOL,0.91,265.0,1.0,1072,797,499,False
Completed,291,2910,COMPLETED,SOBOL,0.19,22.0,0.0,4528,3648,2971,True
Completed,292,2920,COMPLETED,SOBOL,0.19,30.0,0.0,3997,306,4751,True
Completed,293,2930,COMPLETED,SOBOL,0.8200000000000001,74.0,0.18,579,3080,2240,False
Completed,294,2940,COMPLETED,SOBOL,0.19,26.0,0.0,1837,1571,3643,True
Completed,295,2950,COMPLETED,SOBOL,0.8,76.0,0.73,2794,3797,1170,False
Completed,296,2960,COMPLETED,SOBOL,0.9,255.0,0.99,3100,1173,3141,False
Completed,297,2970,COMPLETED,SOBOL,0.19,30.0,0.0,1557,3400,652,True
Completed,298,2980,COMPLETED,SOBOL,0.79,90.0,0.12,239,1950,4562,False
Completed,299,2990,COMPLETED,SOBOL,0.19,24.0,0.0,4321,4723,2033,True
Completed,300,3000,COMPLETED,SOBOL,0.19,678.0,0.0,4814,1342,64,True
Completed,301,3010,COMPLETED,SOBOL,0.78,78.0,0.18,771,4194,2552,False
Completed,302,3020,COMPLETED,SOBOL,0.19,40.0,0.0,1971,536,1455,True
Completed,303,3030,COMPLETED,SOBOL,0.88,143.0,0.99,3553,2685,3983,False
Completed,304,3040,COMPLETED,SOBOL,0.19,163.0,0.0,3596,327,921,True
Completed,305,3050,COMPLETED,SOBOL,0.65,61.0,0.78,2053,2554,3413,False
Completed,306,3060,COMPLETED,SOBOL,0.19,22.0,0.0,831,1552,2000,True
Completed,307,3070,COMPLETED,SOBOL,0.86,121.0,0.99,4913,4326,4532,False
Completed,308,3080,COMPLETED,SOBOL,0.9,231.0,1.0,4078,2033,2751,False
Completed,309,3090,COMPLETED,SOBOL,0.19,23.0,0.0,35,4885,260,True
Completed,310,3100,COMPLETED,SOBOL,0.9,256.0,0.88,1297,1091,3859,False
Completed,311,3110,COMPLETED,SOBOL,0.19,22.0,0.0,2879,3240,1329,True
Completed,312,3120,COMPLETED,SOBOL,0.19,22.0,0.0,2559,1792,4359,True
Completed,313,3130,COMPLETED,SOBOL,0.86,99.0,0.41000000000000003,1641,3941,1851,False
Completed,314,3140,COMPLETED,SOBOL,0.19,92.0,0.0,321,88,2938,True
Completed,315,3150,COMPLETED,SOBOL,0.89,123.0,1.0,3779,2940,469,False
Completed,316,3160,COMPLETED,SOBOL,0.92,500.0,1.0,4574,686,2439,False
Completed,317,3170,COMPLETED,SOBOL,0.19,28.0,0.0,1156,3460,4948,True
Completed,318,3180,COMPLETED,SOBOL,0.77,65.0,0.9500000000000001,2358,2439,1047,False
Completed,319,3190,COMPLETED,SOBOL,0.19,21.0,0.0,3315,4666,3517,True
Completed,320,3200,COMPLETED,SOBOL,0.91,206.0,1.0,3359,1619,1177,False
Completed,321,3210,COMPLETED,SOBOL,0.19,29.0,0.0,2401,3768,3709,True
Completed,322,3220,COMPLETED,SOBOL,0.64,205.0,0.15,1123,257,2286,False
Completed,323,3230,COMPLETED,SOBOL,0.19,20.0,0.0,4541,3109,4778,True
Completed,324,3240,COMPLETED,SOBOL,0.19,20.0,0.0,3813,826,3120,True
Completed,325,3250,COMPLETED,SOBOL,0.77,64.0,0.1,356,3600,590,False
Completed,326,3260,COMPLETED,SOBOL,0.19,23.0,0.0,1595,2296,4199,True
Completed,327,3270,COMPLETED,SOBOL,0.75,76.0,0.55,2513,4522,1708,False
Completed,328,3280,COMPLETED,SOBOL,0.6900000000000001,307.0,0.47000000000000003,2833,507,3990,False
Completed,329,3290,COMPLETED,SOBOL,0.19,20.0,0.0,1251,2734,1521,True
Completed,330,3300,COMPLETED,SOBOL,0.71,70.0,0.05,71,1371,2598,False
Completed,331,3310,COMPLETED,SOBOL,0.19,1301.0,0.0,4113,4145,90,True
Completed,332,3320,COMPLETED,SOBOL,0.19,23.0,0.0,4881,1901,2182,True
Completed,333,3330,COMPLETED,SOBOL,0.76,87.0,0.17,799,4753,4652,False
Completed,334,3340,COMPLETED,SOBOL,0.19,22.0,0.0,2096,1222,762,True
Completed,335,3350,COMPLETED,SOBOL,0.87,118.0,0.99,3639,3371,3271,False
Completed,336,3360,COMPLETED,SOBOL,0.19,21.0,0.0,3589,1042,1322,True
Completed,337,3370,COMPLETED,SOBOL,0.55,54.0,0.6000000000000001,2007,3269,3793,False
Completed,338,3380,COMPLETED,SOBOL,0.19,543.0,0.0,727,2082,214,True
Completed,339,3390,COMPLETED,SOBOL,0.84,101.0,0.97,4770,4856,2724,False
Completed,340,3400,COMPLETED,SOBOL,0.92,233.0,1.0,4364,1523,4383,False
Completed,341,3410,COMPLETED,SOBOL,0.19,95.0,0.0,282,4375,1910,True
Completed,342,3420,COMPLETED,SOBOL,0.6900000000000001,274.0,0.23,1523,356,3303,False
Completed,343,3430,COMPLETED,SOBOL,0.19,22.0,0.0,3066,2505,792,True
Completed,344,3440,COMPLETED,SOBOL,0.19,20.0,0.0,2761,2469,3510,True
Completed,345,3450,COMPLETED,SOBOL,0.86,83.0,0.39,1804,4617,981,False
Completed,346,3460,COMPLETED,SOBOL,0.19,21.0,0.0,621,657,4901,True
Completed,347,3470,COMPLETED,SOBOL,0.88,138.0,0.99,4039,3509,2412,False
Completed,348,3480,COMPLETED,SOBOL,0.91,2311.0,1.0,4484,137,320,False
Completed,349,3490,COMPLETED,SOBOL,0.19,21.0,0.0,1027,2911,2847,True
Completed,1850,18500,COMPLETED,SOBOL,0.87,148.0,0.44,324,688,328,False
Completed,1851,18510,COMPLETED,SOBOL,0.19,21.0,0.0,3781,3462,2839,True
Completed,1852,18520,COMPLETED,SOBOL,0.19,72.0,0.0,4587,85,4893,True
Completed,1853,18530,COMPLETED,SOBOL,0.86,113.0,0.39,1169,2937,2420,False
Completed,1854,18540,COMPLETED,SOBOL,0.19,20.0,0.0,2350,1790,3501,True
Completed,1855,18550,COMPLETED,SOBOL,0.85,77.0,0.84,3307,3938,990,False
Completed,1856,18560,COMPLETED,SOBOL,0.19,21.0,0.0,3342,2298,3651,True
Completed,1857,18570,COMPLETED,SOBOL,0.74,44.0,0.52,2385,4525,1162,False
Completed,1858,18580,COMPLETED,SOBOL,0.19,22.0,0.0,1124,828,4760,True
Completed,1859,18590,COMPLETED,SOBOL,0.87,127.0,1.0,4542,3602,2231,False
Completed,1860,18600,COMPLETED,SOBOL,0.92,898.0,1.0,3825,255,491,False
Completed,1861,18610,COMPLETED,SOBOL,0.19,20.0,0.0,368,3106,2979,True
Completed,1862,18620,COMPLETED,SOBOL,0.9,209.0,0.96,1589,1617,1570,False
Completed,1863,18630,COMPLETED,SOBOL,0.19,21.0,0.0,2507,3765,4097,True
Completed,1864,18640,COMPLETED,SOBOL,0.19,21.0,0.0,2852,1224,1464,True
Completed,1865,18650,COMPLETED,SOBOL,0.85,114.0,0.37,1270,3373,3974,False
Completed,1866,18660,COMPLETED,SOBOL,0.19,831.0,0.0,67,1903,72,True
Completed,1867,18670,COMPLETED,SOBOL,0.87,106.0,0.85,4110,4755,2543,False
Completed,1868,18680,COMPLETED,SOBOL,0.9,339.0,1.0,4866,1368,4553,False
Completed,1869,18690,COMPLETED,SOBOL,0.19,21.0,0.0,784,4142,2042,True
Completed,1870,18700,COMPLETED,SOBOL,0.62,276.0,0.5,2104,504,3133,False
Completed,1871,18710,COMPLETED,SOBOL,0.19,20.0,0.0,3647,2731,660,True
Completed,1872,18720,COMPLETED,SOBOL,0.6900000000000001,266.0,0.36,3580,353,3848,False
Completed,1873,18730,COMPLETED,SOBOL,0.19,22.0,0.0,1998,2502,1340,True
Completed,1874,18740,COMPLETED,SOBOL,0.87,139.0,0.47000000000000003,739,1520,2740,False
Completed,1875,18750,COMPLETED,SOBOL,0.19,22.0,0.0,4782,4372,271,True
Completed,1876,18760,COMPLETED,SOBOL,0.19,22.0,0.0,4368,2084,2012,True
Completed,1877,18770,COMPLETED,SOBOL,0.72,57.0,0.06,286,4858,4521,False
Completed,1878,18780,COMPLETED,SOBOL,0.19,20.0,0.0,1505,1044,932,True
Completed,1879,18790,COMPLETED,SOBOL,0.86,116.0,0.92,3049,3271,3402,False
Completed,1880,18800,COMPLETED,SOBOL,0.88,122.0,1.0,2767,1741,1036,False
Completed,1881,18810,COMPLETED,SOBOL,0.19,21.0,0.0,1810,3967,3528,True
Completed,1882,18820,COMPLETED,SOBOL,0.48,142.0,0.03,611,134,2427,False
Completed,1883,18830,COMPLETED,SOBOL,0.19,21.0,0.0,4029,2908,4959,True
Completed,1884,18840,COMPLETED,SOBOL,0.19,22.0,0.0,4482,659,2949,True
Completed,1885,18850,COMPLETED,SOBOL,0.81,81.0,0.29,1025,3511,458,False
Completed,1886,18860,COMPLETED,SOBOL,0.19,21.0,0.0,2342,2471,4370,True
Completed,1887,18870,COMPLETED,SOBOL,0.8,85.0,0.7000000000000001,3260,4619,1840,False
Completed,1888,18880,COMPLETED,SOBOL,0.92,227.0,1.0,3142,883,124,False
Completed,1889,18890,COMPLETED,SOBOL,0.19,22.0,0.0,2224,3735,2653,True
Completed,1890,18900,COMPLETED,SOBOL,0.85,147.0,0.43,983,2246,1545,False
Completed,1891,18910,COMPLETED,SOBOL,0.19,22.0,0.0,4440,4394,4035,True
Completed,1892,18920,COMPLETED,SOBOL,0.19,21.0,0.0,3907,1672,3236,True
Completed,1893,18930,COMPLETED,SOBOL,0.76,53.0,0.12,489,3899,708,False
Completed,1894,18940,COMPLETED,SOBOL,0.19,22.0,0.0,1769,202,4627,True
Completed,1895,18950,COMPLETED,SOBOL,0.8200000000000001,122.0,0.9,2727,2976,2139,False
Completed,1896,18960,COMPLETED,SOBOL,0.86,184.0,0.99,3012,1997,4812,False
Completed,1897,18970,COMPLETED,SOBOL,0.19,21.0,0.0,1470,4771,2340,True
Completed,1898,18980,COMPLETED,SOBOL,0.79,127.0,0.13,169,1133,3732,False
Completed,1899,18990,COMPLETED,SOBOL,0.19,24.0,0.0,4251,3360,1222,True
Completed,1900,19000,COMPLETED,SOBOL,0.19,22.0,0.0,4745,598,1673,True
Completed,1901,19010,COMPLETED,SOBOL,0.8,97.0,0.25,702,2747,4146,False
Completed,1902,19020,COMPLETED,SOBOL,0.19,107.0,0.0,1885,1277,565,True
Completed,1903,19030,COMPLETED,SOBOL,0.85,119.0,0.8300000000000001,3467,4129,3076,False
Completed,1904,19040,COMPLETED,SOBOL,0.19,21.0,0.0,3683,1456,2378,True
Completed,1905,19050,COMPLETED,SOBOL,0.64,68.0,0.5,2140,4230,4847,False
Completed,1906,19060,COMPLETED,SOBOL,0.19,152.0,0.0,901,416,957,True
Completed,1907,19070,COMPLETED,SOBOL,0.9,169.0,1.0,4983,2643,3465,False
Completed,1908,19080,COMPLETED,SOBOL,0.91,460.0,0.98,4148,980,4264,False
Completed,1909,19090,COMPLETED,SOBOL,0.19,20.0,0.0,104,3128,1794,True
Completed,1910,19100,COMPLETED,SOBOL,0.9,207.0,0.63,1383,2147,2872,False
Completed,1911,19110,COMPLETED,SOBOL,0.19,22.0,0.0,2965,4999,363,True
Completed,1912,19120,COMPLETED,SOBOL,0.19,80.0,0.0,2625,31,2691,True
Completed,1913,19130,COMPLETED,SOBOL,0.88,148.0,0.59,1707,2883,160,False
Completed,1914,19140,COMPLETED,SOBOL,0.19,22.0,0.0,410,1842,3770,True
Completed,1915,19150,COMPLETED,SOBOL,0.85,159.0,0.96,3867,3991,1278,False
Completed,1916,19160,COMPLETED,SOBOL,0.9,203.0,1.0,4663,2367,826,False
Completed,1917,19170,COMPLETED,SOBOL,0.19,21.0,0.0,1246,4594,3356,True
Completed,1918,19180,COMPLETED,SOBOL,0.88,123.0,1.0,2426,761,1935,False
Completed,1919,19190,COMPLETED,SOBOL,0.19,23.0,0.0,3383,3534,4426,True
Completed,1920,19200,COMPLETED,SOBOL,0.9,201.0,1.0,3367,1349,909,False
Completed,1921,19210,COMPLETED,SOBOL,0.19,21.0,0.0,2450,4200,3420,True
Completed,1922,19220,COMPLETED,SOBOL,0.9,366.0,0.8200000000000001,1230,523,2028,False
Completed,1923,19230,COMPLETED,SOBOL,0.19,21.0,0.0,4687,2672,4499,True
Completed,1924,19240,COMPLETED,SOBOL,0.19,21.0,0.0,3843,1205,2764,True
Completed,1925,19250,COMPLETED,SOBOL,0.75,51.0,0.12,425,3431,252,False
Completed,1926,19260,COMPLETED,SOBOL,0.19,21.0,0.0,1683,1922,3833,True
Completed,1927,19270,COMPLETED,SOBOL,0.78,50.0,0.56,2640,4696,1360,False
Completed,1928,19280,COMPLETED,SOBOL,0.63,227.0,0.29,2941,275,4347,False
Completed,1929,19290,COMPLETED,SOBOL,0.19,22.0,0.0,1398,3048,1858,True
Completed,1930,19300,COMPLETED,SOBOL,0.72,76.0,0.05,81,1598,2965,False
Completed,1931,19310,COMPLETED,SOBOL,0.19,21.0,0.0,4163,3825,437,True
Completed,1932,19320,COMPLETED,SOBOL,0.19,22.0,0.0,4968,2319,2451,True
Completed,1933,19330,COMPLETED,SOBOL,0.8,77.0,0.2,925,4467,4940,False
Completed,1934,19340,COMPLETED,SOBOL,0.19,21.0,0.0,2125,810,1021,True
Completed,1935,19350,COMPLETED,SOBOL,0.86,157.0,0.98,3707,3661,3548,False
Completed,1936,19360,COMPLETED,SOBOL,0.19,20.0,0.0,3442,679,1590,True
Completed,1937,19370,COMPLETED,SOBOL,0.88,139.0,0.54,1899,3452,4082,False
Completed,1938,19380,COMPLETED,SOBOL,0.19,20.0,0.0,677,2451,472,True
Completed,1939,19390,COMPLETED,SOBOL,0.84,130.0,0.99,4759,4677,3003,False
Completed,1940,19400,COMPLETED,SOBOL,0.91,225.0,1.0,4237,1760,4738,False
Completed,1941,19410,COMPLETED,SOBOL,0.19,22.0,0.0,194,3908,2248,True
Completed,1942,19420,COMPLETED,SOBOL,0.53,132.0,0.02,1455,115,3669,False
Completed,1943,19430,COMPLETED,SOBOL,0.19,20.0,0.0,3037,2966,1139,True
Completed,1944,19440,COMPLETED,SOBOL,0.19,21.0,0.0,2713,2066,3153,True
Completed,1945,19450,COMPLETED,SOBOL,0.84,86.0,0.36,1794,4917,645,False
Completed,1946,19460,COMPLETED,SOBOL,0.19,20.0,0.0,475,1065,4534,True
Completed,1947,19470,COMPLETED,SOBOL,0.89,147.0,1.0,3932,3213,2065,False
Completed,1948,19480,COMPLETED,SOBOL,0.92,1014.0,1.0,4415,335,51,False
Completed,1949,19490,COMPLETED,SOBOL,0.19,21.0,0.0,997,2561,2560,True
Completed,1950,19500,COMPLETED,SOBOL,0.77,61.0,1.0,2199,1541,1482,False
Completed,1951,19510,COMPLETED,SOBOL,0.19,33.0,0.0,3156,4314,3952,True
Completed,1952,19520,COMPLETED,SOBOL,0.19,22.0,0.0,3275,578,2856,True
Completed,1953,19530,COMPLETED,SOBOL,0.77,48.0,0.8200000000000001,2318,2804,385,False
Completed,1954,19540,COMPLETED,SOBOL,0.19,22.0,0.0,1040,1296,4287,True
Completed,1955,19550,COMPLETED,SOBOL,0.86,114.0,1.0,4458,4069,1776,False
Completed,1956,19560,COMPLETED,SOBOL,0.9,229.0,1.0,4052,1977,973,False
Completed,1957,19570,COMPLETED,SOBOL,0.19,20.0,0.0,596,4828,3445,True
Completed,1958,19580,COMPLETED,SOBOL,0.92,262.0,0.99,1834,1152,2354,False
Completed,1959,19590,COMPLETED,SOBOL,0.19,20.0,0.0,2752,3300,4866,True
Completed,1960,19600,COMPLETED,SOBOL,0.19,23.0,0.0,3072,1692,1919,True
Completed,1961,19610,COMPLETED,SOBOL,0.8300000000000001,156.0,0.38,1490,3840,4447,False
Completed,1962,19620,COMPLETED,SOBOL,0.19,131.0,0.0,309,183,849,True
Completed,1963,19630,COMPLETED,SOBOL,0.88,165.0,1.0,4352,3035,3339,False
Completed,1964,19640,COMPLETED,SOBOL,0.91,367.0,0.99,4797,904,3785,False
Completed,1965,19650,COMPLETED,SOBOL,0.19,20.0,0.0,715,3677,1257,True
Completed,1966,19660,COMPLETED,SOBOL,0.61,52.0,0.89,2013,2227,2667,False
Completed,1967,19670,COMPLETED,SOBOL,0.19,95.0,0.0,3556,4453,179,True
Completed,1968,19680,COMPLETED,SOBOL,0.89,200.0,1.0,3672,2386,4646,False
Completed,1969,19690,COMPLETED,SOBOL,0.19,21.0,0.0,2090,4534,2115,True
Completed,1970,19700,COMPLETED,SOBOL,0.87,297.0,0.71,809,741,3216,False
Completed,1971,19710,COMPLETED,SOBOL,0.19,25.0,0.0,4852,3592,724,True
Completed,1972,19720,COMPLETED,SOBOL,0.19,88.0,0.0,4124,50,1528,True
Completed,1973,19730,COMPLETED,SOBOL,0.65,55.0,0.01,42,2823,4057,False
Completed,1974,19740,COMPLETED,SOBOL,0.19,1073.0,0.0,1284,1822,145,True
Completed,1975,19750,COMPLETED,SOBOL,0.8,78.0,0.6900000000000001,2827,4048,2636,False
Completed,1976,19760,COMPLETED,SOBOL,0.89,167.0,1.0,2522,961,584,False
Completed,1977,19770,COMPLETED,SOBOL,0.19,23.0,0.0,1564,3187,3053,True
Completed,1978,19780,COMPLETED,SOBOL,0.81,67.0,0.17,382,2167,1653,False
Completed,1979,19790,COMPLETED,SOBOL,0.19,20.0,0.0,3800,4940,4161,True
Completed,1980,19800,COMPLETED,SOBOL,0.19,23.0,0.0,4567,1437,3715,True
Completed,1981,19810,COMPLETED,SOBOL,0.8200000000000001,91.0,0.26,1110,4288,1245,False
Completed,1982,19820,COMPLETED,SOBOL,0.19,21.0,0.0,2410,436,4833,True
Completed,1983,19830,COMPLETED,SOBOL,0.88,117.0,0.99,3328,2584,2324,False
Completed,1984,19840,COMPLETED,SOBOL,0.19,20.0,0.0,3282,1103,4976,True
Completed,1985,19850,COMPLETED,SOBOL,0.74,57.0,0.7000000000000001,2364,3329,2484,False
Completed,1986,19860,COMPLETED,SOBOL,0.19,20.0,0.0,1144,2026,3594,True
Completed,1987,19870,COMPLETED,SOBOL,0.87,86.0,0.9500000000000001,4602,4799,1063,False
Completed,1988,19880,COMPLETED,SOBOL,0.91,259.0,1.0,3767,1267,1823,False
Completed,1989,19890,COMPLETED,SOBOL,0.19,21.0,0.0,349,4118,4314,True
Completed,1990,19900,COMPLETED,SOBOL,0.92,386.0,0.98,1608,607,392,False
Completed,1991,19910,COMPLETED,SOBOL,0.19,21.0,0.0,2565,2756,2922,True
Completed,1992,19920,COMPLETED,SOBOL,0.19,308.0,0.0,2870,2256,289,True
Completed,1993,19930,COMPLETED,SOBOL,0.8200000000000001,93.0,0.30000000000000004,1327,4404,2796,False
Completed,1994,19940,COMPLETED,SOBOL,0.19,21.0,0.0,10,874,1406,True
Completed,1995,19950,COMPLETED,SOBOL,0.86,221.0,0.99,4092,3726,3875,False
Completed,1996,19960,COMPLETED,SOBOL,0.72,207.0,0.41000000000000003,4887,232,3385,False
Completed,1997,19970,COMPLETED,SOBOL,0.19,20.0,0.0,844,3005,876,True
Completed,1998,19980,COMPLETED,SOBOL,0.67,114.0,0.98,2044,1643,4455,False
Completed,1999,19990,COMPLETED,SOBOL,0.19,25.0,0.0,3626,3870,1985,True
Completed,2050,20500,COMPLETED,SOBOL,0.61,266.0,0.29,2818,293,3830,False
Completed,2051,20510,COMPLETED,SOBOL,0.19,21.0,0.0,1614,3644,1656,True
Completed,2052,20520,COMPLETED,SOBOL,0.86,133.0,0.36,852,2295,2876,False
Completed,2053,20530,COMPLETED,SOBOL,0.19,1276.0,0.0,4557,3771,77,True
Completed,2054,20540,COMPLETED,SOBOL,0.19,21.0,0.0,3887,1294,1975,True
Completed,2055,20550,COMPLETED,SOBOL,0.66,63.0,0.02,115,4811,4801,False
Completed,2056,20560,COMPLETED,SOBOL,0.19,20.0,0.0,2438,1128,982,True
Completed,2057,20570,COMPLETED,SOBOL,0.89,177.0,1.0,3712,2769,3182,False
Completed,2058,20580,COMPLETED,SOBOL,0.89,144.0,1.0,3348,2102,917,False
Completed,2059,20590,COMPLETED,SOBOL,0.19,21.0,0.0,2066,4374,3716,True
Completed,2060,20600,COMPLETED,SOBOL,0.5,226.0,0.05,327,315,2379,False
Completed,2061,20610,COMPLETED,SOBOL,0.19,21.0,0.0,4110,3211,4553,True
Completed,2062,20620,COMPLETED,SOBOL,0.19,21.0,0.0,4925,769,2811,True
Completed,2063,20630,COMPLETED,SOBOL,0.86,97.0,0.43,1230,2875,611,False
Completed,2064,20640,COMPLETED,SOBOL,0.19,23.0,0.0,1406,1814,4234,True
Completed,2065,20650,COMPLETED,SOBOL,0.76,60.0,0.57,2601,4545,1409,False
Completed,2066,20660,COMPLETED,SOBOL,0.19,21.0,0.0,2741,1579,3506,True
Completed,2067,20670,COMPLETED,SOBOL,0.84,82.0,0.34,1535,4467,691,False
Completed,2068,20680,COMPLETED,SOBOL,0.19,23.0,0.0,1085,845,4466,True
Completed,2069,20690,COMPLETED,SOBOL,0.88,176.0,1.0,4793,3111,2276,False
Completed,2070,20700,COMPLETED,SOBOL,0.92,441.0,1.0,4280,548,363,False
Completed,2071,20710,COMPLETED,SOBOL,0.19,20.0,0.0,505,3291,2546,True
Completed,2072,20720,COMPLETED,SOBOL,0.9,182.0,0.93,1891,2023,1361,False
Completed,2073,20730,COMPLETED,SOBOL,0.19,21.0,0.0,3167,4140,4170,True
Completed,2074,20740,COMPLETED,SOBOL,0.19,22.0,0.0,3584,1048,1748,True
Completed,2075,20750,COMPLETED,SOBOL,0.77,66.0,0.89,2299,2537,3939,False
Completed,2076,20760,COMPLETED,SOBOL,0.19,424.0,0.0,247,1527,281,True
Completed,2077,20770,COMPLETED,SOBOL,0.87,106.0,0.81,4033,4890,3096,False
Completed,2078,20780,COMPLETED,SOBOL,0.89,216.0,0.99,4380,2372,4853,False
Completed,2079,20790,COMPLETED,SOBOL,0.19,22.0,0.0,683,4006,2045,True
Completed,2080,20800,COMPLETED,SOBOL,0.19,100.0,0.0,1795,57,3425,False
Completed,2081,20810,COMPLETED,SOBOL,0.19,20.0,0.0,2994,3567,1241,True
Completed,2082,20820,COMPLETED,SOBOL,0.19,20.0,0.0,3091,2246,2458,True
Completed,2083,20830,COMPLETED,SOBOL,0.86,148.0,0.46,1816,3878,4631,False
Completed,2084,20840,COMPLETED,SOBOL,0.19,142.0,0.0,741,185,839,True
Completed,2085,20850,COMPLETED,SOBOL,0.87,167.0,0.99,4517,3693,3637,False
Completed,2086,20860,COMPLETED,SOBOL,0.9,336.0,0.98,3935,1215,4313,False
Completed,2087,20870,COMPLETED,SOBOL,0.19,23.0,0.0,228,2702,1487,True
Completed,2088,20880,COMPLETED,SOBOL,0.82,87.0,0.98,2239,1363,2732,False
Completed,2089,20890,COMPLETED,SOBOL,0.19,23.0,0.0,3447,4722,532,True
Completed,2090,20900,COMPLETED,SOBOL,0.19,23.0,0.0,3225,461,2953,True
Completed,2091,20910,COMPLETED,SOBOL,0.6,28.0,0.63,2028,3202,155,False
Completed,2092,20920,COMPLETED,SOBOL,0.19,23.0,0.0,602,2112,3752,True
Completed,2093,20930,COMPLETED,SOBOL,0.87,135.0,0.99,4300,4227,1579,False
Completed,2094,20940,COMPLETED,SOBOL,0.91,198.0,1.0,4733,1785,1060,False
Completed,2095,20950,COMPLETED,SOBOL,0.19,20.0,0.0,949,4671,3260,True
Completed,2096,20960,COMPLETED,SOBOL,0.92,359.0,1.0,1436,642,1897,False
Completed,2097,20970,COMPLETED,SOBOL,0.19,22.0,0.0,2722,2904,4723,True
Completed,2098,20980,COMPLETED,SOBOL,0.89,143.0,1.0,2542,875,203,False
Completed,2099,20990,COMPLETED,SOBOL,0.19,20.0,0.0,1269,2983,3018,True
Completed,2100,21000,COMPLETED,SOBOL,0.88,139.0,0.65,1132,1705,1826,False
Completed,2101,21010,COMPLETED,SOBOL,0.19,21.0,0.0,4906,4439,4017,True
Completed,2102,21020,COMPLETED,SOBOL,0.19,22.0,0.0,4168,1876,3347,True
Completed,2103,21030,COMPLETED,SOBOL,0.74,55.0,0.11,464,4150,1164,False
Completed,2104,21040,COMPLETED,SOBOL,0.19,22.0,0.0,2163,538,4931,True
Completed,2105,21050,COMPLETED,SOBOL,0.86,103.0,0.97,3368,3437,2123,False
Completed,2106,21060,COMPLETED,SOBOL,0.91,252.0,1.0,3614,1439,4388,False
Completed,2107,21070,COMPLETED,SOBOL,0.19,20.0,0.0,2419,4958,2197,True
Completed,2108,21080,COMPLETED,SOBOL,0.73,123.0,0.05,55,980,3585,False
Completed,2109,21090,COMPLETED,SOBOL,0.19,20.0,0.0,3751,2624,770,True
Completed,2110,21100,COMPLETED,SOBOL,0.19,106.0,0.0,4654,106,1283,True
Completed,2111,21110,COMPLETED,SOBOL,0.82,566.0,0.25,872,3459,4091,False
Completed,2112,21120,COMPLETED,SOBOL,0.19,23.0,0.0,1672,2479,441,True
Completed,2113,21130,COMPLETED,SOBOL,0.81,83.0,0.74,2956,3958,2624,False
Completed,2114,21140,COMPLETED,SOBOL,0.19,76.0,0.0,2913,1375,556,True
Completed,2115,21150,COMPLETED,SOBOL,0.83,133.0,0.36,1715,4729,2749,False
Completed,2116,21160,COMPLETED,SOBOL,0.19,22.0,0.0,915,1210,1471,True
Completed,2117,21170,COMPLETED,SOBOL,0.9,148.0,1.0,4612,2688,4289,False
Completed,2118,21180,COMPLETED,SOBOL,0.71,190.0,0.3,3797,209,3700,False
Completed,2119,21190,COMPLETED,SOBOL,0.19,22.0,0.0,10,3728,894,True
Completed,2120,21200,COMPLETED,SOBOL,0.78,96.0,0.97,2374,2210,4576,False
Completed,2121,21210,COMPLETED,SOBOL,0.19,21.0,0.0,3659,3855,2395,True
Completed,2122,21220,COMPLETED,SOBOL,0.19,21.0,0.0,3404,685,4816,True
Completed,2123,21230,COMPLETED,SOBOL,0.71,49.0,0.71,2127,2959,1998,False
Completed,2124,21240,COMPLETED,SOBOL,0.19,22.0,0.0,429,1730,3159,True
Completed,2125,21250,COMPLETED,SOBOL,0.85,121.0,0.9,4204,4629,966,False
Completed,2126,21260,COMPLETED,SOBOL,0.9,201.0,1.0,4873,2183,1711,False
Completed,2127,21270,COMPLETED,SOBOL,0.19,21.0,0.0,1165,4292,3892,True
Completed,2128,21280,COMPLETED,SOBOL,0.93,485.0,1.0,1303,397,15,False
Completed,2129,21290,COMPLETED,SOBOL,0.19,22.0,0.0,2509,3129,2821,True
Completed,2130,21300,COMPLETED,SOBOL,0.82,296.0,0.8,2677,476,2110,False
Completed,2131,21310,COMPLETED,SOBOL,0.19,24.0,0.0,1481,3363,4906,True
Completed,2132,21320,COMPLETED,SOBOL,0.89,107.0,0.51,994,1951,1189,False
Completed,2133,21330,COMPLETED,SOBOL,0.19,21.0,0.0,4688,4212,3360,True
Completed,2134,21340,COMPLETED,SOBOL,0.19,23.0,0.0,4342,1653,3965,True
Completed,2135,21350,COMPLETED,SOBOL,0.76,63.0,0.13,559,4393,1762,False
Completed,2136,21360,COMPLETED,SOBOL,0.19,25.0,0.0,1985,920,3083,True
Completed,2137,21370,COMPLETED,SOBOL,0.88,88.0,1.0,3267,3036,255,False
Completed,2138,21380,COMPLETED,SOBOL,0.89,148.0,0.99,3480,2447,2520,False
Completed,2139,21390,COMPLETED,SOBOL,0.19,20.0,0.0,2206,3931,349,True
Completed,2140,21400,COMPLETED,SOBOL,0.33,137.0,0.01,195,131,4183,False
Completed,2141,21410,COMPLETED,SOBOL,0.19,20.0,0.0,3968,3493,1387,True
Completed,2142,21420,COMPLETED,SOBOL,0.19,163.0,0.0,4481,976,626,True
Completed,2143,21430,COMPLETED,SOBOL,0.8,121.0,0.29,776,2609,3454,False
Completed,2144,21440,COMPLETED,SOBOL,0.19,20.0,0.0,1851,1455,2328,True
Completed,2145,21450,COMPLETED,SOBOL,0.8,108.0,0.61,3055,4962,4531,False
Completed,2146,21460,COMPLETED,SOBOL,0.89,280.0,0.98,3036,1141,3237,False
Completed,2147,21470,COMPLETED,SOBOL,0.19,20.0,0.0,1753,2776,1044,True
Completed,2148,21480,COMPLETED,SOBOL,0.87,167.0,0.45,640,1288,4738,False
Completed,2149,21490,COMPLETED,SOBOL,0.19,21.0,0.0,4422,4797,1920,True
Completed,2150,21500,COMPLETED,SOBOL,0.19,1012.0,0.0,3988,2318,93,True
Completed,2151,21510,COMPLETED,SOBOL,0.73,68.0,0.08,292,3806,2899,False
Completed,2152,21520,COMPLETED,SOBOL,0.19,112.0,0.0,2344,257,1634,True
Completed,2153,21530,COMPLETED,SOBOL,0.84,121.0,0.96,3538,3621,3814,False
Completed,2154,21540,COMPLETED,SOBOL,0.89,141.0,1.0,3131,1857,1549,False
Completed,2155,21550,COMPLETED,SOBOL,0.19,22.0,0.0,1926,4599,4368,True
Completed,2156,21560,COMPLETED,SOBOL,0.91,151.0,0.73,540,714,477,False
Completed,2157,21570,COMPLETED,SOBOL,0.19,22.0,0.0,4244,2832,2670,True
Completed,2158,21580,COMPLETED,SOBOL,0.19,20.0,0.0,4825,386,4654,True
Completed,2159,21590,COMPLETED,SOBOL,0.84,97.0,0.32,1052,3277,2473,False
Completed,2160,21600,COMPLETED,SOBOL,0.19,21.0,0.0,1501,2038,3621,True
Completed,2161,21610,COMPLETED,SOBOL,0.78,66.0,0.64,2774,4301,816,False
Completed,2162,21620,COMPLETED,SOBOL,0.19,20.0,0.0,2647,1960,4105,True
Completed,2163,21630,COMPLETED,SOBOL,0.84,88.0,0.33,1361,4066,1309,False
Completed,2164,21640,COMPLETED,SOBOL,0.19,22.0,0.0,1185,623,2599,True
Completed,2165,21650,COMPLETED,SOBOL,0.87,133.0,1.0,4970,3353,427,False
Completed,2166,21660,COMPLETED,SOBOL,0.92,410.0,1.0,4068,794,2250,False
Completed,2167,21670,COMPLETED,SOBOL,0.19,20.0,0.0,370,3064,4453,True
Completed,2168,21680,COMPLETED,SOBOL,0.73,43.0,1.0,2109,1623,705,False
Completed,2169,21690,COMPLETED,SOBOL,0.19,21.0,0.0,3306,4520,3532,True
Completed,2170,21700,COMPLETED,SOBOL,0.19,76.0,0.0,3679,25,1111,True
Completed,2171,21710,COMPLETED,SOBOL,0.76,69.0,0.69,2471,3541,3282,False
Completed,2172,21720,COMPLETED,SOBOL,0.19,21.0,0.0,148,2397,2187,True
Completed,2173,21730,COMPLETED,SOBOL,0.86,170.0,0.93,3854,4040,4983,False
Completed,2174,21740,COMPLETED,SOBOL,0.91,295.0,1.0,4593,1523,3005,False
Completed,2175,21750,COMPLETED,SOBOL,0.19,23.0,0.0,817,4874,177,True
Completed,2176,21760,COMPLETED,SOBOL,0.9,323.0,0.9,1579,1064,4042,False
Completed,2177,21770,COMPLETED,SOBOL,0.19,21.0,0.0,2854,2540,1840,True
Completed,2178,21780,COMPLETED,SOBOL,0.85,111.0,1.0,2885,2138,3061,False
Completed,2179,21790,COMPLETED,SOBOL,0.19,23.0,0.0,1591,4240,244,True
Completed,2180,21800,COMPLETED,SOBOL,0.6,286.0,0.12,789,447,3976,False
Completed,2181,21810,COMPLETED,SOBOL,0.19,22.0,0.0,4585,3176,1784,True
Completed,2182,21820,COMPLETED,SOBOL,0.19,36.0,0.0,3847,658,1205,True
Completed,2183,21830,COMPLETED,SOBOL,0.67,53.0,0.04,121,2927,3389,False
Completed,2184,21840,COMPLETED,SOBOL,0.19,21.0,0.0,2484,1762,2081,True
Completed,2185,21850,COMPLETED,SOBOL,0.84,120.0,0.78,3711,4655,4890,False
Completed,2186,21860,COMPLETED,SOBOL,0.6,182.0,0.21,3293,157,2311,False
Completed,2187,21870,COMPLETED,SOBOL,0.19,21.0,0.0,2077,3682,4503,True
Completed,2188,21880,COMPLETED,SOBOL,0.8,50.0,0.17,377,2257,654,False
Completed,2189,21890,COMPLETED,SOBOL,0.19,22.0,0.0,4094,3906,3471,True
Completed,2190,21900,COMPLETED,SOBOL,0.19,20.0,0.0,4997,1344,4207,True
Completed,2191,21910,COMPLETED,SOBOL,0.8,90.0,0.25,1193,4701,1397,False
Completed,2192,21920,COMPLETED,SOBOL,0.19,20.0,0.0,1329,1236,2510,True
Completed,2193,21930,COMPLETED,SOBOL,0.8,73.0,0.97,2635,2720,326,False
Completed,2194,21940,COMPLETED,SOBOL,0.19,20.0,0.0,2806,1004,4595,True
Completed,2195,21950,COMPLETED,SOBOL,0.89,136.0,0.56,1514,2640,2420,False
Completed,2196,21960,COMPLETED,SOBOL,0.19,21.0,0.0,1025,1423,3675,True
Completed,2197,21970,COMPLETED,SOBOL,0.85,106.0,0.97,4818,4935,875,False
Completed,2198,21980,COMPLETED,SOBOL,0.9,192.0,1.0,4236,2492,1450,False
Completed,2199,21990,COMPLETED,SOBOL,0.19,22.0,0.0,513,3984,4277,True
Completed,2200,22000,COMPLETED,SOBOL,0.87,241.0,0.58,1938,81,568,False
Completed,2201,22010,COMPLETED,SOBOL,0.19,19.0,0.0,3163,3446,2770,True
Completed,2202,22020,COMPLETED,SOBOL,0.19,849.0,0.0,3526,1684,35,True
Completed,2203,22030,COMPLETED,SOBOL,0.7,50.0,0.52,2312,4421,2834,False
Completed,2204,22040,COMPLETED,SOBOL,0.19,20.0,0.0,300,894,1698,True
Completed,2205,22050,COMPLETED,SOBOL,0.89,161.0,1.0,4015,3004,3872,False
Completed,2206,22060,COMPLETED,SOBOL,0.82,403.0,0.74,4449,527,3141,False
Completed,2207,22070,COMPLETED,SOBOL,0.19,21.0,0.0,647,3409,939,True
Completed,2208,22080,COMPLETED,SOBOL,0.89,258.0,0.86,1720,1904,4843,False
Completed,2209,22090,COMPLETED,SOBOL,0.19,21.0,0.0,3024,4162,2016,True
Completed,2210,22100,COMPLETED,SOBOL,0.19,176.0,0.0,3082,341,732,True
Completed,2211,22110,COMPLETED,SOBOL,0.88,134.0,0.57,1858,3224,3549,False
Completed,2212,22120,COMPLETED,SOBOL,0.19,21.0,0.0,744,2088,2234,True
Completed,2213,22130,COMPLETED,SOBOL,0.85,115.0,0.99,4469,4348,4426,False
Completed,2214,22140,COMPLETED,SOBOL,0.91,224.0,1.0,3956,1830,2588,False
Completed,2215,22150,COMPLETED,SOBOL,0.19,20.0,0.0,164,4568,403,True
Completed,2216,22160,COMPLETED,SOBOL,0.73,220.0,0.79,2214,746,4129,False
Completed,2217,22170,COMPLETED,SOBOL,0.19,21.0,0.0,3507,2858,1319,True
Completed,2218,22180,COMPLETED,SOBOL,0.19,20.0,0.0,3260,2267,4054,True
Completed,2219,22190,COMPLETED,SOBOL,0.87,119.0,0.52,1958,3760,1862,False
Completed,2220,22200,COMPLETED,SOBOL,0.19,22.0,0.0,571,304,2982,True
Completed,2221,22210,COMPLETED,SOBOL,0.86,142.0,1.0,4374,3671,166,False
Completed,2222,22220,COMPLETED,SOBOL,0.92,272.0,1.0,4720,1110,2159,False
Completed,2223,22230,COMPLETED,SOBOL,0.19,20.0,0.0,1006,2748,4969,True
Completed,2224,22240,COMPLETED,SOBOL,0.91,215.0,0.98,1455,1314,1126,False
Completed,2225,22250,COMPLETED,SOBOL,0.19,21.0,0.0,2670,4829,3311,True
Completed,2226,22260,COMPLETED,SOBOL,0.86,94.0,1.0,2536,1550,1619,False
Completed,2227,22270,COMPLETED,SOBOL,0.19,20.0,0.0,1310,4906,3794,True
Completed,2228,22280,COMPLETED,SOBOL,0.91,197.0,1.0,1134,1032,113,False
Completed,2229,22290,COMPLETED,SOBOL,0.19,21.0,0.0,4861,2514,2913,True
Completed,2230,22300,COMPLETED,SOBOL,0.19,73.0,0.0,4191,70,4765,True
Completed,2231,22310,COMPLETED,SOBOL,0.74,54.0,0.11,397,3593,1938,False
Completed,2232,22320,COMPLETED,SOBOL,0.19,20.0,0.0,2135,2347,3219,True
Completed,2233,22330,COMPLETED,SOBOL,0.85,82.0,0.85,3430,3992,1018,False
Completed,2234,22340,COMPLETED,SOBOL,0.9,349.0,0.95,3652,825,3597,False
Completed,2235,22350,COMPLETED,SOBOL,0.19,20.0,0.0,2348,3092,797,True
Completed,2236,22360,COMPLETED,SOBOL,0.67,69.0,0.01,23,1597,4673,False
Completed,2237,22370,COMPLETED,SOBOL,0.19,21.0,0.0,3828,4488,2498,True
Completed,2238,22380,COMPLETED,SOBOL,0.19,22.0,0.0,4643,2012,491,True
Completed,2239,22390,COMPLETED,SOBOL,0.8,77.0,0.22,927,4112,2692,False
Completed,2240,22400,COMPLETED,SOBOL,0.19,21.0,0.0,1688,576,1528,True
Completed,2241,22410,COMPLETED,SOBOL,0.81,110.0,0.86,2905,3302,4354,False
Completed,2242,22420,COMPLETED,SOBOL,0.19,20.0,0.0,2948,742,1345,True
Completed,2243,22430,COMPLETED,SOBOL,0.88,173.0,0.57,1645,2843,4142,False
Completed,2244,22440,COMPLETED,SOBOL,0.19,148.0,0.0,884,1846,390,True
Completed,2245,22450,COMPLETED,SOBOL,0.86,120.0,0.99,4686,4571,2563,False
Completed,2246,22460,COMPLETED,SOBOL,0.9,212.0,0.99,3783,2056,4490,False
Completed,2247,22470,COMPLETED,SOBOL,0.19,22.0,0.0,68,4322,2286,True
Completed,2248,22480,COMPLETED,SOBOL,0.51,241.0,0.28,2393,365,3496,False
Completed,2249,22490,COMPLETED,SOBOL,0.19,22.0,0.0,3607,3258,668,True
Completed,2250,22500,COMPLETED,SOBOL,0.19,20.0,0.0,3395,1262,3403,True
Completed,2251,22510,COMPLETED,SOBOL,0.67,38.0,0.45,2170,4783,1230,False
Completed,2252,22520,COMPLETED,SOBOL,0.19,21.0,0.0,432,1154,4864,True
Completed,2253,22530,COMPLETED,SOBOL,0.89,180.0,1.0,4156,2802,2067,False
Completed,2254,22540,COMPLETED,SOBOL,0.92,1129.0,1.0,4894,241,296,False
Completed,2255,22550,COMPLETED,SOBOL,0.19,20.0,0.0,1101,3597,3125,True
Completed,2256,22560,COMPLETED,SOBOL,0.87,159.0,0.54,1277,2341,1719,False
Completed,2257,22570,COMPLETED,SOBOL,0.19,20.0,0.0,2569,3822,3923,True
Completed,2258,22580,COMPLETED,SOBOL,0.84,78.0,0.99,2715,2418,1002,False
Completed,2259,22590,COMPLETED,SOBOL,0.19,20.0,0.0,1410,4058,3196,True
Completed,2260,22600,COMPLETED,SOBOL,0.19,80.0,0.0,961,7,1961,False
Completed,2261,22610,COMPLETED,SOBOL,0.19,24.0,0.0,4765,3520,4781,True
Completed,2262,22620,COMPLETED,SOBOL,0.19,21.0,0.0,4331,1076,2858,True
Completed,2263,22630,COMPLETED,SOBOL,0.82,64.0,0.24,613,2568,51,False
Completed,2264,22640,COMPLETED,SOBOL,0.19,21.0,0.0,2001,1495,3857,True
Completed,2265,22650,COMPLETED,SOBOL,0.8,78.0,0.66,3217,4863,1675,False
Completed,2266,22660,COMPLETED,SOBOL,0.81,494.0,0.75,3475,599,4253,False
Completed,2267,22670,COMPLETED,SOBOL,0.19,25.0,0.0,2247,3337,1434,True
Completed,2268,22680,COMPLETED,SOBOL,0.76,67.0,0.1,197,1976,2786,False
Completed,2269,22690,COMPLETED,SOBOL,0.19,22.0,0.0,3923,4089,591,True
Completed,2270,22700,COMPLETED,SOBOL,0.19,25.0,0.0,4504,1610,2358,True
Completed,2271,22710,COMPLETED,SOBOL,0.79,85.0,0.16,709,4495,4540,False
Completed,2272,22720,COMPLETED,SOBOL,0.19,59.0,0.0,1823,820,930,True
Completed,2273,22730,COMPLETED,SOBOL,0.85,107.0,0.98,3117,3078,3737,False
Completed,2274,22740,COMPLETED,SOBOL,0.88,144.0,0.99,2981,1757,4943,False
Completed,2275,22750,COMPLETED,SOBOL,0.19,23.0,0.0,1763,4640,2146,True
Completed,2276,22760,COMPLETED,SOBOL,0.82,403.0,0.59,690,674,3324,False
Completed,2277,22770,COMPLETED,SOBOL,0.19,22.0,0.0,4406,2931,1152,True
Completed,2278,22780,COMPLETED,SOBOL,0.19,48.0,0.0,4060,415,1798,True
Completed,2279,22790,COMPLETED,SOBOL,0.72,71.0,0.08,255,3150,4002,False
Completed,2280,22800,COMPLETED,SOBOL,0.19,507.0,0.0,2267,2162,218,True
Completed,2281,22810,COMPLETED,SOBOL,0.83,109.0,0.82,3572,4274,3047,False
Completed,2282,22820,COMPLETED,SOBOL,0.91,173.0,1.0,3198,1184,468,False
Completed,2283,22830,COMPLETED,SOBOL,0.19,21.0,0.0,1903,2674,2641,True
Completed,2284,22840,COMPLETED,SOBOL,0.85,106.0,0.33,477,1388,1267,False
Completed,2285,22850,COMPLETED,SOBOL,0.19,22.0,0.0,4272,4755,4064,True
Completed,2286,22860,COMPLETED,SOBOL,0.19,23.0,0.0,4786,2194,3574,True
Completed,2287,22870,COMPLETED,SOBOL,0.83,76.0,0.27,1058,3832,745,False
Completed,2288,22880,COMPLETED,SOBOL,0.19,21.0,0.0,1547,232,4412,True
Completed,2289,22890,COMPLETED,SOBOL,0.8,72.0,0.73,2773,3744,2208,False
Completed,2290,22900,COMPLETED,SOBOL,0.19,85.0,0.0,2589,152,2708,True
Completed,2291,22910,COMPLETED,SOBOL,0.84,87.0,0.39,1374,3511,514,False
Completed,2292,22920,COMPLETED,SOBOL,0.19,23.0,0.0,1238,2428,4331,True
Completed,2293,22930,COMPLETED,SOBOL,0.86,121.0,1.0,4952,3911,1512,False
Completed,2295,22950,COMPLETED,SOBOL,0.19,21.0,0.0,334,4990,3659,True
Completed,2296,22960,COMPLETED,SOBOL,0.71,62.0,1.0,2034,948,2436,False
Completed,2297,22970,COMPLETED,SOBOL,0.19,22.0,0.0,3336,2598,4618,True
Completed,2298,22980,COMPLETED,SOBOL,0.19,22.0,0.0,3744,1928,1883,True
