Status,trial_index,arm_name,trial_status,generation_node,recent_samples_size,feature_id,p,big_windowSize,small_windowSize
Failed,,,5,50,FAILED,SOBOL,1975,2,417,1755,1214
Failed,,,9,90,FAILED,SOBOL,1462,3,276,140,115
Failed,,,10,100,FAILED,SOBOL,1863,1,80,1181,810
Failed,,,13,130,FAILED,SOBOL,1748,4,152,1294,657
Failed,,,26,260,FAILED,SOBOL,1917,0,176,523,22
Failed,,,29,290,FAILED,SOBOL,1533,3,118,878,386
Failed,,,42,420,FAILED,SOBOL,1761,0,484,923,629
Failed,,,52,520,FAILED,SOBOL,851,0,309,466,160
Failed,,,53,530,FAILED,SOBOL,1819,3,242,1660,1576
Failed,,,58,580,FAILED,SOBOL,1957,2,263,1281,416
Failed,,,61,610,FAILED,SOBOL,1591,3,445,1136,53
Failed,,,66,660,FAILED,SOBOL,1570,2,25,611,503
Failed,,,69,690,FAILED,SOBOL,1938,3,207,974,906
Failed,,,82,820,FAILED,SOBOL,1647,0,246,1218,291
Failed,,,85,850,FAILED,SOBOL,1779,2,48,1323,177
Failed,,,97,970,FAILED,SOBOL,1151,4,233,327,240
Failed,,,98,980,FAILED,SOBOL,1554,0,413,1368,934
Failed,,,101,1010,FAILED,SOBOL,1935,3,357,1232,532
Failed,,,114,1140,FAILED,SOBOL,1726,1,318,961,147
Failed,,,117,1170,FAILED,SOBOL,1845,4,390,566,260
Failed,,,126,1260,FAILED,SOBOL,1209,2,492,1090,1055
Failed,,,129,1290,FAILED,SOBOL,1211,3,178,948,513
Failed,,,133,1330,FAILED,SOBOL,1996,4,303,1603,212
Failed,,,139,1390,FAILED,SOBOL,828,3,253,667,456
Failed,,,150,1500,FAILED,SOBOL,1389,1,157,1235,183
Failed,,,177,1770,FAILED,SOBOL,1117,2,481,606,149
Failed,,,178,1780,FAILED,SOBOL,1708,2,160,1589,955
Failed,,,182,1820,FAILED,SOBOL,1485,1,282,993,255
Failed,,,189,1890,FAILED,SOBOL,1569,3,337,1475,1053
Failed,,,201,2010,FAILED,SOBOL,1473,2,249,1252,800
Failed,,,202,2020,FAILED,SOBOL,1821,2,429,303,121
Failed,,,210,2100,FAILED,SOBOL,1636,1,99,1426,1292
Failed,,,217,2170,FAILED,SOBOL,1308,4,28,918,25
Failed,,,221,2210,FAILED,SOBOL,1531,2,406,1515,701
Failed,,,222,2220,FAILED,SOBOL,1174,2,211,555,380
Failed,,,228,2280,FAILED,SOBOL,881,1,61,750,202
Failed,,,234,2340,FAILED,SOBOL,1803,0,9,1560,442
Failed,,,238,2380,FAILED,SOBOL,1018,1,386,905,768
Failed,,,249,2490,FAILED,SOBOL,1317,3,410,1161,414
Failed,,,258,2580,FAILED,SOBOL,1598,2,239,1380,217
Failed,,,261,2610,FAILED,SOBOL,1982,4,63,1017,315
Failed,,,267,2670,FAILED,SOBOL,843,2,9,207,72
Failed,,,277,2770,FAILED,SOBOL,1799,2,217,687,602
Failed,,,290,2900,FAILED,SOBOL,1527,0,325,639,345
Failed,,,293,2930,FAILED,SOBOL,1893,3,376,775,248
Failed,,,297,2970,FAILED,SOBOL,1418,2,301,1143,1081
Failed,,,306,3060,FAILED,SOBOL,1692,1,416,1035,574
Failed,,,309,3090,FAILED,SOBOL,1825,4,346,1429,960
Failed,,,310,3100,FAILED,SOBOL,1469,0,42,375,156
Failed,,,314,3140,FAILED,SOBOL,1966,0,151,1511,1048
Failed,,,330,3300,FAILED,SOBOL,1836,1,184,826,471
Failed,,,333,3330,FAILED,SOBOL,1704,4,117,712,123
Failed,,,341,3410,FAILED,SOBOL,1770,4,412,1593,1293
Failed,,,345,3450,FAILED,SOBOL,1291,4,273,458,378
Failed,,,346,3460,FAILED,SOBOL,1882,0,93,1472,699
Failed,,,349,3490,FAILED,SOBOL,1514,3,147,1116,836
Failed,,,350,3500,FAILED,SOBOL,1160,1,466,64,30
Failed,,,355,3550,FAILED,SOBOL,529,4,500,269,196
Failed,,,362,3620,FAILED,SOBOL,1788,1,254,1068,93
Failed,,,365,3650,FAILED,SOBOL,1670,2,446,1455,440
Failed,,,381,3810,FAILED,SOBOL,1611,4,292,875,727
Failed,,,386,3860,FAILED,SOBOL,1624,0,106,1228,1217
Failed,,,389,3890,FAILED,SOBOL,1991,3,157,1373,1314
Failed,,,393,3930,FAILED,SOBOL,1446,2,20,741,484
Failed,,,394,3940,FAILED,SOBOL,1849,2,340,1689,663
Failed,,,398,3980,FAILED,SOBOL,1064,0,212,846,114
Failed,,,409,4090,FAILED,SOBOL,1272,4,236,1086,693
Failed,,,413,4130,FAILED,SOBOL,1550,2,362,496,16
Failed,,,435,4350,FAILED,SOBOL,749,3,245,549,162
Failed,,,442,4420,FAILED,SOBOL,1942,1,7,1850,50
Failed,,,449,4490,FAILED,SOBOL,1239,3,89,1061,204
Failed,,,470,4700,FAILED,SOBOL,1409,1,113,754,600
Failed,,,481,4810,FAILED,SOBOL,1136,3,474,804,359
Failed,,,485,4850,FAILED,SOBOL,1921,2,102,1645,932
Failed,,,486,4860,FAILED,SOBOL,1253,2,297,659,238
Failed,,,490,4900,FAILED,SOBOL,1809,1,403,1290,1091
Failed,,,498,4980,FAILED,SOBOL,1744,1,77,421,263
Failed,,,502,5020,FAILED,SOBOL,1466,0,451,1013,962
Failed,,,521,5210,FAILED,SOBOL,1467,4,34,1411,524
Failed,,,522,5220,FAILED,SOBOL,1862,0,354,394,330
Failed,,,526,5260,FAILED,SOBOL,1085,1,228,1048,879
Failed,,,530,5300,FAILED,SOBOL,1678,0,181,1270,1000
Failed,,,537,5370,FAILED,SOBOL,1251,2,189,761,299
Failed,,,538,5380,FAILED,SOBOL,1918,2,384,1809,621
Failed,,,542,5420,FAILED,SOBOL,1133,1,11,656,171
Failed,,,548,5480,FAILED,SOBOL,937,0,222,587,473
Failed,,,554,5540,FAILED,SOBOL,1761,1,209,1650,234
Failed,,,558,5580,FAILED,SOBOL,1039,0,335,807,558
Failed,,,569,5690,FAILED,SOBOL,1373,4,375,1004,138
Failed,,,577,5770,FAILED,SOBOL,1221,4,105,857,789
Failed,,,581,5810,FAILED,SOBOL,1943,3,479,1702,487
Failed,,,582,5820,FAILED,SOBOL,1355,1,158,743,683
Failed,,,587,5870,FAILED,SOBOL,865,4,468,512,243
Failed,,,598,5980,FAILED,SOBOL,1426,0,66,1085,393
Failed,,,609,6090,FAILED,SOBOL,1154,2,459,1099,649
Failed,,,613,6130,FAILED,SOBOL,1931,4,85,444,76
Failed,,,625,6250,FAILED,SOBOL,1065,4,304,699,425
Failed,,,630,6300,FAILED,SOBOL,1449,2,497,844,46
Failed,,,634,6340,FAILED,SOBOL,1989,1,328,1207,1126
Failed,,,635,6350,FAILED,SOBOL,959,3,129,917,607
Failed,,,637,6370,FAILED,SOBOL,1621,4,380,1313,1278
Failed,,,645,6450,FAILED,SOBOL,1995,3,15,815,678
Failed,,,662,6620,FAILED,SOBOL,1400,3,23,1196,1150
Failed,,,674,6740,FAILED,SOBOL,1642,2,203,922,629
Failed,,,676,6760,FAILED,SOBOL,969,2,81,206,66
Failed,,,682,6820,FAILED,SOBOL,1837,3,379,1743,1368
Failed,,,685,6850,FAILED,SOBOL,1973,2,236,1017,137
Failed,,,690,6900,FAILED,SOBOL,1600,4,111,1478,309
Failed,,,701,7010,FAILED,SOBOL,1853,1,322,1445,677
Failed,,,705,7050,FAILED,SOBOL,1341,0,98,408,228
Failed,,,706,7060,FAILED,SOBOL,1730,4,447,1047,753
Failed,,,717,7170,FAILED,SOBOL,1905,1,492,892,260
Failed,,,722,7220,FAILED,SOBOL,1528,3,367,603,186
Failed,,,725,7250,FAILED,SOBOL,1514,1,48,1082,604
Failed,,,726,7260,FAILED,SOBOL,1430,3,401,443,378
Failed,,,729,7290,FAILED,SOBOL,1057,1,276,60,53
Failed,,,730,7300,FAILED,SOBOL,1887,3,173,1418,967
Failed,,,741,7410,FAILED,SOBOL,1744,1,140,513,460
Failed,,,746,7460,FAILED,SOBOL,1870,4,15,990,95
Failed,,,773,7730,FAILED,SOBOL,1629,0,384,1388,86
Failed,,,778,7780,FAILED,SOBOL,1751,2,259,1115,469
Failed,,,780,7800,FAILED,SOBOL,633,4,293,327,156
Failed,,,781,7810,FAILED,SOBOL,1933,1,120,1653,1018
Failed,,,794,7940,FAILED,SOBOL,1927,2,466,499,60
Failed,,,805,8050,FAILED,SOBOL,1688,1,472,1593,551
Failed,,,806,8060,FAILED,SOBOL,1365,2,71,951,469
Failed,,,809,8090,FAILED,SOBOL,1239,0,197,553,102
Failed,,,825,8250,FAILED,SOBOL,1118,0,361,983,584
Failed,,,826,8260,FAILED,SOBOL,1953,4,213,1623,435
Failed,,,829,8290,FAILED,SOBOL,1861,0,415,1148,1078
Failed,,,835,8350,FAILED,SOBOL,949,1,119,685,365
Failed,,,838,8380,FAILED,SOBOL,1262,3,328,1076,93
Failed,,,852,8520,FAILED,SOBOL,795,4,376,713,30
Failed,,,853,8530,FAILED,SOBOL,1521,2,205,1262,1144
Failed,,,862,8620,FAILED,SOBOL,1153,4,135,886,810
Failed,,,881,8810,FAILED,SOBOL,1478,0,180,1041,303
Failed,,,893,8930,FAILED,SOBOL,1828,2,38,401,336
Failed,,,894,8940,FAILED,SOBOL,1225,3,390,1011,684
Failed,,,900,9000,FAILED,SOBOL,910,4,56,750,532
Failed,,,910,9100,FAILED,SOBOL,1017,4,299,580,254
Failed,,,922,9220,FAILED,SOBOL,1907,3,8,638,387
Failed,,,933,9330,FAILED,SOBOL,1707,1,57,1294,880
Failed,,,934,9340,FAILED,SOBOL,1346,3,394,185,109
Failed,,,938,9380,FAILED,SOBOL,1834,3,182,1208,550
Failed,,,949,9490,FAILED,SOBOL,1587,2,377,1239,432
Failed,,,962,9620,FAILED,SOBOL,1723,3,238,1528,1071
Failed,,,963,9630,FAILED,SOBOL,968,0,409,453,193
Failed,,,965,9650,FAILED,SOBOL,1670,0,313,670,506
Failed,,,986,9860,FAILED,SOBOL,1878,4,386,1876,1145
Failed,,,987,9870,FAILED,SOBOL,680,2,215,82,25
Failed,,,989,9890,FAILED,SOBOL,1811,0,243,1352,350
Failed,,,994,9940,FAILED,SOBOL,1683,2,118,1141,205
Failed,,,1005,10050,FAILED,SOBOL,1946,2,69,799,712
Failed,,,1021,10210,FAILED,SOBOL,1817,1,499,727,226
Failed,,,1026,10260,FAILED,SOBOL,1693,3,374,766,329
Failed,,,1037,10370,FAILED,SOBOL,1925,0,313,1173,836
Failed,,,1038,10380,FAILED,SOBOL,1006,4,230,282,176
Failed,,,1042,10420,FAILED,SOBOL,1548,3,438,1322,734
Failed,,,1054,10540,FAILED,SOBOL,1173,4,61,1168,359
Failed,,,1060,10600,FAILED,SOBOL,989,3,385,907,488
Failed,,,1066,10660,FAILED,SOBOL,1825,2,87,1385,1197
Failed,,,1067,10670,FAILED,SOBOL,616,0,260,587,67
Failed,,,1069,10690,FAILED,SOBOL,1984,1,292,1847,309
Failed,,,1070,10700,FAILED,SOBOL,1069,3,126,737,703
Failed,,,1085,10850,FAILED,SOBOL,1872,2,144,1682,756
Failed,,,1086,10860,FAILED,SOBOL,1198,2,305,793,233
Failed,,,1089,10890,FAILED,SOBOL,1322,0,431,707,338
Failed,,,1101,11010,FAILED,SOBOL,1884,0,44,223,183
Failed,,,1105,11050,FAILED,SOBOL,1436,2,257,1135,725
Failed,,,1106,11060,FAILED,SOBOL,1508,3,169,277,263
Failed,,,1110,11100,FAILED,SOBOL,1418,4,65,680,50
Failed,,,1113,11130,FAILED,SOBOL,1046,1,190,828,381
Failed,,,1114,11140,FAILED,SOBOL,1898,2,355,1717,609
Failed,,,1125,11250,FAILED,SOBOL,1731,2,334,375,100
Failed,,,1126,11260,FAILED,SOBOL,1340,2,250,1233,888
Failed,,,1142,11420,FAILED,SOBOL,1459,3,320,1304,426
Failed,,,1158,11580,FAILED,SOBOL,1283,4,494,858,513
Failed,,,1162,11620,FAILED,SOBOL,1771,3,207,1757,79
Failed,,,1164,11640,FAILED,SOBOL,644,4,235,559,297
Failed,,,1165,11650,FAILED,SOBOL,1914,2,409,1482,1409
Failed,,,1170,11700,FAILED,SOBOL,1541,4,283,1022,1021
Failed,,,1172,11720,FAILED,SOBOL,768,3,268,518,334
Failed,,,1181,11810,FAILED,SOBOL,1771,1,425,1704,404
Failed,,,1182,11820,FAILED,SOBOL,1157,3,24,813,616
Failed,,,1201,12010,FAILED,SOBOL,1459,1,38,1220,124
Failed,,,1213,12130,FAILED,SOBOL,1855,0,177,330,28
Failed,,,1214,12140,FAILED,SOBOL,1214,4,280,1188,992
Failed,,,1217,12170,FAILED,SOBOL,1336,2,405,1305,563
Failed,,,1229,12290,FAILED,SOBOL,1902,1,11,1758,910
Failed,,,1230,12300,FAILED,SOBOL,1044,2,407,650,72
Failed,,,1233,12330,FAILED,SOBOL,1422,0,282,845,499
Failed,,,1237,12370,FAILED,SOBOL,1511,2,451,201,189
Failed,,,1238,12380,FAILED,SOBOL,1435,3,102,1340,792
Failed,,,1253,12530,FAILED,SOBOL,1746,0,363,1644,875
Failed,,,1254,12540,FAILED,SOBOL,1322,4,213,755,145
Failed,,,1257,12570,FAILED,SOBOL,1196,2,88,748,285
Failed,,,1258,12580,FAILED,SOBOL,1873,2,488,1855,696
Failed,,,1270,12700,FAILED,SOBOL,1445,4,346,715,667
Failed,,,1273,12730,FAILED,SOBOL,1068,1,471,786,779
Failed,,,1282,12820,FAILED,SOBOL,1699,4,432,1411,1176
Failed,,,1286,12860,FAILED,SOBOL,1297,3,469,1130,271
Failed,,,1301,13010,FAILED,SOBOL,1549,1,159,1155,784
Failed,,,1302,13020,FAILED,SOBOL,1379,3,261,264,198
Failed,,,1306,13060,FAILED,SOBOL,1922,4,33,1351,646
Failed,,,1317,13170,FAILED,SOBOL,1693,1,31,694,154
Failed,,,1322,13220,FAILED,SOBOL,1819,3,157,811,292
Failed,,,1333,13330,FAILED,SOBOL,1570,0,414,781,660
Failed,,,1349,13490,FAILED,SOBOL,1687,2,276,1318,278
Failed,,,1354,13540,FAILED,SOBOL,1809,4,400,1186,168
Failed,,,1357,13570,FAILED,SOBOL,1875,0,230,1585,1338
Failed,,,1363,13630,FAILED,SOBOL,806,0,308,123,97
Failed,,,1373,13730,FAILED,SOBOL,1796,2,218,628,625
Failed,,,1386,13860,FAILED,SOBOL,1849,3,269,1550,1050
Failed,,,1387,13870,FAILED,SOBOL,592,1,66,470,188
Failed,,,1389,13890,FAILED,SOBOL,1961,0,94,1213,439
Failed,,,1405,14050,FAILED,SOBOL,1833,1,461,1253,999
Failed,,,1410,14100,FAILED,SOBOL,1710,3,337,1245,572
Failed,,,1421,14210,FAILED,SOBOL,1908,1,351,838,65
Failed,,,1426,14260,FAILED,SOBOL,1531,4,475,659,491
Failed,,,1430,14300,FAILED,SOBOL,1390,2,204,622,369
Failed,,,1433,14330,FAILED,SOBOL,1018,0,79,880,203
Failed,,,1434,14340,FAILED,SOBOL,1910,4,495,1521,787
Failed,,,1445,14450,FAILED,SOBOL,1704,0,442,427,295
Failed,,,1446,14460,FAILED,SOBOL,1351,4,109,1037,694
Failed,,,1465,14650,FAILED,SOBOL,1102,1,335,1004,328
Failed,,,1471,14710,FAILED,SOBOL,483,0,366,312,48
Failed,,,1477,14770,FAILED,SOBOL,1667,1,190,1551,169
Failed,,,1478,14780,FAILED,SOBOL,1279,3,353,912,820
Failed,,,1485,14850,FAILED,SOBOL,1895,0,298,1286,1227
Failed,,,1491,14910,FAILED,SOBOL,795,0,220,766,457
Failed,,,1502,15020,FAILED,SOBOL,1138,3,172,1094,36
Failed,,,1508,15080,FAILED,SOBOL,945,3,275,855,181
Failed,,,1509,15090,FAILED,SOBOL,1738,2,72,1181,1053
Failed,,,1517,15170,FAILED,SOBOL,1949,0,434,1914,110
Failed,,,1521,15210,FAILED,SOBOL,1492,1,142,939,544
Failed,,,1524,15240,FAILED,SOBOL,818,4,157,675,632
Failed,,,1533,15330,FAILED,SOBOL,1814,0,4,1611,577
Failed,,,1534,15340,FAILED,SOBOL,1241,4,416,969,412
Failed,,,1537,15370,FAILED,SOBOL,1365,1,291,524,18
Failed,,,1553,15530,FAILED,SOBOL,1377,0,398,1064,919
Failed,,,1554,15540,FAILED,SOBOL,1551,4,61,454,69
Failed,,,1556,15560,FAILED,SOBOL,757,2,198,345,224
Failed,,,1562,15620,FAILED,SOBOL,1937,3,278,1822,1468
Failed,,,1565,15650,FAILED,SOBOL,1753,2,103,1410,45
Failed,,,1570,15700,FAILED,SOBOL,1625,4,228,1090,401
Failed,,,1574,15740,FAILED,SOBOL,1371,3,140,1369,1059
Failed,,,1581,15810,FAILED,SOBOL,1989,0,211,995,893
Failed,,,1597,15970,FAILED,SOBOL,1868,0,359,535,419
Failed,,,1602,16020,FAILED,SOBOL,1744,3,484,965,27
Failed,,,1613,16130,FAILED,SOBOL,1889,1,455,1120,519
Failed,,,1618,16180,FAILED,SOBOL,1513,3,330,1378,911
Failed,,,1621,16210,FAILED,SOBOL,1531,1,23,937,360
Failed,,,1626,16260,FAILED,SOBOL,1903,3,148,571,195
Failed,,,1637,16370,FAILED,SOBOL,1727,0,165,1475,703
Failed,,,1641,16410,FAILED,SOBOL,1215,1,378,390,144
Failed,,,1642,16420,FAILED,SOBOL,1854,3,40,1030,868
Failed,,,1645,16450,FAILED,SOBOL,1960,2,339,1741,1635
Failed,,,1661,16610,FAILED,SOBOL,1838,1,222,1795,1177
Failed,,,1666,16660,FAILED,SOBOL,1711,4,96,1709,1253
Failed,,,1674,16740,FAILED,SOBOL,1766,4,296,905,744
Failed,,,1690,16900,FAILED,SOBOL,1918,3,402,973,559
Failed,,,1694,16940,FAILED,SOBOL,1164,2,316,1153,1034
Failed,,,1706,17060,FAILED,SOBOL,1839,4,287,1435,380
Failed,,,1709,17090,FAILED,SOBOL,1975,0,86,1832,1116
Failed,,,1715,17150,FAILED,SOBOL,843,1,381,374,325
Failed,,,1717,17170,FAILED,SOBOL,1583,2,29,1403,513
Failed,,,1721,17210,FAILED,SOBOL,1094,0,305,490,80
Failed,,,1722,17220,FAILED,SOBOL,1959,4,154,1098,932
Failed,,,1725,17250,FAILED,SOBOL,1854,0,484,1638,1571
Failed,,,1733,17330,FAILED,SOBOL,1659,0,160,943,424
Failed,,,1738,17380,FAILED,SOBOL,1783,2,35,560,6
Failed,,,1757,17570,FAILED,SOBOL,1800,0,349,1000,705
Failed,,,1758,17580,FAILED,SOBOL,1130,4,202,392,307
Failed,,,1762,17620,FAILED,SOBOL,1673,2,474,1492,850
Failed,,,1773,17730,FAILED,SOBOL,1941,1,464,588,358
Failed,,,1782,17820,FAILED,SOBOL,1438,4,58,1250,1249
Failed,,,1789,17890,FAILED,SOBOL,1822,1,97,875,829
Failed,,,1810,18100,FAILED,SOBOL,1559,3,91,1033,336
Failed,,,1825,18250,FAILED,SOBOL,1311,1,284,1058,859
Failed,,,1826,18260,FAILED,SOBOL,1633,3,134,417,130
Failed,,,1828,18280,FAILED,SOBOL,993,3,21,696,567
Failed,,,1837,18370,FAILED,SOBOL,1997,1,178,1511,637
Failed,,,1838,18380,FAILED,SOBOL,1074,3,278,901,352
Failed,,,1841,18410,FAILED,SOBOL,1446,0,404,596,204
Failed,,,1851,18510,FAILED,SOBOL,741,0,295,728,451
Failed,,,1857,18570,FAILED,SOBOL,1317,0,36,933,733
Failed,,,1917,19170,FAILED,SOBOL,1638,4,134,1632,377
Failed,,,1922,19220,FAILED,SOBOL,1997,1,40,1786,207
Failed,,,1929,19290,FAILED,SOBOL,1109,3,65,1094,71
Failed,,,1941,19410,FAILED,SOBOL,1874,3,425,1862,353
Failed,,,1973,19730,FAILED,SOBOL,1787,4,235,388,19
Failed,,,1994,19940,FAILED,SOBOL,1673,2,161,1494,68
Failed,,,2021,20210,FAILED,SOBOL,1898,3,314,663,107
Failed,,,2061,20610,FAILED,SOBOL,1604,4,121,831,131
Failed,,,2098,20980,FAILED,SOBOL,1815,0,401,1015,170
Failed,,,2104,21040,FAILED,SOBOL,640,1,75,524,35
Failed,,,2117,21170,FAILED,SOBOL,1960,4,436,1551,66
Failed,,,2134,21340,FAILED,SOBOL,1429,1,232,1130,48
Failed,,,2169,21690,FAILED,SOBOL,1155,2,266,963,24
Failed,,,2231,22310,FAILED,SOBOL,977,4,331,461,37
Failed,,,2343,23430,FAILED,SOBOL,863,0,352,684,142
Failed,,,2350,23500,FAILED,SOBOL,1831,4,407,1620,76
Failed,,,2370,23700,FAILED,SOBOL,1371,2,324,967,10
Failed,,,2398,23980,FAILED,SOBOL,1966,2,36,1389,61
Failed,,,2433,24330,FAILED,SOBOL,1657,1,464,560,8
Failed,,,2457,24570,FAILED,SOBOL,1806,0,155,882,189
Failed,,,2694,26940,FAILED,SOBOL,1707,2,353,1343,263
Failed,,,2697,26970,FAILED,SOBOL,1991,0,402,1146,140
Failed,,,2737,27370,FAILED,SOBOL,1608,2,218,1296,71
Failed,,,2749,27490,FAILED,SOBOL,1069,0,52,135,13
Failed,,,2766,27660,FAILED,SOBOL,1769,3,282,653,112
Failed,,,2774,27740,FAILED,SOBOL,1549,4,130,670,39
Failed,,,2809,28090,FAILED,SOBOL,1827,0,370,1280,31
Failed,,,2840,28400,FAILED,SOBOL,741,3,241,98,5
Failed,,,2849,28490,FAILED,SOBOL,1709,2,61,1161,213
Failed,,,2926,29260,FAILED,SOBOL,1870,3,322,1652,290
Failed,,,2965,29650,FAILED,SOBOL,1478,1,21,826,41
Failed,,,2982,29820,FAILED,SOBOL,1684,2,251,337,83
Failed,,,3017,30170,FAILED,SOBOL,1938,1,249,1729,107
Failed,,,3054,30540,FAILED,SOBOL,1849,2,192,1006,172
Failed,,,3057,30570,FAILED,SOBOL,1568,0,55,1453,295
Failed,,,3089,30890,FAILED,SOBOL,1524,1,308,928,147
Failed,,,3113,31130,FAILED,SOBOL,1876,0,124,513,80
Failed,,,3178,31780,FAILED,SOBOL,1088,3,234,984,94
Failed,,,3190,31900,FAILED,SOBOL,1611,3,5,1572,27
Failed,,,3205,32050,FAILED,SOBOL,1288,0,268,1090,101
Failed,,,3223,32230,FAILED,SOBOL,949,0,384,804,2
Failed,,,3233,32330,FAILED,SOBOL,1695,1,425,1557,343
Failed,,,3760,37600,FAILED,SOBOL,927,3,348,432,19
Failed,,,3806,38060,FAILED,SOBOL,1945,3,491,747,157
Failed,,,3832,38320,FAILED,SOBOL,646,4,189,384,67
Failed,,,3838,38380,FAILED,SOBOL,1897,3,246,1130,277
Failed,,,3841,38410,FAILED,SOBOL,1677,0,9,1327,150
Failed,,,3865,38650,FAILED,SOBOL,1794,1,325,1240,92
Failed,,,3894,38940,FAILED,SOBOL,1580,3,174,819,102
Failed,,,3909,39090,FAILED,SOBOL,1255,1,414,329,27
Failed,,,3945,39450,FAILED,SOBOL,1908,0,196,1750,45
Failed,,,3957,39570,FAILED,SOBOL,1385,1,35,662,103
Failed,,,4418,44180,FAILED,SOBOL,1502,2,71,1431,191
Failed,,,4424,44240,FAILED,SOBOL,774,4,490,727,106
Failed,,,4442,44420,FAILED,SOBOL,1908,4,287,1120,26
Failed,,,4477,44770,FAILED,SOBOL,1629,1,180,572,61
Failed,,,4542,45420,FAILED,SOBOL,1429,4,100,961,48
Failed,,,4557,45570,FAILED,SOBOL,1625,2,351,481,85
Failed,,,4600,46000,FAILED,SOBOL,972,3,42,326,8
Failed,,,4609,46090,FAILED,SOBOL,1298,1,146,1038,203
Failed,,,4626,46260,FAILED,SOBOL,1743,3,397,1527,166
Failed,,,4653,46530,FAILED,SOBOL,1533,0,412,1187,116
Failed,,,4682,46820,FAILED,SOBOL,1757,4,56,638,80
Failed,,,4722,47220,FAILED,SOBOL,1663,3,334,827,135
Failed,,,4735,47350,FAILED,SOBOL,652,0,364,545,1
Failed,,,4754,47540,FAILED,SOBOL,1724,4,68,1206,283
Failed,,,4757,47570,FAILED,SOBOL,1876,2,196,1371,170
Failed,,,4873,48730,FAILED,SOBOL,1052,0,225,768,91
Failed,,,4897,48970,FAILED,SOBOL,1330,2,275,804,5
Failed,,,4949,49490,FAILED,SOBOL,1936,1,381,1811,69
Failed,,,4958,49580,FAILED,SOBOL,1460,4,477,1193,246
Failed,,,5047,50470,FAILED,SOBOL,998,1,135,510,86
Failed,,,5050,50500,FAILED,SOBOL,1939,3,165,855,205
Failed,,,5090,50900,FAILED,SOBOL,1595,3,443,665,10
Failed,,,5125,51250,FAILED,SOBOL,1817,2,87,1152,46
Failed,,,5238,52380,FAILED,SOBOL,1206,2,399,988,102
Failed,,,5738,57380,FAILED,SOBOL,1860,3,4,777,23
Failed,,,5773,57730,FAILED,SOBOL,1585,1,406,1289,48
Failed,,,5905,59050,FAILED,SOBOL,1471,1,426,819,191
Failed,,,5913,59130,FAILED,SOBOL,1132,1,77,846,152
Failed,,,6097,60970,FAILED,SOBOL,1465,2,248,254,40
Failed,,,6106,61060,FAILED,SOBOL,1926,2,145,747,148
Failed,,,6138,61380,FAILED,SOBOL,1989,3,379,1344,312
Failed,,,6141,61410,FAILED,SOBOL,1643,1,264,1203,174
Failed,,,7538,75380,FAILED,SOBOL,1665,4,455,1245,34
Failed,,,7573,75730,FAILED,SOBOL,1890,0,75,697,6
Failed,,,7601,76010,FAILED,SOBOL,1401,1,263,1348,47
Failed,,,7638,76380,FAILED,SOBOL,1184,4,143,836,9
Failed,,,7937,79370,FAILED,SOBOL,1312,0,17,893,98
Failed,,,8349,83490,FAILED,SOBOL,1729,1,424,732,91
Failed,,,8378,83780,FAILED,SOBOL,1949,2,44,1218,120
Failed,,,8482,84820,FAILED,SOBOL,1565,3,195,1327,143
Failed,,,8485,84850,FAILED,SOBOL,1786,1,73,1220,279
Failed,,,8488,84880,FAILED,SOBOL,838,4,371,531,60
Failed,,,8606,86060,FAILED,SOBOL,1490,4,229,782,94
Failed,,,8621,86210,FAILED,SOBOL,1561,1,478,277,7
Failed,,,8746,87460,FAILED,SOBOL,1818,4,179,621,2
Failed,,,8922,89220,FAILED,SOBOL,1934,3,354,467,104
Failed,,,8937,89370,FAILED,SOBOL,1115,1,105,974,13
Failed,,,9042,90420,FAILED,SOBOL,1711,3,145,495,50
Failed,,,9086,90860,FAILED,SOBOL,1397,4,352,1048,168
Failed,,,9175,91750,FAILED,SOBOL,937,1,7,748,9
Failed,,,9189,91890,FAILED,SOBOL,1755,1,211,1106,124
Failed,,,10722,107220,FAILED,SOBOL,1599,4,183,1562,93
Failed,,,10737,107370,FAILED,SOBOL,1419,1,430,1005,56
Failed,,,10774,107740,FAILED,SOBOL,1136,2,38,555,31
Failed,,,10778,107780,FAILED,SOBOL,1902,3,272,671,163
Failed,,,10810,108100,FAILED,SOBOL,1963,2,6,1300,265
Failed,,,10813,108130,FAILED,SOBOL,1684,0,133,1152,127
Failed,,,11150,111500,FAILED,SOBOL,1324,3,193,1224,12
Failed,,,11161,111610,FAILED,SOBOL,1147,1,132,363,63
Failed,,,11178,111780,FAILED,SOBOL,1842,4,381,821,38
Failed,,,11213,112130,FAILED,SOBOL,1617,0,24,1371,2
