trial_index,arm_name,trial_status,generation_method,result,n_samples,n_clusters,threshold
0,0_0,COMPLETED,Sobol,0.285714285714285698425385362498,348,2,0.060073542356491094196258018201
1,1_0,COMPLETED,Sobol,0.289734552263465117150076366670,467,1,0.060147356942296031911965314976
2,2_0,COMPLETED,Sobol,0.287696882916620766401649689215,256,3,0.062527635604143150249711879951
3,3_0,COMPLETED,Sobol,0.287917171494658008512601554685,244,1,0.027889940015971663445082384669
4,4_0,COMPLETED,Sobol,0.286265007159378748191613794916,358,4,0.068215497639030231447065943939
5,5_0,COMPLETED,Sobol,0.293754818812644535874767370842,668,2,0.033851351145654920427041645326
6,6_0,COMPLETED,Sobol,0.279656349818261928952267680870,709,4,0.034590727504342798359626698357
7,7_0,COMPLETED,Sobol,0.299647538275140457031398000254,225,3,0.065635051038116218324880435375
8,8_0,COMPLETED,Sobol,0.279656349818261928952267680870,579,4,0.015434440743178130805990377894
9,9_0,COMPLETED,Sobol,0.279656349818261928952267680870,832,1,0.005984044417738914635462865732
10,10_0,COMPLETED,Sobol,0.287476594338583524290697823744,781,3,0.068878439199179422591790000752
11,11_0,COMPLETED,Sobol,0.288578037228769734845457151096,457,1,0.042634507581591610247961909863
12,12_0,COMPLETED,Sobol,0.294801189558321352635061884939,219,1,0.017112214051187041308210723400
13,13_0,COMPLETED,Sobol,0.293589602379116687558280318626,858,3,0.065441622987389577725814149289
14,14_0,COMPLETED,Sobol,0.292322943055402628687033939059,788,2,0.043515014130622156618422025076
15,15_0,COMPLETED,Sobol,0.279656349818261928952267680870,864,2,0.020051056977361439437324008850
16,16_0,COMPLETED,Sobol,0.279656349818261928952267680870,869,2,0.023314345303922894003800792007
17,17_0,COMPLETED,Sobol,0.286485295737415990302565660386,228,4,0.045170483965426687367195057732
18,18_0,COMPLETED,Sobol,0.284282409957043680215349468199,169,3,0.003816889986395836063814979155
19,19_0,COMPLETED,Sobol,0.287586738627602200857324987737,606,1,0.046846737418323756985127914731
20,20_0,COMPLETED,BoTorch,0.279656349818261928952267680870,964,2,0.006440706098829535736216556074
21,21_0,COMPLETED,BoTorch,0.279656349818261928952267680870,870,4,0.015139047254553858121162157602
22,22_0,COMPLETED,BoTorch,0.279656349818261928952267680870,1000,1,0.017930694452499305879822344423
23,23_0,COMPLETED,BoTorch,0.279656349818261928952267680870,759,3,0.003743313175126723735264278048
24,24_0,COMPLETED,BoTorch,0.279656349818261928952267680870,1000,3,0.017818407251825763015773418374
25,25_0,COMPLETED,BoTorch,0.279656349818261928952267680870,826,2,0.002000000000000000041633363423
26,26_0,COMPLETED,BoTorch,0.279656349818261928952267680870,699,4,0.003961408212790632800415213666
27,27_0,COMPLETED,BoTorch,0.288082387928185967851391069416,535,4,0.028108361059398234704787000737
28,28_0,COMPLETED,BoTorch,0.279656349818261928952267680870,364,4,0.010995724716744630783393787965
29,29_0,COMPLETED,BoTorch,0.279656349818261928952267680870,726,4,0.021703111054831011883514690908
30,30_0,COMPLETED,BoTorch,0.279656349818261928952267680870,1000,1,0.002000000000000000041633363423
31,31_0,COMPLETED,BoTorch,0.279656349818261928952267680870,1000,2,0.018208644185763012135481631049
32,32_0,COMPLETED,BoTorch,0.279656349818261928952267680870,904,4,0.002000000000000000041633363423
33,33_0,COMPLETED,BoTorch,0.279656349818261928952267680870,826,3,0.014011524148584657625815630411
34,34_0,COMPLETED,BoTorch,0.287366450049564958746373122267,899,4,0.031426589315584348149901217084
35,35_0,COMPLETED,BoTorch,0.279656349818261928952267680870,608,3,0.002000000000000000041633363423
36,36_0,COMPLETED,BoTorch,0.279656349818261928952267680870,436,4,0.002000000000000000041633363423
37,37_0,COMPLETED,BoTorch,0.279656349818261928952267680870,884,3,0.002000000000000000041633363423
38,38_0,COMPLETED,BoTorch,0.279656349818261928952267680870,696,1,0.002000000000000000041633363423
39,39_0,COMPLETED,BoTorch,0.299922898997686981914512216463,100,4,0.014256247464616362413680761279
40,40_0,COMPLETED,BoTorch,0.279656349818261928952267680870,475,4,0.025392498925328021996961069817
41,41_0,COMPLETED,BoTorch,0.279656349818261928952267680870,1000,1,0.009551141601888217189109120397
42,42_0,COMPLETED,BoTorch,0.279656349818261928952267680870,564,4,0.002000000000000000041633363423
43,43_0,COMPLETED,BoTorch,0.279656349818261928952267680870,705,2,0.008127114054511670737657169639
44,44_0,COMPLETED,BoTorch,0.279656349818261928952267680870,1000,3,0.002000000000000000041633363423
45,45_0,COMPLETED,BoTorch,0.279656349818261928952267680870,1000,4,0.016667694161320523171809782070
46,46_0,COMPLETED,BoTorch,0.279656349818261928952267680870,548,3,0.002000000000000000041633363423
47,47_0,COMPLETED,BoTorch,0.279656349818261928952267680870,742,4,0.012496500587452568156732191085
48,48_0,COMPLETED,BoTorch,0.279656349818261928952267680870,1000,4,0.002000000000000000041633363423
49,49_0,COMPLETED,BoTorch,0.279656349818261928952267680870,897,3,0.009990621740445071452541014878
50,50_0,COMPLETED,BoTorch,0.287972243639167291284763905423,1000,4,0.027185138802143439529235280361
51,51_0,COMPLETED,BoTorch,0.279656349818261928952267680870,905,2,0.010372597541904102214083138733
52,52_0,COMPLETED,BoTorch,0.279656349818261928952267680870,785,3,0.009903397250269603199757106893
53,53_0,COMPLETED,BoTorch,0.279656349818261928952267680870,604,3,0.009669240543426120895742492678
54,54_0,COMPLETED,BoTorch,0.279656349818261928952267680870,525,2,0.002000000000000000041633363423
55,55_0,COMPLETED,BoTorch,0.279656349818261928952267680870,846,1,0.012643279132101425607515032823
56,56_0,COMPLETED,BoTorch,0.279656349818261928952267680870,1000,4,0.010234041319064253461323943384
57,57_0,COMPLETED,BoTorch,0.279656349818261928952267680870,1000,3,0.007747778179203849979739260334
58,58_0,COMPLETED,BoTorch,0.279656349818261928952267680870,420,3,0.002000000000000000041633363423
59,59_0,COMPLETED,BoTorch,0.279656349818261928952267680870,606,4,0.009813078067171162113813132066
60,60_0,COMPLETED,BoTorch,0.279656349818261928952267680870,510,4,0.009221661076831890596627872014
61,61_0,COMPLETED,BoTorch,0.279656349818261928952267680870,487,3,0.005293499506974084362065369191
62,62_0,COMPLETED,BoTorch,0.279656349818261928952267680870,546,1,0.002000000000000000041633363423
63,63_0,COMPLETED,BoTorch,0.279656349818261928952267680870,744,4,0.002000000000000000041633363423
64,64_0,COMPLETED,BoTorch,0.279656349818261928952267680870,627,2,0.002000000000000000041633363423
65,65_0,COMPLETED,BoTorch,0.279656349818261928952267680870,573,2,0.002000000000000000041633363423
66,66_0,COMPLETED,BoTorch,0.279656349818261928952267680870,866,1,0.002000000000000000041633363423
67,67_0,COMPLETED,BoTorch,0.279656349818261928952267680870,582,1,0.010675862727463281826034702249
68,68_0,COMPLETED,BoTorch,0.279656349818261928952267680870,484,2,0.008163946760472788957696543832
69,69_0,COMPLETED,BoTorch,0.290780923009141933910370880767,850,4,0.036027041959330409481854218257
70,70_0,COMPLETED,BoTorch,0.279656349818261928952267680870,439,2,0.023416705294092655942339575859
71,71_0,COMPLETED,BoTorch,0.287751955061130049173812039953,100,4,0.055261269664713341676076652220
72,72_0,COMPLETED,BoTorch,0.290175129419539601371980097611,1000,4,0.052930652833244995481010164440
73,73_0,COMPLETED,BoTorch,0.296949003194184379950115726388,100,4,0.024196377910024914614783853040
74,74_0,COMPLETED,BoTorch,0.288027315783676574056926256162,683,4,0.036636433437574361660082900016
75,75_0,COMPLETED,BoTorch,0.285879502147813657764174877229,993,4,0.035866962959401796351421864983
76,76_0,COMPLETED,BoTorch,0.278995484084150202619412084459,100,1,0.051536492364097824525615010316
77,77_0,COMPLETED,BoTorch,0.279656349818261928952267680870,421,4,0.021316259633873985146479412833
78,78_0,COMPLETED,BoTorch,0.279656349818261928952267680870,391,4,0.025150843702273807667157967671
79,79_0,COMPLETED,BoTorch,0.279656349818261928952267680870,766,4,0.030183878847912168352785045045
80,80_0,COMPLETED,BoTorch,0.286815728604471908980144689849,586,4,0.070000000000000006661338147751
81,81_0,COMPLETED,BoTorch,0.279656349818261928952267680870,440,4,0.019346768609091818946765783949
82,82_0,COMPLETED,BoTorch,0.287586738627602200857324987737,609,4,0.053039206429008035892369576914
83,83_0,COMPLETED,BoTorch,0.289514263685427875039124501200,307,4,0.055806514363990658567082903119
84,84_0,COMPLETED,BoTorch,0.279656349818261928952267680870,371,4,0.029166754372271772033364811705
85,85_0,COMPLETED,BoTorch,0.279656349818261928952267680870,290,4,0.002000000000000000041633363423
86,86_0,COMPLETED,BoTorch,0.279656349818261928952267680870,420,1,0.019583940469605806700137407006
87,87_0,COMPLETED,BoTorch,0.287917171494658008512601554685,602,4,0.066631494008342312396209194958
88,88_0,COMPLETED,BoTorch,0.279656349818261928952267680870,394,4,0.022564883309090816299047332905
89,89_0,COMPLETED,BoTorch,0.279656349818261928952267680870,743,4,0.031321141441351799117320808818
90,90_0,COMPLETED,BoTorch,0.279546205529243363407942979393,100,1,0.044668509970616304682877739651
91,91_0,COMPLETED,BoTorch,0.279656349818261928952267680870,777,1,0.025738610597478055186382306374
92,92_0,COMPLETED,BoTorch,0.279656349818261928952267680870,436,4,0.014786870176411103308677930102
93,93_0,COMPLETED,BoTorch,0.298876528252010165154217702366,124,1,0.045555649496423641919840008541
94,94_0,COMPLETED,BoTorch,0.279656349818261928952267680870,315,1,0.002000000000000000041633363423
95,95_0,COMPLETED,BoTorch,0.279656349818261928952267680870,469,4,0.017928754746189365376629609727
96,96_0,COMPLETED,BoTorch,0.279656349818261928952267680870,390,4,0.022014935013095503213431669565
97,97_0,COMPLETED,BoTorch,0.279656349818261928952267680870,732,4,0.032482221346659220784225396983
98,98_0,COMPLETED,BoTorch,0.279656349818261928952267680870,352,4,0.002000000000000000041633363423
99,99_0,COMPLETED,BoTorch,0.285989646436832223308499578707,935,1,0.018447054211126710787649329859
100,100_0,COMPLETED,BoTorch,0.279656349818261928952267680870,405,1,0.009624654229520763354388535049
101,101_0,COMPLETED,BoTorch,0.279656349818261928952267680870,508,1,0.017222582755166380985567542439
102,102_0,RUNNING,BoTorch,,770,1,0.018401945179709160160808067985
103,103_0,COMPLETED,BoTorch,0.279656349818261928952267680870,347,1,0.005531533048438877844810157569
104,104_0,COMPLETED,BoTorch,0.298325806806917115387989269948,136,1,0.048177471331925778019744655012
105,105_0,COMPLETED,BoTorch,0.279656349818261928952267680870,347,1,0.024839593095059217531250794764
106,106_0,COMPLETED,BoTorch,0.279656349818261928952267680870,339,4,0.020378378132624809515593966580
107,107_0,COMPLETED,BoTorch,0.279656349818261928952267680870,244,1,0.002000000000000000041633363423
108,108_0,COMPLETED,BoTorch,0.279656349818261928952267680870,442,1,0.002000000000000000041633363423
109,109_0,COMPLETED,BoTorch,0.279656349818261928952267680870,786,4,0.018249045682134278079100653258
110,110_0,COMPLETED,BoTorch,0.279656349818261928952267680870,455,1,0.010534204746145327952211445677
111,111_0,COMPLETED,BoTorch,0.279656349818261928952267680870,740,1,0.011592416774931056308584054193
112,112_0,COMPLETED,BoTorch,0.279656349818261928952267680870,395,1,0.002000000000000000041633363423
113,113_0,COMPLETED,BoTorch,0.279656349818261928952267680870,393,2,0.011260027405519743362583007240
114,114_0,COMPLETED,BoTorch,0.279656349818261928952267680870,787,1,0.015008084147379682771195064106
115,115_0,COMPLETED,BoTorch,0.279656349818261928952267680870,367,3,0.002000000000000000041633363423
116,116_0,COMPLETED,BoTorch,0.279656349818261928952267680870,921,1,0.013538210860071155094974670874
117,117_0,COMPLETED,BoTorch,0.279656349818261928952267680870,268,1,0.002000000000000000041633363423
118,118_0,COMPLETED,BoTorch,0.279656349818261928952267680870,301,1,0.016684095938235818379347108475
119,119_0,COMPLETED,BoTorch,0.279656349818261928952267680870,764,4,0.020259807580286386119450270371
120,120_0,COMPLETED,BoTorch,0.279656349818261928952267680870,259,4,0.002000000000000000041633363423
121,121_0,COMPLETED,BoTorch,0.279656349818261928952267680870,661,4,0.002000000000000000041633363423
122,122_0,COMPLETED,BoTorch,0.287311377905055675974210771528,719,4,0.052234761075212639280795912100
123,123_0,COMPLETED,BoTorch,0.279656349818261928952267680870,751,1,0.023026475226434632570526872541
124,124_0,COMPLETED,BoTorch,0.279656349818261928952267680870,726,1,0.002000000000000000041633363423
125,125_0,COMPLETED,BoTorch,0.286485295737415990302565660386,386,1,0.042620173539675475227195278194
126,126_0,COMPLETED,BoTorch,0.288027315783676574056926256162,710,4,0.070000000000000006661338147751
127,127_0,COMPLETED,BoTorch,0.279656349818261928952267680870,933,1,0.002000000000000000041633363423
128,128_0,COMPLETED,BoTorch,0.279656349818261928952267680870,940,4,0.002000000000000000041633363423
129,129_0,COMPLETED,BoTorch,0.279656349818261928952267680870,280,1,0.010334696655185332189730296193
130,130_0,COMPLETED,BoTorch,0.279656349818261928952267680870,848,4,0.002000000000000000041633363423
131,131_0,COMPLETED,BoTorch,0.287641810772111483629487338476,720,1,0.047840402845470336723465720752
132,132_0,COMPLETED,BoTorch,0.279656349818261928952267680870,298,4,0.020911091314045553157807688649
133,133_0,COMPLETED,BoTorch,0.286099790725850899875126742700,712,1,0.066605470857860796241034506693
134,134_0,COMPLETED,BoTorch,0.279656349818261928952267680870,931,4,0.002000000000000000041633363423
135,135_0,COMPLETED,BoTorch,0.279656349818261928952267680870,318,4,0.009697794364962979141164822749
136,136_0,COMPLETED,BoTorch,0.279656349818261928952267680870,976,4,0.002000000000000000041633363423
137,137_0,COMPLETED,BoTorch,0.279656349818261928952267680870,796,1,0.002000000000000000041633363423
138,138_0,COMPLETED,BoTorch,0.289349047251900026722637448984,310,1,0.029962486804000244833279253953
139,139_0,COMPLETED,BoTorch,0.279656349818261928952267680870,479,1,0.021370115018313921850801051505
140,140_0,COMPLETED,BoTorch,0.279656349818261928952267680870,883,1,0.017790692117950694661754340586
141,141_0,COMPLETED,BoTorch,0.279656349818261928952267680870,928,4,0.007927621356924657511355825079
142,142_0,COMPLETED,BoTorch,0.279656349818261928952267680870,926,1,0.005954968514654762970494950025
143,143_0,COMPLETED,BoTorch,0.279656349818261928952267680870,800,4,0.002000000000000000041633363423
144,144_0,COMPLETED,BoTorch,0.279656349818261928952267680870,297,4,0.029001730161232343319088755607
145,145_0,COMPLETED,BoTorch,0.279656349818261928952267680870,538,1,0.010785515252928886895111837418
146,146_0,COMPLETED,BoTorch,0.279656349818261928952267680870,368,1,0.019885498621174835243152756448
147,147_0,COMPLETED,BoTorch,0.279656349818261928952267680870,328,4,0.031790444402039597093789780047
148,148_0,COMPLETED,BoTorch,0.279656349818261928952267680870,975,1,0.002000000000000000041633363423
149,149_0,COMPLETED,BoTorch,0.279656349818261928952267680870,661,1,0.007718166204744521946556901071
150,150_0,COMPLETED,BoTorch,0.279656349818261928952267680870,291,4,0.012369767412565936537394151173
151,151_0,COMPLETED,BoTorch,0.279656349818261928952267680870,469,1,0.022141249336263588154416481757
152,152_0,COMPLETED,BoTorch,0.279656349818261928952267680870,558,4,0.010358608038920066873878056413
153,153_0,COMPLETED,BoTorch,0.288578037228769734845457151096,528,1,0.070000000000000006661338147751
154,154_0,COMPLETED,BoTorch,0.290505562286595409027256664558,291,1,0.034342157273375494008771369181
155,155_0,COMPLETED,BoTorch,0.279656349818261928952267680870,280,4,0.029324892674720388907605439499
156,156_0,COMPLETED,BoTorch,0.279656349818261928952267680870,276,4,0.034565433051895001759223902127
157,157_0,COMPLETED,BoTorch,0.279656349818261928952267680870,355,1,0.017826197918220841598380133064
158,158_0,COMPLETED,BoTorch,0.279656349818261928952267680870,281,4,0.027434853385193538888309205959
159,159_0,COMPLETED,BoTorch,0.279656349818261928952267680870,358,4,0.022510636274552207891641586457
160,160_0,COMPLETED,BoTorch,0.279656349818261928952267680870,501,1,0.002000000000000000041633363423
161,161_0,COMPLETED,BoTorch,0.279656349818261928952267680870,301,1,0.008449991812437012209113795791
162,162_0,COMPLETED,BoTorch,0.279656349818261928952267680870,370,1,0.023534979612626648337592172311
163,163_0,COMPLETED,BoTorch,0.279656349818261928952267680870,340,1,0.014963198545027395214290777403
164,164_0,COMPLETED,BoTorch,0.279656349818261928952267680870,328,2,0.013080975658625367680221174282
165,165_0,COMPLETED,BoTorch,0.279656349818261928952267680870,672,4,0.013583661514192298461201069415
166,166_0,COMPLETED,BoTorch,0.279656349818261928952267680870,822,1,0.020808366239038922351767268992
167,167_0,COMPLETED,BoTorch,0.279656349818261928952267680870,800,2,0.021992186894520412976383738624
168,168_0,COMPLETED,BoTorch,0.279656349818261928952267680870,303,2,0.006650509895926076144034855275
169,169_0,COMPLETED,BoTorch,0.279656349818261928952267680870,335,2,0.016071527829707239060086365612
170,170_0,COMPLETED,BoTorch,0.279656349818261928952267680870,829,4,0.009290259496907964792411505073
171,171_0,COMPLETED,BoTorch,0.279656349818261928952267680870,776,3,0.024777253092814401080890007734
172,172_0,COMPLETED,BoTorch,0.279656349818261928952267680870,677,1,0.015449072034617736953743261097
173,173_0,COMPLETED,BoTorch,0.279656349818261928952267680870,808,2,0.020377348860620120296616164524
174,174_0,COMPLETED,BoTorch,0.279656349818261928952267680870,341,4,0.028938127515462146177593893981
175,175_0,COMPLETED,BoTorch,0.279656349818261928952267680870,511,1,0.009517547642029748275471767727
176,176_0,COMPLETED,BoTorch,0.279656349818261928952267680870,659,1,0.002000000000000000041633363423
177,177_0,COMPLETED,BoTorch,0.279656349818261928952267680870,641,4,0.007993090707909093761696084357
178,178_0,COMPLETED,BoTorch,0.279656349818261928952267680870,584,4,0.008220707151701993689596470460
179,179_0,COMPLETED,BoTorch,0.279656349818261928952267680870,214,4,0.002000000000000000041633363423
180,180_0,COMPLETED,BoTorch,0.277012886881815134643147757743,100,1,0.070000000000000006661338147751
181,181_0,COMPLETED,BoTorch,0.279656349818261928952267680870,719,1,0.027008783000060904155859020648
182,182_0,COMPLETED,BoTorch,0.279656349818261928952267680870,393,4,0.002000000000000000041633363423
183,183_0,COMPLETED,BoTorch,0.278334618350038587308858950564,100,1,0.065880080134995563923006045570
184,184_0,COMPLETED,BoTorch,0.279656349818261928952267680870,421,4,0.007729875535686713504401890162
185,185_0,COMPLETED,BoTorch,0.277563608326908295431678652676,100,1,0.058196308311339255137095705095
186,186_0,COMPLETED,BoTorch,0.289349047251900026722637448984,100,4,0.040250449091722012573413280734
187,187_0,COMPLETED,BoTorch,0.279656349818261928952267680870,725,2,0.016970866054567039504785697090
188,188_0,COMPLETED,BoTorch,0.279215772662187444730363949930,100,2,0.070000000000000006661338147751
189,189_0,COMPLETED,BoTorch,0.287256305760546282179745958274,599,1,0.017356159258756553853686455113
190,190_0,COMPLETED,BoTorch,0.280923009141975987823514060437,100,1,0.037850096018771262063040694557
191,191_0,COMPLETED,BoTorch,0.279656349818261928952267680870,1000,2,0.013841014359317874507504519954
192,192_0,COMPLETED,BoTorch,0.279656349818261928952267680870,318,4,0.039189737697284170170330952487
193,193_0,COMPLETED,BoTorch,0.279656349818261928952267680870,836,4,0.023291464365725739193990762033
194,194_0,COMPLETED,BoTorch,0.287256305760546282179745958274,946,1,0.070000000000000006661338147751
195,195_0,COMPLETED,BoTorch,0.289734552263465117150076366670,407,1,0.070000000000000006661338147751
196,196_0,COMPLETED,BoTorch,0.287807027205639442968276853207,302,1,0.070000000000000006661338147751
197,197_0,COMPLETED,BoTorch,0.286209935014869465419451444177,424,4,0.070000000000000006661338147751
198,198_0,COMPLETED,BoTorch,0.291772221610309467898503044125,942,4,0.070000000000000006661338147751
199,199_0,COMPLETED,BoTorch,0.279656349818261928952267680870,708,1,0.017516417260499950875329844280
200,200_0,COMPLETED,BoTorch,0.286705584315453232413517525856,401,1,0.063993137061508484353389292210
201,201_0,COMPLETED,BoTorch,0.289569335829937268833589314454,417,1,0.070000000000000006661338147751
202,202_0,COMPLETED,BoTorch,0.287586738627602200857324987737,972,1,0.070000000000000006661338147751
203,203_0,COMPLETED,BoTorch,0.287421522194074241518535473006,941,1,0.051628085262174827629877427171
204,204_0,COMPLETED,BoTorch,0.291662077321290902354178342648,1000,1,0.070000000000000006661338147751
205,205_0,COMPLETED,BoTorch,0.291607005176781619582015991909,965,3,0.064777525102117622379793715481
206,206_0,COMPLETED,BoTorch,0.290009912986011642033190582879,553,1,0.051797703559754625091127167025
207,207_0,COMPLETED,BoTorch,0.279656349818261928952267680870,345,4,0.039189627227657293506712932185
208,208_0,COMPLETED,BoTorch,0.291662077321290902354178342648,949,2,0.059281937100214045222035252891
209,209_0,COMPLETED,BoTorch,0.286485295737415990302565660386,535,4,0.052965435526424409218293476442
210,210_0,COMPLETED,BoTorch,0.287531666483092807062860174483,958,1,0.062468359480480323275841669783
211,211_0,COMPLETED,BoTorch,0.279656349818261928952267680870,698,4,0.021280322992214571742319861869
212,212_0,COMPLETED,BoTorch,0.289954840841502359261028232140,1000,4,0.052367305459067987893906348518
213,213_0,COMPLETED,BoTorch,0.279656349818261928952267680870,435,4,0.031661795191177191655107492352
214,214_0,COMPLETED,BoTorch,0.286760656459962515185679876595,385,4,0.053629996105913492476791049057
215,215_0,COMPLETED,BoTorch,0.291551933032272225787551178655,955,1,0.045211237296492380599577387557
216,216_0,COMPLETED,BoTorch,0.289679480118955834377914015931,548,4,0.052837943262066665306431190174
217,217_0,COMPLETED,BoTorch,0.286925872893490474524469391326,532,3,0.052601314963315437545077202230
218,218_0,COMPLETED,BoTorch,0.290560634431104691799419015297,654,1,0.070000000000000006661338147751
219,219_0,COMPLETED,BoTorch,0.291662077321290902354178342648,975,2,0.062563008611736886654952627396
220,220_0,COMPLETED,BoTorch,0.287972243639167291284763905423,898,4,0.031020764958533036947940786376
221,221_0,COMPLETED,BoTorch,0.279656349818261928952267680870,466,2,0.016322954893983540602953041798
222,222_0,COMPLETED,BoTorch,0.288192532217204533395715770894,1000,1,0.033455407544136492314912345591
223,223_0,COMPLETED,BoTorch,0.278004185482982668631279921101,100,1,0.061251386274439628687460412948
224,224_0,COMPLETED,BoTorch,0.279656349818261928952267680870,497,3,0.014459155919965683070871342863
225,225_0,COMPLETED,BoTorch,0.279656349818261928952267680870,930,4,0.015203880409340533169659792634
226,226_0,COMPLETED,BoTorch,0.279656349818261928952267680870,268,3,0.002000000000000000041633363423
227,227_0,COMPLETED,BoTorch,0.279656349818261928952267680870,725,4,0.027403669799318353117456581458
228,228_0,COMPLETED,BoTorch,0.279656349818261928952267680870,396,4,0.036118206688741952281596070407
229,229_0,COMPLETED,BoTorch,0.290780923009141933910370880767,1000,1,0.038560592764635741314105388255
230,230_0,COMPLETED,BoTorch,0.279656349818261928952267680870,418,2,0.026822622365337785155237071422
231,231_0,COMPLETED,BoTorch,0.306256195616257276270744114299,100,1,0.002000000000000000041633363423
232,232_0,COMPLETED,BoTorch,0.290230201564048884144142448349,839,1,0.028108647342234061028420910588
233,233_0,COMPLETED,BoTorch,0.279656349818261928952267680870,721,3,0.026174895459617035509136684368
234,234_0,COMPLETED,BoTorch,0.284722987113118164437253199139,152,1,0.002000000000000000041633363423
235,235_0,COMPLETED,BoTorch,0.279656349818261928952267680870,591,1,0.005487033887094552864205354581
236,236_0,COMPLETED,BoTorch,0.279656349818261928952267680870,410,4,0.041551491213006781777483666929
237,237_0,COMPLETED,BoTorch,0.279656349818261928952267680870,915,4,0.018599073912435294675393748776
238,238_0,COMPLETED,BoTorch,0.290175129419539601371980097611,380,4,0.043498777629223828178339772421
239,239_0,COMPLETED,BoTorch,0.279656349818261928952267680870,447,1,0.015765749668194037336199642141
240,240_0,COMPLETED,BoTorch,0.279656349818261928952267680870,970,4,0.012646866267227586944077444286
241,241_0,COMPLETED,BoTorch,0.298986672541028730698542403843,196,1,0.002000000000000000041633363423
242,242_0,COMPLETED,BoTorch,0.279656349818261928952267680870,321,4,0.002000000000000000041633363423
243,243_0,COMPLETED,BoTorch,0.279656349818261928952267680870,761,1,0.002000000000000000041633363423
244,244_0,COMPLETED,BoTorch,0.279656349818261928952267680870,905,4,0.015278432055362490410432840804
245,245_0,COMPLETED,BoTorch,0.279656349818261928952267680870,702,4,0.013424233069170999482766504229
246,246_0,COMPLETED,BoTorch,0.279656349818261928952267680870,411,4,0.030967336097893281843251855889
247,247_0,COMPLETED,BoTorch,0.279656349818261928952267680870,746,1,0.031893278353902460020563580656
248,248_0,COMPLETED,BoTorch,0.279656349818261928952267680870,468,4,0.002000000000000000041633363423
249,249_0,COMPLETED,BoTorch,0.285824430003304374992012526491,488,4,0.070000000000000006661338147751
250,250_0,COMPLETED,BoTorch,0.279656349818261928952267680870,899,1,0.002000000000000000041633363423
251,251_0,COMPLETED,BoTorch,0.279656349818261928952267680870,231,4,0.002000000000000000041633363423
252,252_0,COMPLETED,BoTorch,0.279656349818261928952267680870,681,2,0.007943685146221016873946396686
253,253_0,COMPLETED,BoTorch,0.279656349818261928952267680870,412,4,0.033681604174761757553024921208
254,254_0,COMPLETED,BoTorch,0.286485295737415990302565660386,114,1,0.070000000000000006661338147751
255,255_0,COMPLETED,BoTorch,0.279656349818261928952267680870,846,4,0.016862048559722120355530705638
256,256_0,COMPLETED,BoTorch,0.279656349818261928952267680870,977,4,0.014678437456792162163488058013
257,257_0,COMPLETED,BoTorch,0.279656349818261928952267680870,982,3,0.014924285841649183315116289350
258,258_0,COMPLETED,BoTorch,0.290835995153651327704835694021,153,4,0.002000000000000000041633363423
259,259_0,COMPLETED,BoTorch,0.279656349818261928952267680870,813,1,0.013043192489121741700630607852
260,260_0,COMPLETED,BoTorch,0.279656349818261928952267680870,561,1,0.010069824451222298897223872416
261,261_0,COMPLETED,BoTorch,0.279656349818261928952267680870,397,1,0.027855161772148750998212562990
262,262_0,COMPLETED,BoTorch,0.279656349818261928952267680870,471,1,0.002000000000000000041633363423
263,263_0,COMPLETED,BoTorch,0.279656349818261928952267680870,231,4,0.018532477914857375944635009546
264,264_0,COMPLETED,BoTorch,0.288412820795241775506667636364,428,4,0.051558582873067575202963297443
265,265_0,COMPLETED,BoTorch,0.286815728604471908980144689849,494,4,0.042473025077286764850104106017
266,266_0,COMPLETED,BoTorch,0.293314241656570051652863639902,165,4,0.002263560639133777117187884542
267,267_0,COMPLETED,BoTorch,0.286980945037999757296631742065,414,1,0.036275526718156272942827911265
268,268_0,COMPLETED,BoTorch,0.279656349818261928952267680870,777,4,0.002000000000000000041633363423
269,269_0,COMPLETED,BoTorch,0.289679480118955834377914015931,493,4,0.036553479894524239235398255232
270,270_0,COMPLETED,BoTorch,0.279656349818261928952267680870,258,4,0.017487905956549910230224398333
271,271_0,COMPLETED,BoTorch,0.279656349818261928952267680870,256,2,0.008337713539213500307800686073
272,272_0,COMPLETED,BoTorch,0.279656349818261928952267680870,720,4,0.002000000000000000041633363423
273,273_0,COMPLETED,BoTorch,0.279656349818261928952267680870,819,4,0.021115428025871157968751390399
274,274_0,COMPLETED,BoTorch,0.288357748650732492734505285625,257,4,0.035175846239309076224355266049
275,275_0,COMPLETED,BoTorch,0.279656349818261928952267680870,506,4,0.002000000000000000041633363423
276,276_0,COMPLETED,BoTorch,0.289128758673862784611685583513,260,4,0.041582170082006854328060541093
277,277_0,COMPLETED,BoTorch,0.290175129419539601371980097611,496,2,0.032019682938860247189971630632
278,278_0,COMPLETED,BoTorch,0.279656349818261928952267680870,630,4,0.002000000000000000041633363423
279,279_0,COMPLETED,BoTorch,0.279656349818261928952267680870,496,4,0.026502830116992739939441037222
280,280_0,COMPLETED,BoTorch,0.279656349818261928952267680870,456,4,0.029235090245046398138573096048
281,281_0,COMPLETED,BoTorch,0.287256305760546282179745958274,500,1,0.031965500401775662209225004062
282,282_0,COMPLETED,BoTorch,0.279656349818261928952267680870,394,2,0.023718795280982640782951875735
283,283_0,COMPLETED,BoTorch,0.279656349818261928952267680870,222,4,0.010333800755729595846621471367
284,284_0,COMPLETED,BoTorch,0.276296949003194236560432273109,163,2,0.014687421998613010842849035953
285,285_0,COMPLETED,BoTorch,0.279656349818261928952267680870,861,3,0.008080499292671143932165200852
286,286_0,COMPLETED,BoTorch,0.279656349818261928952267680870,427,2,0.012793358068905474542176214925
287,287_0,COMPLETED,BoTorch,0.279656349818261928952267680870,377,3,0.023634507327941652043978848496
288,288_0,COMPLETED,BoTorch,0.279656349818261928952267680870,850,2,0.002000000000000000041633363423
289,289_0,COMPLETED,BoTorch,0.279656349818261928952267680870,530,4,0.002000000000000000041633363423
290,290_0,COMPLETED,BoTorch,0.279656349818261928952267680870,453,3,0.002000000000000000041633363423
291,291_0,COMPLETED,BoTorch,0.279656349818261928952267680870,371,1,0.002000000000000000041633363423
292,292_0,COMPLETED,BoTorch,0.279215772662187444730363949930,161,2,0.012049453161752599061884438925
293,293_0,COMPLETED,BoTorch,0.276352021147703519332594623847,169,3,0.018729565588715628432492366073
294,294_0,COMPLETED,BoTorch,0.283180967066857580682892603363,194,4,0.027204501072598905042632111417
295,295_0,RUNNING,BoTorch,,157,2,0.014934132173623071784818172603
296,296_0,COMPLETED,BoTorch,0.279656349818261928952267680870,494,4,0.020111942237097439611925864256
297,297_0,RUNNING,BoTorch,,169,2,0.020425349644735919796278977856
298,298_0,COMPLETED,BoTorch,0.279105628373168879186039248452,162,1,0.016211551154121518758532971560
299,299_0,RUNNING,BoTorch,,166,2,0.012731138476481647023308418909
300,300_0,RUNNING,BoTorch,,190,4,0.034003512256229599663992502201
301,301_0,RUNNING,BoTorch,,172,3,0.025686632023076971798047907214
302,302_0,COMPLETED,BoTorch,0.277398391893380336092889137944,162,3,0.015042032898719734368420120063
303,303_0,COMPLETED,BoTorch,0.282520101332745854350037006952,160,2,0.019679515842868595953962795875
304,304_0,COMPLETED,BoTorch,0.278554906928075829419810816034,163,2,0.020271893784533930038538329654
305,305_0,COMPLETED,BoTorch,0.274534640378896299672817349347,172,3,0.016207992029838219627535522704
306,306_0,COMPLETED,BoTorch,0.283346183500385540021682118095,157,2,0.012194797287608040090023386881
307,307_0,COMPLETED,BoTorch,0.272496971032051948924390671891,175,3,0.019622216472985190560684998218
308,308_0,COMPLETED,BoTorch,0.286209935014869465419451444177,155,1,0.017049555308496236460946704483
309,309_0,COMPLETED,BoTorch,0.275250578257517308777835296496,167,3,0.014701459368054167059503001269
310,310_0,COMPLETED,BoTorch,0.287311377905055675974210771528,156,2,0.016630638911938444568505701682
311,311_0,COMPLETED,BoTorch,0.275140433968498743233510595019,172,2,0.015906752122015803407872880371
312,312_0,COMPLETED,BoTorch,0.276407093292212802104756974586,177,4,0.017237012279672562359289500478
313,313_0,COMPLETED,BoTorch,0.281583874876087714156369656848,184,4,0.016400623882014780247073915120
314,314_0,COMPLETED,BoTorch,0.273928846789293967134426566190,173,3,0.015837626389557143968822572333
315,315_0,COMPLETED,BoTorch,0.275030289679480066666883431026,172,4,0.019839744872604335446109047325
316,316_0,COMPLETED,BoTorch,0.274920145390461501122558729548,172,2,0.015476044820001089163952201488
317,317_0,COMPLETED,BoTorch,0.276572309725740761443546489318,173,4,0.017827523612431749044926476699
318,318_0,COMPLETED,BoTorch,0.269523075228549346959994181816,175,3,0.016564200466351375329310258167
319,319_0,COMPLETED,BoTorch,0.275250578257517308777835296496,172,2,0.015847902031847729831248727805
320,320_0,COMPLETED,BoTorch,0.273928846789293967134426566190,174,2,0.018209143754194426212400514942
321,321_0,COMPLETED,BoTorch,0.271450600286375132164096157794,177,1,0.028276298255084313104656956739
322,322_0,COMPLETED,BoTorch,0.272166538164996141269114104944,176,2,0.020677078609971234757214375577
323,323_0,COMPLETED,BoTorch,0.274589712523405693467282162601,175,1,0.021164917523141577038181537773
324,324_0,COMPLETED,BoTorch,0.270624518118735557514753509167,177,3,0.018251582723653389517259881814
325,325_0,COMPLETED,BoTorch,0.275470866835554550888787161966,174,3,0.018065821481402288828377322716
326,326_0,COMPLETED,BoTorch,0.272882476043617150374132052093,176,4,0.020259699135012319837212402263
327,327_0,RUNNING,BoTorch,,177,2,0.025295883900707812064201363000
328,328_0,COMPLETED,BoTorch,0.271891177442449616385999888735,180,1,0.033884766266700672154854601104
329,329_0,COMPLETED,BoTorch,0.270073796673642507748525076750,177,2,0.028367354288964641284565004753
330,330_0,COMPLETED,BoTorch,0.273102764621654392485083917563,176,2,0.023017978032247504716067965091
331,331_0,COMPLETED,BoTorch,0.271505672430884414936258508533,180,1,0.037825489079875380948880803089
332,332_0,COMPLETED,BoTorch,0.273598413922238159479149999243,179,1,0.026220326408885372138080072091
333,333_0,COMPLETED,BoTorch,0.272827403899107867601969701354,177,1,0.034636268648940392311796898639
334,334_0,COMPLETED,BoTorch,0.271505672430884414936258508533,176,2,0.031473258038310414352878296995
335,335_0,COMPLETED,BoTorch,0.272992620332635715918456753570,181,1,0.030914205550510144571152437720
336,336_0,COMPLETED,BoTorch,0.272772331754598473807504888100,179,2,0.026250558375380747544447501696
337,337_0,COMPLETED,BoTorch,0.267870910893270197661308884562,177,3,0.039162825869852875559917748660
338,338_0,COMPLETED,BoTorch,0.270128868818151790520687427488,176,2,0.030613623352180409364908797443
339,339_0,COMPLETED,BoTorch,0.266163674413481654568158774055,188,1,0.033074172182963122723631244071
340,340_0,COMPLETED,BoTorch,0.271450600286375132164096157794,179,3,0.043645293867668875920085014286
341,341_0,COMPLETED,BoTorch,0.269963652384623831181897912757,177,3,0.035817874257732647269580894545
342,342_0,COMPLETED,BoTorch,0.271781033153430939819372724742,177,4,0.041512394191101815998923285633
343,343_0,COMPLETED,BoTorch,0.270128868818151790520687427488,179,3,0.038820016123572761990168089596
344,344_0,COMPLETED,BoTorch,0.273488269633219482912522835250,175,3,0.038244435168286169957063691527
345,345_0,COMPLETED,BoTorch,0.272772331754598473807504888100,176,2,0.042108038395846147938783587961
346,346_0,COMPLETED,BoTorch,0.271836105297940333613837537996,178,2,0.048519390783643936981839317468
347,347_0,COMPLETED,BoTorch,0.271891177442449616385999888735,177,1,0.036747981697240923726344163924
348,348_0,COMPLETED,BoTorch,0.271891177442449616385999888735,181,4,0.041037854567496014068783694029
349,349_0,COMPLETED,BoTorch,0.270844806696772799625705374638,176,4,0.037500582309701518957112398311
350,350_0,COMPLETED,BoTorch,0.270844806696772799625705374638,174,3,0.041222575107731286581103091748
351,351_0,COMPLETED,BoTorch,0.272056393875977575724789403466,186,2,0.038172004739016676677643147286
352,352_0,COMPLETED,BoTorch,0.266494107280537462223435341002,190,1,0.038807012985110425629109442980
353,353_0,RUNNING,BoTorch,,184,2,0.035599144497784888929725610751
354,354_0,COMPLETED,BoTorch,0.267044828725630623011966235936,190,1,0.042076218014404302703024285393
355,355_0,COMPLETED,BoTorch,0.266769468003083987106549557211,189,1,0.036871340923637870023998885927
356,356_0,COMPLETED,BoTorch,0.268366560193853964655374966242,188,2,0.041280186831874600417169318689
357,357_0,COMPLETED,BoTorch,0.269357858795021498643507129600,186,1,0.041327302688865752422486821160
358,358_0,COMPLETED,BoTorch,0.268696993060909772310651533189,184,2,0.038624303953074354267549495034
359,359_0,COMPLETED,BoTorch,0.271450600286375132164096157794,192,2,0.040771019581129858133650145646
360,360_0,COMPLETED,BoTorch,0.267981055182288763205633586040,188,1,0.037830028897096461271143397198
361,361_0,COMPLETED,BoTorch,0.267320189448177147895080452145,185,2,0.040762546566350137122736185802
362,362_0,COMPLETED,BoTorch,0.268586848771891206766326831712,191,1,0.039316006248675899881206419195
363,363_0,COMPLETED,BoTorch,0.268421632338363247427537316980,191,1,0.039473029911967785765547489518
364,364_0,COMPLETED,BoTorch,0.279656349818261928952267680870,226,3,0.013517825051851398848734575608
365,365_0,COMPLETED,BoTorch,0.291386716598744377471064126439,150,3,0.052604891809975497241058661757
366,366_0,COMPLETED,BoTorch,0.274038991078312643701053730183,183,4,0.048333819158358604095582222726
367,367_0,COMPLETED,BoTorch,0.268586848771891206766326831712,191,1,0.039253005381964370390512897302
368,368_0,COMPLETED,BoTorch,0.268586848771891206766326831712,191,1,0.039209161085509577904240074986
369,369_0,COMPLETED,BoTorch,0.268586848771891206766326831712,191,1,0.039228314530328739495601553244
370,370_0,COMPLETED,BoTorch,0.268586848771891206766326831712,191,1,0.039332138420068385453731707457
371,371_0,COMPLETED,BoTorch,0.268421632338363247427537316980,191,1,0.039501823867151647506901213092
372,372_0,COMPLETED,BoTorch,0.268146271615816722544423100771,191,1,0.039596870645950917044775252407
373,373_0,COMPLETED,BoTorch,0.277563608326908295431678652676,165,3,0.031869653680882230328830218014
374,374_0,COMPLETED,BoTorch,0.265888313690935129685044557846,190,1,0.039643137892465346583392715729
375,375_0,RUNNING,BoTorch,,182,2,0.034089522559145379876355264059
376,376_0,COMPLETED,BoTorch,0.268146271615816722544423100771,188,1,0.039578162462622641648568588835
377,377_0,COMPLETED,BoTorch,0.265723097257407170346255043114,190,1,0.039303960179088770487965120992
378,378_0,COMPLETED,BoTorch,0.271395528141865849391933807055,178,2,0.026426640670929216203610678804
379,379_0,COMPLETED,BoTorch,0.270789734552263516853543023899,203,1,0.040621143173338869480915036547
380,380_0,COMPLETED,BoTorch,0.289404119396409309494799799722,317,3,0.055177293913886496512510859702
381,381_0,COMPLETED,BoTorch,0.276682454014759326987871190795,182,1,0.002000000000000000041633363423
382,382_0,COMPLETED,BoTorch,0.268201343760326005316585451510,192,1,0.040314579076765236220758481522
383,383_0,COMPLETED,BoTorch,0.268091199471307439772260750033,191,1,0.040182380832322776853526846708
384,384_0,COMPLETED,BoTorch,0.268311488049344681883212615503,191,1,0.040433881525531054079714010641
385,385_0,COMPLETED,BoTorch,0.273543341777728876706987648504,172,1,0.023187126721641970750198424867
386,386_0,COMPLETED,BoTorch,0.268036127326798157000098399294,191,1,0.040237728372775470597755287372
387,387_0,COMPLETED,BoTorch,0.267320189448177147895080452145,184,2,0.039598244445817748493610110927
388,388_0,COMPLETED,BoTorch,0.269633219517568023526621345809,176,3,0.029115120820980285032408829693
389,389_0,COMPLETED,BoTorch,0.267981055182288763205633586040,191,1,0.039954511609486299816840215726
390,390_0,COMPLETED,BoTorch,0.267981055182288763205633586040,191,1,0.040016054236621460826750507067
391,391_0,COMPLETED,BoTorch,0.297004075338693662722278077126,129,1,0.047237095065400726279225551707
392,392_0,COMPLETED,BoTorch,0.268091199471307439772260750033,191,1,0.040231524648860914061820892584
393,393_0,COMPLETED,BoTorch,0.272992620332635715918456753570,172,4,0.027347323193552340592216154391
394,394_0,COMPLETED,BoTorch,0.268036127326798157000098399294,191,1,0.039847850063241686824344611750
395,395_0,COMPLETED,BoTorch,0.271010023130300647942192426854,181,2,0.032820189318223273733376998962
396,396_0,COMPLETED,BoTorch,0.270844806696772799625705374638,181,3,0.035258429604458581263504157732
397,397_0,COMPLETED,BoTorch,0.272001321731468181930324590212,169,2,0.020425909651223969620836840022
398,398_0,COMPLETED,BoTorch,0.279656349818261928952267680870,285,4,0.031956100403417744826306545747
399,399_0,COMPLETED,BoTorch,0.266989756581121229217501422681,189,1,0.038429789046943288455260301362
400,400_0,COMPLETED,BoTorch,0.270073796673642507748525076750,172,4,0.045119261925883787089919252367
401,401_0,COMPLETED,BoTorch,0.295131622425377271312640914402,143,4,0.055176173235033487696199472339
402,402_0,COMPLETED,BoTorch,0.266824540147593380901014370465,182,1,0.064696512530347513592055008758
403,403_0,COMPLETED,BoTorch,0.270239013107170356065012128965,172,4,0.045090974188437424330366809500
404,404_0,COMPLETED,BoTorch,0.287862099350148725740439203946,161,1,0.052618324990871920276980233666
405,405_0,COMPLETED,BoTorch,0.271670888864412374275048023264,172,4,0.045254113619164197668265359198
406,406_0,COMPLETED,BoTorch,0.271065095274810041736657240108,172,4,0.048588218458016342593541736505
407,407_0,COMPLETED,BoTorch,0.269798435951095982865410860541,181,4,0.061938294572247233615858164057
408,408_0,COMPLETED,BoTorch,0.271781033153430939819372724742,175,3,0.056860824771946240352438195487
409,409_0,COMPLETED,BoTorch,0.269688291662077306298783696548,180,1,0.059420631317170014007444933668
410,410_0,COMPLETED,BoTorch,0.270459301685207598175963994436,189,1,0.060390205566937547876360525834
411,411_0,COMPLETED,BoTorch,0.269578147373058740754458995070,183,2,0.070000000000000006661338147751
412,412_0,COMPLETED,BoTorch,0.268531776627381923994164480973,186,1,0.068987470776403950201149939403
413,413_0,COMPLETED,BoTorch,0.269412930939530781415669480339,185,2,0.063411298505398727698434413469
414,414_0,COMPLETED,BoTorch,0.268366560193853964655374966242,191,1,0.052457616718961867785520070129
415,415_0,COMPLETED,BoTorch,0.267705694459742238322519369831,183,1,0.070000000000000006661338147751
416,416_0,COMPLETED,BoTorch,0.270459301685207598175963994436,179,2,0.070000000000000006661338147751
417,417_0,COMPLETED,BoTorch,0.267210045159158471328453288152,192,1,0.046474430434734120831663517492
418,418_0,COMPLETED,BoTorch,0.273157836766163675257246268302,188,1,0.066246124267845193922532587294
419,419_0,COMPLETED,BoTorch,0.269302786650512215871344778861,186,1,0.060229020366945267006553166311
420,420_0,COMPLETED,BoTorch,0.269082498072474973760392913391,186,2,0.064128385253653066855328290785
421,421_0,COMPLETED,BoTorch,0.268696993060909772310651533189,181,1,0.070000000000000006661338147751
422,422_0,COMPLETED,BoTorch,0.270844806696772799625705374638,175,4,0.070000000000000006661338147751
423,423_0,COMPLETED,BoTorch,0.268641920916400489538489182451,178,2,0.069770888753289989070438537055
424,424_0,COMPLETED,BoTorch,0.267154973014649188556290937413,191,1,0.043081364080792203252734395846
425,425_0,COMPLETED,BoTorch,0.270459301685207598175963994436,181,4,0.070000000000000006661338147751
426,426_0,COMPLETED,BoTorch,0.270679590263244840286915859906,180,4,0.060337352464674233465391495201
427,427_0,COMPLETED,BoTorch,0.286540367881925273074728011125,750,1,0.070000000000000006661338147751
428,428_0,COMPLETED,BoTorch,0.266549179425046856017900154256,191,1,0.043853014050310640259411343322
429,429_0,COMPLETED,BoTorch,0.286705584315453232413517525856,736,1,0.056264391980682490479459545440
430,430_0,COMPLETED,BoTorch,0.269357858795021498643507129600,179,1,0.070000000000000006661338147751
431,431_0,COMPLETED,BoTorch,0.272441898887542666152228321153,181,2,0.066180236315984214412466712929
432,432_0,COMPLETED,BoTorch,0.268862209494437731649441047921,182,2,0.062872314691078762249887290636
433,433_0,COMPLETED,BoTorch,0.280592576274920180168237493490,106,1,0.065621580011945429555808573241
434,434_0,COMPLETED,BoTorch,0.270899878841282082397867725376,179,2,0.065395627863610930607940474601
435,435_0,COMPLETED,BoTorch,0.266549179425046856017900154256,191,1,0.043796161093683720622049548865
436,436_0,COMPLETED,BoTorch,0.266549179425046856017900154256,191,1,0.043826545058890914452476295082
437,437_0,COMPLETED,BoTorch,0.271560744575393808730723321787,180,3,0.066286756798987933603228839274
438,438_0,COMPLETED,BoTorch,0.266053530124463089023834072577,191,1,0.044227020807766685706052811611
439,439_0,COMPLETED,BoTorch,0.266108602268972371795996423316,191,1,0.044327921544894545446968692204
440,440_0,COMPLETED,BoTorch,0.266383962991518896679110639525,191,1,0.044207122194990761121502487185
441,441_0,COMPLETED,BoTorch,0.266108602268972371795996423316,191,1,0.044352469749228157214204770753
442,442_0,COMPLETED,BoTorch,0.272001321731468181930324590212,183,2,0.012726157885068554997953782504
443,443_0,COMPLETED,BoTorch,0.265943385835444412457206908584,191,1,0.044437814631024703804218489722
444,444_0,COMPLETED,BoTorch,0.266383962991518896679110639525,191,1,0.044204709537704486854714502897
445,445_0,COMPLETED,BoTorch,0.268752065205419055082813883928,191,1,0.045315042490568620270341426703
446,446_0,COMPLETED,BoTorch,0.268752065205419055082813883928,191,1,0.045325735258808133587571376211
447,447_0,COMPLETED,BoTorch,0.268752065205419055082813883928,191,1,0.045298232897425495802057326955
448,448_0,COMPLETED,BoTorch,0.268752065205419055082813883928,191,1,0.045322054976998080166872284735
449,449_0,COMPLETED,BoTorch,0.268752065205419055082813883928,191,1,0.045347144044141994567720388432
450,450_0,COMPLETED,BoTorch,0.272937548188126433146294402832,210,1,0.066247462692500078129675955552
451,451_0,COMPLETED,BoTorch,0.268752065205419055082813883928,191,1,0.045335046847855962892648307161
452,452_0,COMPLETED,BoTorch,0.268752065205419055082813883928,191,1,0.045302927758385132250840143797
453,453_0,COMPLETED,BoTorch,0.269137570216984256532555264130,191,1,0.045606459780624587774244815819
454,454_0,COMPLETED,BoTorch,0.271065095274810041736657240108,186,2,0.052428746985923507795135378728
455,455_0,COMPLETED,BoTorch,0.268421632338363247427537316980,182,2,0.034049712631858443379062606482
456,456_0,COMPLETED,BoTorch,0.294140323824209737324508751044,155,1,0.070000000000000006661338147751
457,457_0,COMPLETED,BoTorch,0.266053530124463089023834072577,191,1,0.044587364811246553431001160561
458,458_0,COMPLETED,BoTorch,0.268972353783456297193765749398,182,2,0.049450938401479842265739961249
459,459_0,COMPLETED,BoTorch,0.268476704482872530199699667719,192,1,0.044400222471499092846691780778
460,460_0,COMPLETED,BoTorch,0.267705694459742238322519369831,193,1,0.044795347344806307754438989832
461,461_0,COMPLETED,BoTorch,0.266824540147593380901014370465,199,1,0.070000000000000006661338147751
462,456_0,COMPLETED,BoTorch,0.294140323824209737324508751044,155,1,0.070000000000000006661338147751
463,463_0,COMPLETED,BoTorch,0.268641920916400489538489182451,192,1,0.044078950725947974031981857479
464,464_0,COMPLETED,BoTorch,0.268807137349928448877278697182,218,1,0.060345959968902400383239381654
465,465_0,COMPLETED,BoTorch,0.275140433968498743233510595019,174,4,0.013537888485419233980389108751
466,466_0,COMPLETED,BoTorch,0.268752065205419055082813883928,218,1,0.060247723944732385625844273136
467,467_0,COMPLETED,BoTorch,0.295737416014979603851031697559,142,4,0.046643478410653048393808006722
468,468_0,COMPLETED,BoTorch,0.269302786650512215871344778861,195,3,0.070000000000000006661338147751
469,469_0,COMPLETED,BoTorch,0.284722987113118164437253199139,213,3,0.063488244955743775022050101597
470,470_0,COMPLETED,BoTorch,0.269192642361493539304717614868,200,1,0.057673942399209025821971152936
471,471_0,COMPLETED,BoTorch,0.268752065205419055082813883928,200,1,0.062831084226523004065967370479
472,472_0,COMPLETED,BoTorch,0.268146271615816722544423100771,199,1,0.053401405458704462314578620408
473,473_0,COMPLETED,BoTorch,0.280647648419429462940399844229,214,2,0.067631020846018463643645191041
474,474_0,COMPLETED,BoTorch,0.268201343760326005316585451510,199,1,0.063529220175546893822904337412
475,475_0,COMPLETED,BoTorch,0.269688291662077306298783696548,209,1,0.055128036151389732399952237074
476,476_0,COMPLETED,BoTorch,0.267815838748760914889146533824,212,1,0.055168137353005165801622666777
477,477_0,COMPLETED,BoTorch,0.267815838748760914889146533824,212,1,0.055160849876058591634286898397
478,478_0,COMPLETED,BoTorch,0.266879612292102663673176721204,222,1,0.067761168909431152007627474632
479,479_0,COMPLETED,BoTorch,0.267925983037779480433471235301,212,1,0.054653163399373531905478529325
480,480_0,COMPLETED,BoTorch,0.268752065205419055082813883928,213,1,0.054899910524051770410736139638
481,481_0,COMPLETED,BoTorch,0.268752065205419055082813883928,213,1,0.054874339079555030374013568917
482,482_0,COMPLETED,BoTorch,0.269963652384623831181897912757,193,2,0.070000000000000006661338147751
483,483_0,COMPLETED,BoTorch,0.268091199471307439772260750033,214,1,0.055694005477570585060931307453
484,484_0,COMPLETED,BoTorch,0.266659323714065421562224855734,198,1,0.070000000000000006661338147751
485,485_0,COMPLETED,BoTorch,0.286044718581341506080661929445,344,4,0.059530899242833869300373095257
486,486_0,COMPLETED,BoTorch,0.268091199471307439772260750033,214,1,0.055711880720697146140985012153
487,487_0,COMPLETED,BoTorch,0.269137570216984256532555264130,189,4,0.070000000000000006661338147751
488,488_0,COMPLETED,BoTorch,0.269137570216984256532555264130,220,1,0.063071873432338720899537065634
489,489_0,COMPLETED,BoTorch,0.269908580240114548409735562018,188,3,0.070000000000000006661338147751
490,490_0,COMPLETED,BoTorch,0.267485405881704996211567504361,189,3,0.065880375081519393365425685261
491,491_0,COMPLETED,BoTorch,0.268972353783456297193765749398,220,1,0.062976558202193402835611379942
492,492_0,COMPLETED,BoTorch,0.269578147373058740754458995070,200,1,0.070000000000000006661338147751
493,493_0,COMPLETED,BoTorch,0.269192642361493539304717614868,187,4,0.070000000000000006661338147751
494,494_0,COMPLETED,BoTorch,0.268862209494437731649441047921,220,1,0.062879306444814583865188239997
495,495_0,COMPLETED,BoTorch,0.265502808679369928235303177644,197,2,0.062247172405158542052294734503
496,496_0,COMPLETED,BoTorch,0.278114329772001345197907085094,208,3,0.068517613505915744842589276686
497,497_0,COMPLETED,BoTorch,0.268201343760326005316585451510,185,4,0.070000000000000006661338147751
498,498_0,COMPLETED,BoTorch,0.287641810772111483629487338476,902,1,0.070000000000000006661338147751
499,499_0,COMPLETED,BoTorch,0.274810001101442935578234028071,195,3,0.044594551928669907969737806752
500,500_0,COMPLETED,BoTorch,0.267981055182288763205633586040,188,1,0.042270254411103047598174953237
501,501_0,RUNNING,BoTorch,,193,1,0.044423205599560117162738492880
502,502_0,RUNNING,BoTorch,,885,1,0.064706386131606605238708596062
